temperature,humidity,lst,ndvi,ndwi,ndbi,built_up,vegetation,temperature_anomaly,built_vegetation_ratio,cooling_potential,heat_pressure
42.78791153741493,79.18330942383136,47.6861458875268,0.6869931604330948,0.0417109681472006,0.5627586092814254,15.516438760764805,64.88195909499319,7.787911537414928,0.235518781983883,0.5091927479432522,19.75253586228179
35.35249213551013,60.51048260224268,35.604011251541465,0.397216778167007,0.1222530301274306,0.3325626883482103,87.00249205494504,57.13915695438455,0.3524921355101327,1.4964525908624096,0.2880034838834883,30.34051327588048
32.49804381080649,53.83244204480797,31.660543977816417,0.0675306630200071,0.0595394698424687,0.0842837743176841,35.5999248947755,39.92929692183445,-2.501956189193507,0.8697907751204027,0.1227803138699694,18.743670169846027
34.16932213752488,61.28528514049068,34.60267480624116,0.8318463263932029,0.6788065429585839,0.5129362404410654,17.51374220747446,72.97380827023726,-0.8306778624751203,0.2367559899511212,0.7852360165160224,12.240834032399976
38.79083424006926,58.348583711937394,40.60413875043283,0.422007614021142,0.0167623856893384,0.3243883244306728,87.78679973441616,32.79007852164907,3.790834240069259,2.5980052007920538,0.2704464843850706,31.94013695268562
33.44194228149791,66.38392884680148,36.45521247836519,0.7276486615871196,0.3099586955806162,0.4199729377080707,17.906479787327374,24.612440167599573,-1.5580577185020914,0.6991321275971023,0.6116703258391292,13.528479037534144
33.698011212829954,45.7989600468859,30.266637800966908,0.105206074090253,0.6203272404905416,0.1433836466796655,50.81559879726047,85.17164722394331,-1.3019887871700462,0.5897020706265558,0.2984062178040538,19.85903750930879
36.00992545779398,54.44444804427382,37.37513807349914,0.6513975939166723,0.6653729746680862,0.5417605454730018,26.43383485702444,21.47207605198516,1.0099254577939831,1.1762969649922173,0.6640166138934047,16.449900872329827
31.48272308794189,50.37948573721389,32.39447380674461,0.6614827091491419,0.0688969323709581,0.2134192306978781,94.01149817133354,21.679913943467728,-3.517276912058108,4.145143513580692,0.423547207029439,27.183388118296502
40.93076393578205,38.9829561763121,41.03527355315065,0.1105597818478299,0.4166608129035811,0.6532206419788458,58.34908259687919,47.84595677861607,5.930763935782053,1.1945529670210786,0.2329850303828931,31.2483394932585
36.94601110104826,60.98834683907919,35.84245717591253,0.14833654277231,0.3382266043195679,0.8443622986081882,13.39557772931802,79.9452624192797,1.9460111010482637,0.1654893359901867,0.2770743292299384,23.361091071442683
43.00942820838412,52.49317429320383,44.66815340893474,0.6138968080347054,0.1570229911974683,0.6138141030784017,91.63117584288108,84.4598734377231,8.009428208384115,1.0722128661898285,0.4238138063371826,35.66287031374304
34.292311998776164,62.41045279424108,37.7041845904549,0.5536461575133893,0.0988564803612046,0.2188368717825887,32.79217451701327,50.34581774330654,-0.7076880012238362,0.6386532722285463,0.4290524640993817,16.64957641710023
36.74928361090731,59.63249518898446,36.59099502920074,0.2820364255699495,0.370958410851163,0.7433835735322027,51.24970389524581,34.37771435656711,1.7492836109073124,1.4486437246540886,0.3292596747020728,28.43441946598882
32.36654124322983,62.69628130145939,32.93960298684932,0.2895066989642786,0.2144908145457254,0.7257598063891998,10.77334540886596,47.516824519436746,-2.6334587567701675,0.2220538033059018,0.3272779183334188,19.31120178180791
38.03020156289106,45.64346558956292,37.96324672246684,0.7077439094531386,0.2382880892799817,0.7609758635993893,67.47663844030583,26.35132039137972,3.030201562891058,2.467034039847392,0.5286561340155719,29.81857676276696
38.33464842114779,68.55902261629294,37.86346640852745,0.7866132867706859,0.0942033869728754,0.157198024019099,40.74161707157864,16.268796586181,3.33464842114779,2.359262086866046,0.5594873710826954,17.159809076311674
43.78582547316015,40.38206042994038,45.7800871126926,0.215001691068922,0.3162176331870106,0.5172596668888144,66.39667933594035,8.729892511343206,8.785825473160152,6.823988986366955,0.257469625261516,31.876519769952328
37.78338102039073,51.64801026442222,40.27490830011386,0.3169027166694925,0.0887768157852931,0.8489357169528525,81.7128450215231,69.46270558514301,2.783381020390728,1.1596609063327277,0.2350618297157603,37.35779436940437
31.87828259001487,65.08860551804096,34.93668956492686,0.3197652604526016,0.1133461046425495,0.7835156798160657,44.02803881491445,32.256334152596736,-3.1217174099851306,1.3238993393827394,0.2818349488494114,26.79198269058165
34.76431261091365,20.0,33.784196829307696,0.720523979990914,0.4684533209474066,0.0583534196843196,70.68642556850557,38.85126996339009,-0.2356873890863511,1.773755908743752,0.6021639587102648,19.288015818906
31.6586225651596,53.75341641056958,30.150980655167345,0.586925978703751,0.5700707454881329,0.483891111644475,14.480332137542314,53.74679993073302,-3.3413774348404037,0.2644964117695131,0.6086964787311481,12.772924653151463
40.7251204764648,44.92564948092922,43.89062595521416,0.3040694362088933,0.1950501441805254,0.3646973578318901,65.71834760691956,73.60409672715859,5.725120476464795,0.880894622278775,0.275238357372574,28.70040716857589
37.05200756751163,29.605647787069216,37.94048957287384,0.3684042343636022,0.2607562520874261,0.2366896893053836,21.077236819648547,55.66543414355058,2.0520075675116303,0.3719593282609212,0.3781921794247406,16.075458110711928
31.593261577534665,65.16812979296361,32.143717492538194,0.6930516361547574,0.4169758769130706,0.0730406544857981,36.47854541618881,59.34784582359833,-3.4067384224653345,0.6044713762081677,0.6044451993505868,11.983592160721338
42.4225514352198,43.0121199002462,43.39934397412969,0.248706886994566,2.150319176769111e-05,0.2215257060145883,55.91846767618258,13.836546952553114,7.422551435219802,3.7689677965505295,0.1933121154780873,26.93524869432772
43.514462182285165,51.2696331072468,46.43865463554364,0.4871442528622778,0.5721137185492657,0.5180613903510797,22.160265981489204,76.61543320990314,8.514462182285165,0.2855136545016632,0.5417604013006572,19.62373185027273
40.25010328957679,49.56338587895301,43.18579440164132,0.2474590953615217,0.2621837703657069,0.4632476059891505,79.80705073169187,26.064057647087083,5.250103289576792,2.9488206008267035,0.2473235375949332,32.67267930551469
39.98501426410888,38.09848796635292,41.20674537266368,0.1838856257894248,0.0417321277412613,0.2348349923846505,26.25558097147032,89.90689947986152,4.985014264108884,0.2888183528609583,0.1965954328245629,20.59350575941331
33.79089092311352,52.90615557767239,34.749814442507905,0.3449657366918361,0.278505992112199,0.6598452420201254,67.39462119277319,78.52457297766098,-1.2091090768864774,0.8474691365108595,0.3231366184559882,29.57402860114617
36.89394449820313,58.26149309769584,36.48521114354711,0.5758827857361029,0.6374240020500952,0.6623263987984789,63.409504991702775,30.175025072514877,1.8939444982031333,2.033984089642548,0.5733473670649875,26.367620654421387
37.90983973841652,50.53654744960012,39.922545323026895,0.4442916675579572,0.0463156321841083,0.5126187364629632,22.462237358586595,51.19617642955623,2.9098397384165158,0.4303425824476156,0.3580074528314202,20.60485991834492
40.937289593906335,54.50155014033309,40.54966266318839,0.2447173465748243,0.6718537142833951,0.428690142319187,57.366405832064906,13.052807756244253,5.937289593906336,4.082202420123096,0.3910201163978483,25.965310632541875
35.89979321139342,72.94947229968477,34.20857794459552,0.1046825602479668,0.2081010429969285,0.5257829621336237,56.43104601112233,35.294402547221495,0.8997932113934226,1.554814022291776,0.1688088030367363,28.597799436038077
36.60329654488247,49.85211586753884,37.42241576217226,0.5354775644321113,0.4864671835401333,0.689028439048893,35.40872275835832,38.76975990040199,1.6032965448824683,0.8903428848208967,0.5318179709629485,22.057336179550187
37.8116920834052,52.98536887794178,38.988075028236,0.2431971882054942,0.2674976323827984,0.3228474887947631,53.52752901938644,19.9357958961302,2.811692083405198,2.5567467931458263,0.2726400736187496,24.813724569548445
38.35398562997766,58.00853795846415,38.56048800867297,0.8111925681414297,0.2070768682475752,0.341784165704781,22.85746417932745,32.583065179360524,3.3539856299776574,0.680624715381108,0.6259811371798029,15.148361275368837
28.899429653369573,80.1655122111466,30.13657050123475,0.7330279373637336,0.5606864902823554,0.4047855649797757,11.437587993336622,66.98542117329328,-6.100570346630427,0.1682358922831775,0.6965851215096102,9.160995557954095
36.116143304681344,45.37777607165572,34.95025498407071,0.2551704488134128,0.2985498230693028,0.1736881603692552,66.89181039089763,72.06845135717401,1.1161433046813445,0.9154677449494084,0.2757754058179408,24.783586757986583
39.83601503035405,64.67823378925085,40.150187221375255,0.1036132302009679,0.3301546435254167,0.8385838731140962,76.54213252886589,89.61610691232369,4.836015030354048,0.8446857312345676,0.1846721986493398,37.30545773618895
34.69672703742128,61.66904002330211,37.24049769161324,0.3736219084590957,0.6269829609866315,0.3237574049163702,56.48781867241556,11.675580637387888,-0.3032729625787169,4.45642848942155,0.4557802146990313,21.55130664065881
37.99288234520135,65.39658410894717,38.526476070674704,0.4854031728909581,0.4435981198358703,0.0636239329868546,16.58610825721603,18.78558665466958,2.9928823452013447,0.8382924674766495,0.5077352314281199,11.55151523873782
39.29033112542464,43.82646032790326,38.20566091063563,0.4376303960640086,0.4545651741656356,0.0919126390433509,52.73659255696785,26.46981056820156,4.290331125424636,1.9198018284849243,0.446211197331128,19.892788552025834
33.98505534257004,67.80123338170462,34.91814554429554,0.8293555550530857,0.0552575820625888,0.8963742842436246,35.81747892913344,42.21142557046769,-1.0149446574299574,0.8288890832986647,0.5783731287214946,23.766489135560427
37.4811825268476,50.15980241736796,40.070530885782695,0.6331848493246531,0.6485246585693294,0.3534350650483642,36.25800644172011,50.96507866054615,2.481182526847597,0.6977379304776953,0.6382103007238706,16.796443823063687
37.18959468526565,31.07945399099807,39.40245119560083,0.5200686968875214,0.5229547869903202,0.2538469593756017,31.949279127098556,46.15568235742073,2.1895946852656536,0.6775276600799904,0.5369783751025103,16.0640117958497
35.39511811245666,52.62205640459545,33.68121654057427,0.8234763998394282,0.6848483509397996,0.2161393003131398,45.60850810739809,23.30553904264172,0.3951181124566574,1.876465608410592,0.7539318370781988,14.61141946125899
34.97222729851548,72.85969412179512,34.384027076143745,0.6048944459790362,0.3719058128456523,0.0973797255493254,59.83001739636474,81.56461380831226,-0.0277727014845226,0.7246447919597887,0.5146783940447527,19.0272921940489
39.44148106173386,43.66382260760733,41.41480395058962,0.2423191303148055,0.0814509396151471,0.3743740242427647,91.57838632426738,84.17668288810872,4.44148106173386,1.0751579331231786,0.17824837374916,34.57522276405811
37.18574619262459,61.715753887154165,39.00261979381504,0.3484980947379068,0.5629158954887189,0.3994726860079889,37.22539311222312,56.34042480785751,2.185746192624592,0.6491998138653835,0.4407482323771367,20.0251831769852
38.89533168364715,88.78653708016463,40.14037221602085,0.6957244298919061,0.619398582387203,0.4088633987985763,32.58327301363239,74.52689701967806,3.89533168364715,0.4314128383315287,0.6706709596376721,16.925887040859873
39.727565958505245,54.603913645616096,40.31363878096104,0.6553841336548544,0.3325629110067376,0.62534143445344,84.9390046799099,21.443014381014684,4.727565958505245,3.78465224135679,0.508060348815024,32.13102139468172
37.61490042378211,63.28734931625722,39.72651109480554,0.6750574845978441,0.148713094036831,0.0957559461721902,68.8010993270685,89.5379618181846,2.6149004237821103,0.7599143822701977,0.4808473196426873,22.31588773622183
47.24033815307518,56.13150458352389,47.16924047610191,0.6281902017910437,0.1939484747993797,0.3354439099453043,40.750306513418096,87.18357177493846,12.24033815307518,0.4621076884640233,0.494348357001022,23.19605964314651
36.25251342335456,47.75408422474841,39.45428909085053,0.7074647572682874,0.4001253546380606,0.7753196086665982,90.32645301112198,21.754013300010435,1.2525134233545645,3.9696932501608657,0.5541900077412687,33.13855295602851
35.29247572021032,70.44941226371742,37.51944803689111,0.2813499570367598,0.4707550838715543,0.7551309567141133,27.860010954918238,39.81267881731328,0.2924757202103194,0.6826312744533605,0.3821764884286039,22.899605554850204
37.232834873784,58.35871201096992,36.91778924535506,0.5126387195362885,0.4644665157394165,0.2113940297315319,67.31495376450209,62.72959446072939,2.2328348737840003,1.0562589380037877,0.4796082326790959,22.96978535514972
37.18792237505897,65.784299659976,37.84133306979762,0.6077675055277094,0.5844630439860826,0.0935739402995984,23.57163969620781,45.27072986372595,2.187922375058968,0.5094287417905387,0.6164277768162426,11.419203512868949
29.51683231589658,31.56181214670186,30.781558591391008,0.640978520581253,0.6420876466043764,0.4373021170238958,66.00665355886287,73.37182520170455,-5.483167684103421,0.8875223026979044,0.6112067527712018,20.980721347753796
42.31661012052973,59.28331112286485,43.31995755377333,0.0999152548786217,0.6590319662542458,0.4443876048243236,68.06992287538453,84.08813104632765,7.316610120529724,0.7999931604834842,0.2895888199280623,29.935118934705464
36.052725573039965,59.18491243335703,36.6826389368683,0.8163472968454163,0.2099594488439158,0.8933152935567954,72.68167252130539,81.98932720409807,1.0527255730399645,0.8757954181572918,0.580114540239119,31.148827653724805
33.69107622579071,57.750398796687335,31.77128829625241,0.2309002649997375,0.2159277970426388,0.2249252204410084,76.12872258352964,73.16268599107076,-1.3089237742092903,1.0265097813838024,0.2271897755291045,27.017795478534055
43.15214626586388,62.15561240834682,44.75135032476715,0.3006783340681144,0.1225861980912472,0.7798934030578878,26.3619178040453,66.66479431826383,8.152146265863877,0.3895957723606024,0.2908209420641975,27.25628379611792
33.40634131460657,61.89958214408675,33.729387018091074,0.8117774285580757,0.1196554816945938,0.697848399104398,30.314802817981864,47.32563036949243,-1.5936586853934287,0.6273027912144804,0.5926482988252416,19.79167688985511
42.08622037997664,48.52569530922928,44.14272469475775,0.3334170617737725,0.4486758696691303,0.8016919137755945,93.804404333118,14.351506295841206,7.086220379976638,6.110436495637569,0.3408485936318846,38.76819961016142
34.09145129670053,45.82346363642072,37.40555584762019,0.6755679817263673,0.5667725253861224,0.0967213608138487,16.92528130560006,10.780869715955744,-0.9085487032994736,1.4366750260107573,0.658447265346057,8.625458735259938
36.03505576857468,28.40451297689678,38.70400722637963,0.2073228679623669,0.1829331125197686,0.5339092367503717,28.851256814351444,23.09225731326038,1.0350557685746793,1.1975323208287216,0.2504223977189993,22.58679926893448
40.30166539595212,75.8531132352597,42.61265002246245,0.7434162836048002,0.5702697032969924,0.5816184326416045,48.70856694607497,11.112070971897875,5.301665395952121,4.021489558564127,0.6684221142059029,22.690556042297327
33.42157079112199,68.42557471114173,35.33250431377453,0.3562390115491102,0.4379555525990935,0.8808380787062662,48.94740844643836,85.39085094571918,-1.5784292088780134,0.5665809273853876,0.3961826642627558,27.6359371003949
37.08401536653104,35.32245651474761,36.83260835192909,0.5152978343913548,0.1787354616342709,0.3345706856070772,45.92836267088119,11.605555563296669,2.084015366531034,3.643501664028981,0.4168709764542129,21.58880041644405
38.89295049829418,40.26268909692536,35.0614259643156,0.8041794552752898,0.1726610310637845,0.4159554477760814,67.55556239601793,18.68367669342685,3.892950498294177,3.432060150560051,0.5667504200882912,25.428437180923968
40.34276844826056,54.58727642424046,39.75395088570121,0.5163408454434105,0.5946124843580148,0.5402867316925175,70.29017080696528,31.337004924028797,5.342768448260564,2.1736759780969845,0.5178980817664856,28.085968501825068
33.554863194686945,57.76826954795556,33.828963027260095,0.8265412363277953,0.2026076651336415,0.5529594235585404,20.80439172369704,38.55861904465176,-1.445136805313055,0.5259129925696874,0.6359026496130726,15.60497565923492
37.2701128187517,54.63468111608525,38.75160916428074,0.3740821556220531,0.2197128477057293,0.4750495203124237,92.92616312831544,52.77942502297451,2.2701128187516986,1.7279129162987057,0.2974369845566352,33.663710710437435
34.9860973835352,59.93143615455221,35.00826450973813,0.0964735616642798,0.2658260660435222,0.8672041266957421,24.152801499208785,26.522098886448017,-0.0139026164647972,0.8775784724435284,0.2134791553124157,25.863063925076144
47.88067666635848,38.44616024176344,49.0296473887855,0.2325882907949593,0.0646523696779649,0.7672974995462897,18.296853239264287,12.62457811626189,12.880676666358475,1.3429298935447922,0.2406518321411007,27.94115219605492
31.405729704723434,42.72701674866539,31.041195022110934,0.2142663509654398,0.6541031271274089,0.2179225198267065,53.64901867305045,79.65145975724946,-3.5942702952765657,0.6651958790891958,0.3711417300444361,19.56832736121928
34.352854140926446,63.534746187779135,35.230012571567705,0.8185015804105598,0.4038001667928901,0.7945191862499105,32.91855074521054,84.79114066811836,-0.6471458590735537,0.383705712371344,0.6793224475389923,20.380936239446594
37.469309533235126,41.52298027313444,42.14786440253821,0.7845912693403496,0.6569375107499081,0.341202420389462,83.42211795202527,71.40970502948383,2.4693095332351263,1.1520847643013792,0.6844138968771569,24.894590108103465
38.40822158605719,73.92882251070988,39.30154114981168,0.6399408686165418,0.2933696310419597,0.5869640555775965,76.34004676231316,61.84402662823417,3.408221586057188,1.2147542234032405,0.4956353637201997,29.781532932468743
36.44694279531526,68.86950524369153,34.81551551608151,0.1028078753121932,0.3943858551386978,0.7288574133031411,21.53122470863211,42.57562811503638,1.446942795315259,0.4941116316623433,0.2584692570202932,23.43040424584109
39.48723984886878,43.86294121452927,41.04621212858886,0.6632120396260677,0.4705754811059362,0.3942232992697602,56.38872278125204,46.000277729534005,4.487239848868782,1.199752969668486,0.5827111453261695,22.69910204150129
28.15545876396846,54.46537776553775,26.08124703546394,0.4171524132774562,0.6301848778414493,0.4627891536513393,94.9541578900722,79.75432894851085,-6.844541236031539,1.1758398481722907,0.4443927534288363,28.350539077256972
26.212453428233715,52.192836024931765,27.019137360200585,0.3335399590344438,0.4334209147560857,0.224082047697778,68.81382587766032,74.08229686589775,-8.787546571766285,0.9165119975027756,0.3613364239698317,21.069495205097336
34.82246910189927,80.91314755151066,38.16285239619567,0.3071965609983055,0.5880756549074398,0.2532064264637752,79.85634243399672,11.673338818556838,-0.177530898100727,6.301128974557809,0.3808842906372185,26.079860521236785
39.02909612442919,55.09633404716407,42.22691187965126,0.7933116160123702,0.1684693603300071,0.7672409341095602,55.01035727690888,15.829686094111466,4.029096124429188,3.2686502273002254,0.5715174204295154,27.460582853558684
31.87878240531642,59.62075809256154,29.975637465745717,0.0753950122983908,0.5461488539749434,0.5682296220344109,46.07162221455895,55.938589015005306,-3.1212175946835785,0.8091458360939972,0.2630100413569586,24.17856169809003
39.27906912092882,70.84085213599077,39.96093461604818,0.8287060953318569,0.5142258104973745,0.4785129156306725,75.57523431306655,40.27480946151411,4.279069120928817,1.8310256376479508,0.6759161660352598,26.057707732846005
40.16665077585174,52.83868666417577,43.21879213107409,0.431068586640879,0.2934280131314849,0.5963758099303628,31.95553647584534,41.94764260689997,5.166650775851743,0.7440579863331396,0.4147140194481275,23.20397822538269
39.01994911592183,46.27478629077034,40.695182566841794,0.619378244596839,0.1502871212243487,0.140780598402009,32.53951300058523,75.20049924627924,4.0199491159218255,0.4270249318894599,0.4841735701248227,16.52786983011676
37.3973292217169,39.63719763506192,36.54261179182838,0.06208854737158,0.0881686374655507,0.4535536551371035,51.35103508725594,7.915321610781492,2.3973292217169018,5.759863449587284,0.1123526845753573,28.12218564165129
30.71910112043817,35.19966233168941,31.968840811110866,0.5169708701850911,0.3368945658534659,0.8989739954433064,40.551025280619456,64.74364774425862,-4.280898879561825,0.6168052225876189,0.470699866586475,24.53731103566307
40.88628380381742,42.4118549899149,42.79998708239769,0.1804282695452728,0.3809390637525915,0.8132619337572663,27.07746387326941,56.143361732739535,5.88628380381742,0.4738514335210302,0.2954612169796717,26.6335589376033
39.463742427777056,34.81030479629877,43.53046476357697,0.3931554667441154,0.2771560583371649,0.4076260781833242,18.06218142651827,81.97448169371624,4.463742427777056,0.2176835703920539,0.4009779161211004,18.18562582005049
35.65686120283949,55.36329185009137,38.827277422419954,0.7128444783248651,0.4853954896394162,0.8474539966460141,21.52826236062164,47.66452436637316,0.6568612028394867,0.4423810289101996,0.6517970715261223,19.60541781555975
39.727811885179854,39.02329505386941,38.15130366263476,0.3992913518150128,0.0741120227491905,0.3166476560435827,71.03579370207316,50.25061996321177,4.727811885179854,1.3860475005583035,0.2907726242116917,28.70474334841381
31.207944398335023,48.0203431482992,33.96393684231151,0.1729528342753636,0.113020483844968,0.7398829622781256,60.36194572999443,34.15215417450665,-3.792055601664977,1.7171620672331551,0.1773158999887141,30.38145803760265
34.69238537735039,43.69873194480725,34.32786471838168,0.5170182244112893,0.1121579206835543,0.5336121607895732,28.026905185577107,70.1358460451065,-0.3076146226496092,0.3939913102011261,0.4158314056662627,19.97944164255528
41.43481432233163,54.78321593682581,41.84188900030736,0.5274815015102076,0.5476980685489514,0.765378706411358,19.75306645874631,24.340379539599382,6.434814322331633,0.7795094950286051,0.5610452550120636,21.325430530635995
33.307067015556385,20.0,33.164426459532415,0.3503751427732002,0.3029400390392732,0.4140990304835193,71.58742227849956,35.95028983152796,-1.6929329844436154,1.9373981261012287,0.3295196750972025,27.00868202619327
41.12737815787454,50.97204028141252,43.16811333866319,0.6038871379688465,0.5345845885452243,0.5122190098329849,30.42082656946583,50.95193451760197,6.1273781578745385,0.5855571472349864,0.5922868327754094,19.679408814569094
32.008867272140606,33.79428254642529,30.400059543881405,0.1801597950468527,0.4297792144276628,0.4850133880840585,33.92557070832815,72.62127331376509,-2.9911327278593944,0.4608120612603563,0.3031040706480823,20.550790502975865
33.03785469947724,59.5395319785855,34.55224426545926,0.7621720021089394,0.4258236500054401,0.3966113292452382,91.42754065100858,16.19531049254018,-1.9621453005227565,5.317004347823349,0.5936227556159871,26.96099062473999
39.51851536769445,59.8254670929402,41.96872602407026,0.2508011066098402,0.3935321677451676,0.1700192040066072,72.56300903621556,43.15236608042026,4.518515367694448,1.6434681870513446,0.2959773052532388,26.620653097719124
35.122102456260194,70.74329072979003,36.87042724841251,0.4680612794693961,0.1915482925025401,0.6135731231646753,19.5627660947637,36.13434282755439,0.122102456260194,0.5268106180203559,0.4187384893376359,19.40675205966908
35.21526626714088,54.71936865331154,36.685851041486245,0.264849733962914,0.6234609188232897,0.5994462689438756,77.36588024781362,52.62963731977749,0.2152662671408833,1.4425956264910764,0.3685822357769217,30.18792000602217
41.116622549302576,66.99912852913076,41.76577584862218,0.7339792156491795,0.1461816548462129,0.2022893305466282,74.78593845149697,16.942415832618973,6.116622549302576,4.168108639837538,0.5094560873918745,25.64086982278824
39.23916179172416,56.23659629401755,40.55417425375804,0.1859048048405882,0.3078989477996844,0.1239219672175431,55.73804645029446,85.08576363161927,4.2391617917241575,0.6474711276165284,0.2481745207939638,23.496559732078804
36.11612160186711,63.82867606630914,36.74430142324911,0.3323668027618852,0.1354047400695378,0.590024844702073,52.65891013708281,21.279312374262595,1.116121601867107,2.3635787879124672,0.2873825935409096,27.37796042578413
37.25712007638185,55.657172079686646,38.72878696269413,0.4872617136258358,0.4610629484578368,0.3367310175189006,12.390328033623518,41.53565688860522,2.2571200763818524,0.2912927397846943,0.518285584679229,13.767417757961656
33.36974535183361,27.0019507439041,33.81888985063468,0.1236535888659803,0.1472229894000555,0.8342483686630363,38.33048808899463,49.21959157376265,-1.6302546481663924,0.7632576627528864,0.1800285620506102,28.11009623573351
37.77635997159323,47.91864133454309,37.42337099742844,0.5842084732825223,0.1111157343620166,0.7795744980470294,15.99675541534104,60.31700727198666,2.77635997159323,0.2608861085535942,0.4678630488627773,21.228616077284705
31.68725580440628,58.36677727839958,34.10608803923824,0.1074206449812104,0.3177929378397893,0.3845220356903682,46.28605186498072,45.00958495674024,-3.312744195593723,1.0060088981133046,0.2135042164756823,22.75965582410992
38.44558242203365,54.29619131681224,41.15165406847702,0.724169521728444,0.5571484710004516,0.3070963698422492,56.79850393601596,47.64442911054611,3.4455824220336524,1.1676260771185007,0.6448477504011859,20.437345489977496
34.7451017887841,57.55624333563232,34.27771938169338,0.3775296574536146,0.4447900498033368,0.6312896061726773,87.92426026509347,35.44861850566119,-0.2548982112159024,2.412279638292384,0.3720305491480764,32.581335076332806
34.77920189322721,36.55675608321375,35.99159557333704,0.4407965061279242,0.4156464423604165,0.7013086518463221,54.89510632095645,79.08190779895105,-0.22079810677279,0.6854869948749585,0.4342767300639231,26.533894067138327
34.18729429949645,42.35130107025712,33.33373976642234,0.0566909455014856,0.6125935330348065,0.8677497241001488,32.90235293581068,35.81957307054755,-0.8127057005035496,0.8936103868659382,0.2848902742755227,25.90474538680258
35.76331150612544,31.23796085491765,34.8161556505947,0.4556477173909746,0.6705621019482962,0.507487086588204,58.38456802777308,51.27921323267933,0.7633115061254401,1.1167836013124492,0.5161726929913005,23.76749282487728
43.190020805320245,66.9023308082832,43.32159316929686,0.3789532143956687,0.0537306433221166,0.6346038254108746,14.061415997919458,41.055729738407976,8.190020805320245,0.3343519678622453,0.3294297056361167,22.75053597450381
34.93084619959851,53.03114549361543,37.154477929576615,0.2027412680573148,0.1143567308788941,0.7063292234734624,52.81615194014629,21.071600571159653,-0.0691538004014873,2.392946164908388,0.2031356281579108,29.525798686482684
37.73853543412922,56.88364680207313,38.64291750587327,0.5261053399245452,0.3673149463630025,0.3536134838940881,23.32463643538934,23.511368150243324,2.7385354341292185,0.9515844359409124,0.5025330514282386,16.511218456450095
39.07738605696469,54.77035226240507,38.40049464490959,0.2933589757090247,0.4011295404333109,0.6803311921968052,28.73999088494644,77.37658043995647,4.077386056964691,0.3666910539298644,0.3676142566704616,23.723383179402752
37.28626494887757,38.9179148202159,39.87352008961373,0.467159219333504,0.4655391923046417,0.6306471428645896,64.17921090278384,61.869548801940574,2.286264948877573,1.0208314219809198,0.455778078388711,27.9377340919468
37.87660131065576,88.46950219288948,37.35022414483569,0.5689111654150525,0.3840118905382819,0.8614664033472086,39.51952031598431,26.8531675985845,2.876601310655758,1.4188519196643434,0.5170307460945317,25.742151370462174
41.95126524789384,45.14658581542906,44.719564153449255,0.4571124444728446,0.4217146093766114,0.6803831943341055,10.602804085821534,24.437013867691284,6.951265247893844,0.4168258169363441,0.4901790454108686,19.77137720267408
39.80123951763596,74.72371680376071,41.301085320121,0.1049709421791687,0.4410651888031643,0.3808273258299229,41.2239437985688,30.293510897469314,4.801239517635963,1.3173320160091897,0.2540781781498817,23.942956153400797
41.98434076999052,51.416018512454585,47.06720899185026,0.6249916942828242,0.4825172884718832,0.2440815645133192,41.73501868770569,84.70489230724625,6.984340769990517,0.4869619173907653,0.5780151844235538,18.992518413973716
44.325835063417415,57.04802996624106,43.39442713793783,0.5312431034398593,0.6285752527934519,0.418640181622323,29.917630580294777,78.70793283509536,9.325835063417417,0.3753406908969801,0.5774008073216563,19.60337111876789
39.83342578919741,62.0153975764815,42.42335104384098,0.5242721444064881,0.5195899745766007,0.8892632014653701,51.76308671253113,62.68610797528625,4.833425789197413,0.8127845829834363,0.5186771923043418,28.880115431110784
34.59744524032478,64.20276959095625,35.18211120667158,0.8331848921398471,0.1366165620530552,0.3990802380587404,65.26590914788054,83.20324394926946,-0.402554759675219,0.7750997002823521,0.5756299947519443,23.218821138109902
37.10754335597812,61.47883817010911,38.774823662314354,0.3342557987791101,0.4307945458745847,0.7955584276137265,85.503136703478,34.832928033717764,2.107543355978123,2.3861610366594097,0.3442887063263635,35.37185664024328
44.40911273803575,29.97123889183616,44.57658768571959,0.5682539567924227,0.3447983495273083,0.59876219049965,47.326106168412295,53.35831949680088,9.409112738035752,0.8706322529193999,0.4970657727652338,26.50704164966088
32.0487380046926,69.35053475191876,33.4650667749329,0.5799472093608544,0.5658840172255836,0.6785488482529182,50.33535282290746,12.565827466160751,-2.951261995307398,3.710452086204573,0.5673981779612802,22.586965313051056
37.69272370340473,31.10509399702496,40.74230782118639,0.206666467307416,0.5299336802890378,0.0802516961855049,80.75323854466217,53.46591334298338,2.692723703404731,1.482638104976629,0.3022267459264987,26.14658030119209
35.738923021438616,50.57575482561958,38.36675641693106,0.5547374321833307,0.3720184399325137,0.6913839570248761,89.96382303492919,18.945405002553493,0.738923021438616,4.51050369864195,0.4544841682548233,33.123064186262766
34.38950408279044,57.92104292078162,35.60247395360145,0.4252857688380629,0.4039819576715345,0.5407503910367175,28.00284273992773,47.99378392034803,-0.6104959172095619,0.5715590938118504,0.4483632058643704,19.186721810278023
36.01844753598852,63.92131512497929,36.30168775993283,0.5671669933103444,0.2379803046552737,0.5566425983968077,26.005714617954045,12.59389169480868,1.0184475359885212,1.9130441231840376,0.4856885727648346,19.32197806804293
40.47842368042264,45.31053731313197,43.44909694528035,0.5541977755649263,0.082753035603762,0.3132379544394107,59.28057254981077,70.44775754756108,5.478423680422644,0.8297051521924826,0.3980640034702736,25.36878873384695
33.829917046269195,49.313083885187694,35.95108450340978,0.8111438482894658,0.083096366856378,0.469013425907481,94.94477554013702,77.29931677106094,-1.1700829537308053,1.212587535313311,0.5166704434904559,30.19303320161225
36.35485715333596,71.62274225106275,40.28451795074483,0.3458506047897413,0.5792871365918328,0.4541543579478236,27.499968995157296,32.25269205676928,1.3548571533359637,0.8269997793925712,0.4537965348562373,18.41080805816462
33.80681102184619,51.77618454566897,36.55520336456238,0.061505156857668,0.1239575787781028,0.3226235449648355,52.93482223824054,65.70012697861785,-1.1931889781538132,0.7936240099694253,0.1211555455097911,25.371066047031693
37.66580883285222,57.39784587996101,38.88227386200484,0.7604945511472286,0.4519005269991996,0.7877826827212675,73.76367080114109,73.8720260939694,2.665808832852221,0.98519667022985,0.6181032179869559,29.81983901714213
32.72951828246962,33.67283999887235,32.59000875584079,0.7867956168772606,0.1620326496357086,0.4327978279136738,13.813147398355946,74.64884963215188,-2.27048171753038,0.1825956041040068,0.6068740176187131,12.91680335269848
35.90910572100932,61.42460645811473,37.29120242707963,0.3113940336240326,0.5111744326706998,0.8399929612717808,89.6858996539239,19.995012386370327,0.9091057210093184,4.2717716952692415,0.3505028503217056,36.11395153350156
36.12927518709112,54.624595618822845,36.90856592986996,0.0788150546331411,0.2822454292932765,0.8300001862187685,11.697699269132393,82.31486907957107,1.1292751870911175,0.1404035005799545,0.2202649622987352,23.357448440828037
37.786219106046296,68.45258973798298,36.20012638974424,0.267556831534759,0.4230515238003397,0.2431718955257129,49.586674101737295,43.576957923587486,2.786219106046296,1.1123835365064012,0.33786288195922,22.06022634602268
36.67139528642973,46.065080589347616,38.83066704424532,0.8477903199228821,0.2017291681716706,0.24792977334468,50.32852028678448,15.6325573360943,1.6713952864297283,3.025903910613108,0.618864422118446,18.632741334135837
39.30828850872216,40.02421841217563,42.89682919794432,0.2008324845994009,0.2323800533150918,0.0883786597504481,27.423234790202415,35.32146939125704,4.308288508722157,0.755014465268398,0.2627902719639657,17.679137281902875
39.06019074522419,33.96092092300459,40.88229113228495,0.4259906145263492,0.1292427201431584,0.0584240911674805,63.60400007356184,76.13339088926034,4.06019074522419,0.8245974841800678,0.3307631846851952,23.28102470547093
30.664388706057107,43.40683498264586,31.402416787534666,0.8284614383298387,0.5249019519017881,0.593118568677292,12.109462972837678,54.75691093723129,-4.335611293942893,0.2171831754895816,0.7424379855956019,11.73044020317094
44.249794231987714,63.272280640607015,45.26857702848239,0.0542507805346767,0.0281998631445989,0.8650410922118486,59.06086747898126,60.66710546756802,9.249794231987714,0.9577369819967076,0.0819495597852044,37.564734959906986
38.36702390310864,74.52611934098198,38.467563910876834,0.6174566627780876,0.2150514919148896,0.4656911403818907,43.098131271684245,85.5480109742567,3.367023903108638,0.4979678999729247,0.4918913139696352,22.1630414447884
25.0,63.08133988669554,25.112907905242928,0.2478722526552666,0.4844078791626582,0.1934885049168795,24.15577364726795,70.78958241999077,-10.0,0.3364802083114144,0.3698899416946895,11.718679750186794
30.18966558304864,50.452303257485866,32.004214001983115,0.1967537571227476,0.5140559735445529,0.4624458874005527,57.8257109467331,9.554007566629672,-4.810334416951363,5.479028755822583,0.3144433353902813,23.86616568977718
38.61992684384382,31.66156530694559,38.35414602770647,0.5478746116937968,0.0722855062125338,0.7156872162851426,93.08224565734103,31.591793380481796,3.619926843843821,2.8560025700544944,0.3573281732226971,36.60902661161168
33.8887332496365,50.1651929618299,35.481170205121465,0.0653031731498296,0.5669470942120295,0.3515776962079303,41.17136223047292,30.69351954219812,-1.111266750363498,1.2990467081339954,0.2680946699230336,21.16554101638262
41.756066124430205,68.78731260415002,45.34067820089958,0.1259343494573357,0.3629931820660137,0.8717240934048419,85.00750126454444,63.702301552864085,6.756066124430205,1.3138249988694806,0.1994510630296611,39.753201032759904
32.85101538269417,85.92255364954596,33.16397760817234,0.640307987867685,0.2878333331086437,0.579872631065921,69.5295705536584,84.27508854611068,-2.148984617305828,0.8153561812610933,0.5010052220995457,26.4107008084478
35.338848344396794,72.22956024143073,34.72524337173438,0.7207934670744198,0.0007784659373311,0.774241153433989,34.19735280194941,85.33540814331539,0.3388483443967942,0.3960988143495233,0.4985122672239018,23.47623856610881
42.63738976074232,56.15277824438152,44.541099915165866,0.6057127671149822,0.1291213357419183,0.1948931348443957,80.56724516938978,81.5771570726942,7.637389760742323,0.9756601949672952,0.421596815822175,28.28424720362076
40.85350451697729,70.3385564801446,40.59276503871725,0.3284764745346304,0.4943723137886835,0.2681501261081814,48.495085635318496,65.25650053138452,5.853504516977289,0.7319294747893792,0.3969024932220648,22.414185156404876
45.61272983004623,77.06755491240412,44.549278696866686,0.7034235732045089,0.5483085880692333,0.557814856187407,24.856723970086104,22.873475121658217,10.612729830046227,1.0411858283478754,0.6616899963733892,19.891266197496005
38.23120707556824,62.69658697264124,37.97345615099231,0.5527411652916696,0.5696063406055591,0.7791791159898657,35.76058969988364,46.21299287586881,3.231207075568236,0.7574311121073063,0.5667660116567859,23.279188923583607
40.83708330434083,30.79657903184888,42.44928717350837,0.6200970664788102,0.2801485930947703,0.6772386036489803,92.0961168486446,9.119459760444895,5.83708330434083,9.100892639410588,0.4640067009670727,35.12621410779553
36.571878560181766,66.30012431656799,39.15019529411735,0.507396786514999,0.1044746288190317,0.7892022320903457,23.36233010234111,34.80462877385749,1.5718785601817655,0.652494688602915,0.4124181304523678,23.00980237470351
39.057755336235,51.23750475317429,39.224834590877,0.7393527230298762,0.2937391679647672,0.5895325199384251,41.3416382150219,62.57055833853105,4.057755336234997,0.65032680686657,0.590391745992334,22.29385724736904
36.86115292117903,90.0,39.66988055225309,0.5362016978021781,0.3858119733414604,0.7551283083305924,62.55422678616619,80.94834756843203,1.861152921179027,0.763337256238504,0.4749103838975787,28.90078013355466
33.3113387032895,75.62314628722277,34.70777401851938,0.413476338454124,0.5458746188070477,0.1615947762041006,90.4258859892572,57.51412154008934,-1.6886612967104997,1.5453685983699574,0.4214223027253315,25.933634814112853
32.2669659493369,59.61110046713651,32.89350546641589,0.6129598237032408,0.0354011726769602,0.0508019029774864,55.69439673437872,70.55566129282013,-2.7330340506631003,0.7783366924171947,0.4227018492906538,18.293136675203133
27.30448269348417,69.21289693184286,30.32338520524165,0.1678204508416727,0.3007713543486035,0.0792203295989664,94.87766855977844,57.07816929734161,-7.695517306515825,1.6336201658498424,0.1960460082498062,26.759846621606663
37.23687373605795,50.56897884791456,38.1636289821574,0.7370534169345238,0.6744359632320293,0.6600247341244747,65.27168104296123,14.571784494683758,2.236873736057952,4.191663522266516,0.6792911580873618,25.43747074959939
44.52809798590013,68.78843401862805,42.29872771226386,0.5741389716194705,0.1238278655767887,0.4116798103810664,14.490200982231212,46.05619959173579,9.528097985900132,0.3079339408611324,0.4671415416624877,18.703690506244648
33.838102178218755,56.69905615806647,33.73588583191747,0.6615525824604035,0.220442911212227,0.2230046428038619,14.75373976089918,27.30536694417823,-1.1618978217812457,0.5212347110707106,0.5483106830790111,11.517782825090514
37.99753473484302,64.57076652161136,40.28780869243576,0.2702305707614881,0.2819176393227815,0.7301169453392645,32.54442441272734,45.75367314273008,2.997534734843022,0.6960827294440673,0.3141692098409999,25.498166379156263
30.79734627573547,59.8203582317541,31.33390625383861,0.1392097698570211,0.5610120433560675,0.6272881830716284,70.53871744005849,52.200145152895416,-4.202653724264529,1.3259121236856142,0.2812907574809744,28.87878348220648
35.449193760256065,30.062620179464886,36.800582656941216,0.3383414617131888,0.4492736617610047,0.0939087535474448,43.664630582014674,75.13646443122062,0.4491937602560654,0.5735048364566493,0.3941223449742,17.530074080181677
33.55834653886419,62.704001598545744,34.16181278905899,0.610911675533979,0.1530997222345774,0.2157145307738359,30.69469874567461,60.08868081719107,-1.4416534611358074,0.5024613125552511,0.4817822232450859,15.23345649473261
38.428061943860186,56.22744037821347,36.55203861484474,0.7847411457163269,0.3329173342754057,0.3494779961146584,17.95254958754852,15.29821420718376,3.428061943860186,1.1015040886893963,0.6527673381248693,13.85866128504452
34.69291467772667,53.75978971235951,35.06087946607101,0.5292356697203052,0.5357543547006285,0.4770160469762811,51.81388204332599,62.55297170660977,-0.3070853222733305,0.8152865342398636,0.5264538261990457,21.819957836667616
44.021363369772814,71.08761005964703,47.97988008839612,0.4470070023058892,0.2783790901031382,0.4130392885562917,80.17046152923533,45.019395646101344,9.021363369772814,1.7421015726882365,0.3715474668852397,31.86011262441133
36.80915457543208,67.93590208574138,41.43732124440228,0.6886345577673494,0.139051203828184,0.163403885194726,86.63865450634061,15.138092123378192,1.809154575432082,5.368580984912888,0.4682574413025241,26.393468365207383
36.70221633693533,83.71047030800179,37.87790266116011,0.7302784008959163,0.3574065302216919,0.516573186894061,82.98100909351236,32.248244811402415,1.7022163369353294,2.4958011938438984,0.562407990510545,28.635021714977768
36.77766131635818,31.552137869550144,35.196045034917475,0.2839064883297544,0.3960214654293024,0.2419211193280347,81.06670656759887,54.38232986368536,1.7776613163581771,1.4637648283691107,0.3080836260590445,28.000130776225895
42.1106595831537,55.42271736053692,46.08611006180773,0.1314429463596295,0.4632444127301469,0.5835185455849874,44.575768628620445,6.649105877548312,7.110659583153698,5.827578980107915,0.2732633230062013,27.64582223829227
37.32749655754529,87.17723691660083,39.23296516598639,0.2435146352903113,0.3036907459986709,0.1327618597225379,15.719192098328737,24.744620598198477,2.327496557545288,0.6105816179489052,0.3214968128754593,14.523171966667633
36.77780920441352,66.02316679074727,37.26015305918474,0.4538364786436225,0.3150410475983576,0.5602136985846456,89.24268513328263,45.01000552185468,1.777809204413522,1.93963647952384,0.3775715163323981,32.74446265269037
36.42255835230423,72.09817841693568,36.83520338627017,0.6486846829325918,0.3789620946352067,0.419351318808821,38.66306168453429,39.56410478522248,1.422558352304229,0.9531348439524604,0.5642363764655828,18.96245365015313
38.20618936933445,60.47441503699338,36.085078581247984,0.5922505602480354,0.0244380868593566,0.7544026362453055,59.194300490599936,68.4484309528547,3.206189369334453,0.8523489973558105,0.4034874617160283,30.07698969429631
36.736998955708046,84.37521181330891,37.65140701856132,0.4787480630816945,0.2504678745349151,0.6393709077410246,19.950475103458324,6.085061254021276,1.736998955708046,2.815850758119418,0.442438725106033,19.997231156165004
32.96765475633038,62.73908826556149,31.58888629575161,0.7519760373235855,0.2386710000048908,0.5861548571467275,69.70389129185088,82.18711340008763,-2.032345243669617,0.8379169374060461,0.5530830311037677,25.97321785746856
39.8310077418219,55.6540366955868,43.28682520887618,0.6935957139454578,0.2837959775974084,0.1713921588019372,65.05620462575202,42.63255385504896,4.8310077418219,1.4910015316058338,0.5362400170207452,22.473547877234303
31.893005696718763,65.07010114675698,33.33303375120324,0.5130454036095524,0.0338538977341466,0.8561141198705812,64.84519978703318,38.68356731179455,-3.106994303281237,1.634056718680133,0.3531382116989422,30.81590843389809
31.71906717191743,85.20080871289935,31.48581876188332,0.2622609100443736,0.5300980847928505,0.3405716856296694,44.94581865204724,74.01725810321814,-3.2809328280825696,0.5991397151600123,0.371440152812432,19.73053606165436
39.570891039470176,54.1765899907557,40.06407437625946,0.727910344457099,0.4093794679140536,0.2693914966974025,82.6338120524137,56.568592471820295,4.570891039470176,1.4353974711621234,0.5769262349960618,26.237743060016324
36.61314755251843,53.19428254069603,38.57598873680639,0.7665398220950229,0.2804929167841266,0.7960869941332311,28.31434711843705,42.78079812811224,1.6131475525184271,0.6467298068797889,0.6157574211738146,21.277045244100947
35.049575103710026,68.70376939349875,38.66686721364527,0.2569693137243528,0.2071524206056312,0.3182032035636651,20.76415566906182,27.24206616418805,0.0495751037100262,0.735220842141908,0.2955631587472392,17.434690508695887
41.67718236178269,53.35585294111254,42.78173876592661,0.4721419729773559,0.5814359323022539,0.2349497489418978,11.788136709139836,11.387151020094858,6.677182361782691,0.9516422856245732,0.5459278267679499,13.433268571384192
38.24500061817415,61.292986658605415,37.11068525645681,0.3491368376102508,0.5770453130745445,0.4984497772813407,32.3291155451645,46.93403498445234,3.2450006181741458,0.6744501178682458,0.4502665809433493,20.578442693961005
37.52296230914437,73.54139762815656,43.19948400295644,0.0596824934208859,0.5764865586282732,0.7466811391154982,59.36532960722584,84.26283601327752,2.5229623091443685,0.6962626671013054,0.2493901340337876,31.00956547479141
36.292211090023805,38.41442997271096,38.73596497795376,0.2356145442470485,0.2347601243522236,0.4673667982685734,74.76442193816325,12.30238299723974,1.2922110900238053,5.620378089675883,0.237032341915733,30.556333543884165
33.68401995631171,44.978643195354266,35.762772955844866,0.5012592230668141,0.500327293510762,0.6989884671179805,37.20136961242829,55.91593875815324,-1.3159800436882918,0.6536195382896883,0.5136523522808888,21.7059561056146
40.28192872478946,63.194263720055496,43.67137486883053,0.7925456784911612,0.69476023411338,0.0758007347030536,20.72170093137293,28.766121774836204,5.281928724789459,0.6961505125901458,0.7632337763973377,9.772630664488457
29.04972434159643,67.7533261317024,28.576237933181268,0.5996154132025941,0.6094683238878623,0.4754924198162065,39.10358548014807,63.89466635421544,-5.950275658403569,0.6025700982374796,0.6035061596077671,16.38731864483218
35.31606207671895,50.93314598436147,35.61891124085136,0.0572433292642967,0.0352917415215464,0.1345704685420199,16.964767318242423,25.80333176913882,0.3160620767189499,0.6329350195849736,0.1279687526967995,16.829922370185404
30.940611101256543,40.47483317704547,29.419305412399364,0.4855858662402103,0.5258239958678299,0.3465071213398356,32.618616325671226,5.325574692527419,-4.059388898743457,5.15662495681294,0.5164801021788039,15.413262191181255
34.39265556879136,48.00945247197637,35.76859791694631,0.2121061073082745,0.4377311189681176,0.7618516416759584,42.074620564576485,41.78520194519646,-0.607344431208638,0.9833918890571052,0.3165083795108235,26.19604768328911
36.56495940617257,56.7937055262123,36.17262945515054,0.2343333296938799,0.0274885899691566,0.8018069184572453,44.53823963192026,40.36600698473833,1.5649594061725691,1.0766869436625175,0.2043083351751546,29.83302727671013
34.50743789430094,45.30659035234295,35.266598480048245,0.2492069888872719,0.11892095125334,0.3853074822130288,47.451264695029856,63.312059034550735,-0.4925621056990579,0.7378284167443206,0.2377492140133353,23.92054255675292
40.81600705397281,44.22389101646204,44.66283799296087,0.1678424354231762,0.0839237654308984,0.4607472644941198,74.7810177382776,28.838680504604703,5.816007053972811,2.5061770987741028,0.1511015731448977,33.322709729894186
34.19178762449059,65.9144431545547,35.21004214791495,0.2884417669115545,0.1667026575659874,0.8538872468920407,58.6854735183904,69.29026465320892,-0.808212375509413,0.8349018716592819,0.2643903838983384,31.380984418733696
33.928809739583485,59.30686247802736,33.972096700293584,0.3958769811226778,0.0498089752145368,0.4788274854466103,55.05444883305237,19.856870778838427,-1.0711902604165149,2.6396312954535404,0.2974144324049153,25.65319450905456
35.96163459454558,53.80537913131428,34.602150708936286,0.2962366653445965,0.5274304774617177,0.3323466437524726,69.28168746516135,52.59069520689176,0.9616345945455792,1.2927932208696509,0.3666894549801118,25.73831527063607
35.51423653601683,41.163847232522464,37.252226766271576,0.1790902408443069,0.4295465320925686,0.4531623651381657,70.11440790851097,25.800825747014574,0.5142365360168313,2.6161286435855886,0.2662036962258438,28.62648446674001
40.32134326617698,42.5861466902692,42.51372793699032,0.6443051949343512,0.5101446381154532,0.5627311027845787,44.89239066427725,78.68269310730061,5.3213432661769815,0.5633894753510051,0.5947341177309694,22.74207490823973
36.799047562203455,52.09510811080423,36.50819945648262,0.8111385766764527,0.6943739230670503,0.3449519851003699,80.71503104348443,82.42005872808367,1.7990475622034552,0.9675734142861664,0.7142802918825022,23.77916372881408
39.84645951235556,74.92291212773587,42.4034783033295,0.2692572714737528,0.0354357305883518,0.2084568341258784,75.42717055523481,64.72351399722285,4.846459512355558,1.1476436052768266,0.1967579115055224,29.440797177949985
47.293439212999445,60.077257651925365,47.7303280432735,0.2050904543495141,0.0878848529289339,0.5963608014579388,88.2034044664018,49.06396826381054,12.293439212999443,1.761814085563827,0.1612163240219868,39.67029196378837
40.29017964841275,47.75220306550939,41.256525570441895,0.452467160623869,0.2529826453470304,0.7146072760473563,80.24317648604719,67.86287608945779,5.290179648412753,1.1652603121282008,0.3671319134923833,34.424372193331685
31.718173547662893,33.39923676108559,32.527063239077954,0.4652258241036389,0.0210727105479232,0.7979274327179623,36.3043189979255,67.97507257136877,-3.281826452337107,0.5263396999018926,0.3491529886286348,24.74176021672473
33.04158071896568,48.29017156511873,35.825420410849354,0.1063935565145157,0.6115329701160507,0.4289517173529637,53.51478360796386,13.22959213391358,-1.958419281034324,3.760809382611983,0.2937812413355607,23.773789915703684
40.5265590277978,73.93876155140774,42.70886523899358,0.8342949927537481,0.5556726727356277,0.8743460349387171,84.26263293766364,43.1337702875074,5.526559027797802,1.9092552571135124,0.6830161645352735,32.93057187466467
41.4782996457383,48.438125495148846,41.09176364529274,0.5633875178388466,0.1094218794962025,0.0949026834100136,20.95671973124741,88.6673681991935,6.478299645738304,0.2337162353721886,0.4499023548209213,15.122516583610697
41.12986104220459,60.61084854771358,44.36426015637606,0.7763190350236955,0.6568210100559212,0.109955291954013,18.51317478807519,14.396169136229345,6.129861042204588,1.2024533261661237,0.7443245492429185,10.366029658854483
30.922520136183948,73.41503488709938,30.01697706669632,0.8049612742561766,0.5731181606388355,0.823015078132995,33.09599590634527,23.64809808168093,-4.077479863816052,1.3427403524876032,0.7218162168390113,18.826969345480368
31.370144902493777,69.01479866858911,31.59773684284387,0.7507064668136456,0.5771300623231843,0.1184936904435365,30.894579896918845,81.18008117742131,-3.629855097506223,0.3759375684993485,0.6926683188882238,10.123689013082531
33.812418978118096,62.03161384112536,34.542989396009645,0.7218412853315413,0.6502016848918959,0.1502766110838523,57.91765362285896,15.803722170512934,-1.187581021881904,3.446715735665548,0.6702476230436346,16.631516941015242
36.36024588014629,66.3873274045397,39.51479793151192,0.6624374004126887,0.2653283397681245,0.4612811860346646,56.14993778159286,21.963587351154796,1.3602458801462944,2.4451727390393643,0.5209110043964577,23.427166237867297
38.57780856951319,77.39032853439282,39.90362047580579,0.6287582542800008,0.6757119065412799,0.3617785725493281,51.9075606384982,7.396263938013883,3.577808569513188,6.182221166665327,0.6280609638918861,20.31173084408945
39.06014106883464,44.47012468289867,40.46849615682572,0.7839886745055922,0.1901432268920587,0.7822288331181256,87.3666705522992,5.121409161730021,4.060141068834639,14.272313489269813,0.5400695022186737,34.091612705276304
33.97846827058671,62.51641254909768,33.308526019414764,0.1032517823313782,0.20742806132986,0.1642684132641175,84.90630794296064,88.1525644000053,-1.0215317294132902,0.9523708994169504,0.1392731798548243,29.115551974964312
32.89393880235576,66.218653841763,33.36262921959258,0.1857827428615385,0.6157210476982333,0.3557242270396076,75.13985884737816,33.402156902628285,-2.1060611976442374,2.1841612739588885,0.3210461011790149,26.51542737834254
33.41098251405668,73.28142777545975,32.82623690811879,0.1989087182026783,0.1619664454637936,0.7503980040979816,51.471516598740656,27.57494585612559,-1.589017485943323,1.8012813342813996,0.2164636479620044,29.066474637053684
34.750132896422926,80.4257656064613,33.603100625841286,0.6682476586322699,0.3613983094383718,0.5428551396405663,12.490452663790562,85.65787854604078,-0.2498671035770741,0.1441352231713642,0.5968776353470829,14.627477305079331
35.45874561255296,50.36325303696248,37.54893668215566,0.1263194218505685,0.3374924692438893,0.1924315584088305,16.009211695671127,23.150685620135867,0.4587456125529598,0.6628884971416005,0.2610301821878368,15.382939773539436
38.96767668602602,44.834269453718406,38.44080945031028,0.0839378385655133,0.2927013517139597,0.7400357105982535,33.9091879020079,31.35289204105825,3.967676686026024,1.0481037633042076,0.204263920751488,27.577930255177705
32.90244943466284,41.1898961038095,36.235247235883854,0.5624921468391099,0.3205502961038195,0.775851449820575,93.82502776911406,9.426154528807928,-2.0975505653371584,8.99900605826159,0.4398353491654977,34.157563396899576
37.45691059464816,59.979704958535216,39.58152880780568,0.6842064908582502,0.461783191051332,0.876068506126662,81.61574949888414,73.5007493817326,2.456910594648157,1.0955023966362427,0.5674431023314657,32.94346029779342
41.82603586603343,63.41379171911858,43.36637492164957,0.6935312477419787,0.1266243309652288,0.345648995318089,92.34924869911336,52.38110329696208,6.826035866033429,1.7299988759199922,0.4617567992356424,31.594968721519503
39.60556500522319,68.42386565416662,40.43484619760255,0.0562732726175334,0.5144480931764259,0.8888615535800529,89.57500795415294,18.57870411988526,4.605565005223191,4.575124451836187,0.1985233835692949,39.89342875189573
35.56283163685176,61.36091566696135,35.89101516945382,0.3613843773534307,0.1964205692665411,0.6786440006384813,57.782304075344726,81.22345674215829,0.5628316368517616,0.7027472009178872,0.3179744931166761,28.794016219464645
37.72746502023398,61.4322475049586,37.623369540031206,0.796168406506209,0.4632842095797987,0.1346427565090245,55.87125205676796,62.06087600296378,2.7274650202339785,0.8859891520400396,0.6608150547208971,17.77421352810273
36.86004603801215,87.5641407624672,37.60198399911394,0.2241339196644288,0.679658174723233,0.4826151843587404,33.589438416703366,10.644455044142276,1.8600460380121504,2.884586551227271,0.4047883657989237,20.5722983300298
41.571291258060086,58.01648570072452,40.51317247715566,0.1592807229209381,0.587426276486209,0.1395911707869929,69.77856435725839,33.220059680002734,6.571291258060086,2.0391128773523173,0.3020177523411671,26.11881764227204
34.50072568921728,56.05078244669773,37.04820635108005,0.1035788896202172,0.3781952252311947,0.2895512528011512,22.1367791167702,66.40174814878787,-0.4992743107827166,0.3284303408259345,0.2534691222247185,17.454182676286877
37.3032182327749,51.79835693604688,39.91605054454778,0.315251759253755,0.3516991010164634,0.2234745119823962,27.361799774593692,70.21483850353395,2.3032182327749027,0.3842148679904104,0.3672989860825983,17.199034036684427
41.23369794739836,51.68119564621342,41.76468219291844,0.7211978621744085,0.2623053793551635,0.1549323859388018,14.238112443928962,68.63713489633423,6.233697947398355,0.2044614912018511,0.5971722186672652,12.495560731526355
44.507183250232266,40.70007087611931,45.18679338692471,0.3920810669626698,0.2496173231903439,0.6963400571943603,15.347135461532034,80.66875699713727,9.507183250232266,0.1879192977318119,0.394786701673173,23.162497326645457
40.317622324733954,61.996449736502896,39.089843080684055,0.1000210365942765,0.488482949853619,0.0977906506233264,10.333061870842927,50.39306962239581,5.317622324733954,0.2010594414142571,0.2962244450418087,14.207590796891877
38.32925604791836,45.347226544297854,37.40046002199879,0.3184883634158741,0.0200566993043581,0.2981244974731362,44.549331025926136,86.06480825179517,3.3292560479183635,0.5116801141637797,0.2525606968149058,23.56271581823001
38.325053725614254,63.15400231891648,40.63427935038175,0.0874815268220825,0.5779976660924668,0.7692055789506969,83.92415021238888,15.970535610470352,3.3250537256142536,4.94528588482558,0.2419640657086006,36.26756880169852
37.83545438001902,36.61351505496488,39.71756939277077,0.5186918307628153,0.2847633606662064,0.6379073040865604,49.044210725486295,61.87810322046232,2.835454380019023,0.7799887117066521,0.4475998959320648,25.711086945133776
31.369953221128718,79.23063534204162,29.96056803852578,0.1168434700085517,0.6285547054106158,0.1928170443637767,26.182451835247956,16.183051064345143,-3.630046778871286,1.523737067253241,0.3324900417930678,14.607087496874636
34.64254097222315,54.9089363269016,35.466058574819904,0.363966548983584,0.3721005068807118,0.8623020471765159,45.47755005304023,82.75369294185113,-0.3574590277768479,0.542991579901015,0.3845325314013237,27.40892328881216
43.0135932070686,65.87643680271995,41.05545966710287,0.2360047937662649,0.3885936507272319,0.188851282281683,16.410034959387,76.43763379641172,8.013593207068602,0.2119129182398572,0.3417709365185415,16.9844014359893
31.995545694458787,44.83382544212723,32.41881201289651,0.1873551261643596,0.6543109408418106,0.54475961145559,61.57087716745033,9.000201819540528,-3.0044543055412127,6.156963457191434,0.3471354807837086,25.645393419303765
38.95749824491167,59.865389225824046,39.41505608085285,0.536202146476522,0.3895252461441754,0.406434478356395,87.46405437839475,42.60346796359646,3.957498244911669,2.005896743153928,0.4511148073507711,30.239223911558177
32.07654273426418,65.51759113466348,34.86343375671193,0.3809141399349082,0.2711257625827198,0.0591080030410551,87.50173455245057,34.8953345264987,-2.92345726573582,2.4376910176963227,0.3223844781833103,25.253502043070355
39.53112746442514,39.76267271532405,39.88394399758531,0.6940722547965301,0.190368191578739,0.5253354120031895,41.95755386397683,29.02672564599852,4.53112746442514,1.3973403013914123,0.5315962564875629,22.63671516651636
40.48982931312058,49.125271488673135,40.66609090047491,0.3886681153225579,0.3947250447387816,0.8278336863165254,70.74916756556289,73.63562453041226,5.48982931312058,0.9479275883426724,0.3808692150496063,33.780558763048255
38.43114944139313,56.87836753971861,38.852909580024594,0.6988990159467767,0.2816843815095182,0.3830392604245959,93.77606238598804,89.3907311929679,3.4311494413931314,1.0374521939179036,0.5100686616349335,30.343941009844237
43.26209611693736,71.51439452497857,46.19046946847988,0.8187361175430597,0.2928726733648334,0.3299723789067643,53.95621082090423,61.73032009537564,8.262096116937364,0.8601296906961229,0.6251472617143816,22.45274629304636
35.76181424274404,84.08393498587427,35.173258559725895,0.6071438456288858,0.3179285639156942,0.8234406344357608,72.94330930355707,50.21430309198728,0.7618142427440375,1.4242761279508538,0.4867215672484827,31.25508311432372
35.66199505663621,36.64089599856615,34.443201029099555,0.2576334265408722,0.5172066739931228,0.3030027359330383,87.84421959621324,31.937606174576267,0.6619950566362078,2.666988582309848,0.3218978385262469,29.319792319206144
40.08346077554787,72.47109031685757,42.00845674025455,0.5353853797739491,0.4734527475109068,0.5688085566454335,76.87145625235097,45.9695680072937,5.08346077554787,1.6366225944512398,0.4863955958652905,30.130955394120708
32.95158249895933,49.97837001840189,34.54613293366036,0.2978455002579752,0.4775341824785691,0.1636413062395207,19.888196806327205,71.307142017472,-2.0484175010406678,0.2750516235522281,0.4020793580920286,12.934697399567556
39.7260027894905,43.05961214794766,41.20143079996667,0.6231176895664792,0.2471720222568726,0.5069091220942944,16.21223273722277,27.760816741349988,4.726002789490501,0.563691667139415,0.5318099876797265,17.57366876691195
40.25403854400256,63.36715459527793,41.37169741312806,0.2759829951816213,0.4282817140722549,0.7370279795338365,54.031304657224176,82.26547505103476,5.2540385440025545,0.6489040580637715,0.3400430066734251,29.896743131795244
30.62228936482253,39.296335259770906,33.589032809727954,0.3454246161724328,0.1141133796704203,0.7343327152349647,67.82130850808178,80.0120839307916,-4.377710635177468,0.8371752116143727,0.273667475096504,30.29997040009596
48.0,41.6876173329685,49.69190812647675,0.8055588661554427,0.2778945135452318,0.2700686335741686,84.35511531708944,8.405872339602666,13.0,8.968345760118286,0.5823485584397458,29.615716919203017
26.396120766427952,67.60930039756829,26.19145451549798,0.1822275921143659,0.0291052718926156,0.4278874759090142,23.04009500307248,53.088521056847405,-8.603879233572048,0.4259701421463749,0.1950280418333317,17.683021417406135
35.768887060188,80.98772499227638,36.0805717926505,0.6077086447134474,0.2910729976128877,0.8799880500200987,13.4920010212222,24.142603518377136,0.7688870601879998,0.5366190900381768,0.5384550850907126,20.20418147714618
37.89636992724167,54.59043190735103,39.84936372006597,0.229434786628036,0.6760230468738232,0.1912949577439099,53.9681344291164,29.808710048093975,2.8963699272416648,1.7517167821979358,0.3864996516098521,21.347667198077342
37.34818827295268,31.65127152010373,36.30202928222515,0.3518544431705542,0.1747682669181611,0.8532704548934835,14.145137099116935,74.56065451859342,2.348188272952683,0.1872024162474161,0.3493980088786639,23.054024343155408
37.43757917841957,59.48129362548529,36.80895761224724,0.0949408618779512,0.4249946966185038,0.1757645839929949,31.64642010064676,65.44535444629929,2.4375791784195684,0.4762773916154393,0.2528165060116751,18.792464085311487
37.9752028550848,71.2867948740902,37.18392287796703,0.333939728701608,0.0176393663747487,0.241386870583542,90.79280273507646,40.77620494453421,2.9752028550847958,2.173313800418708,0.2148628443983129,31.874472631453447
36.93430841570899,29.748427116685747,38.897229109874544,0.5007162805701121,0.1658467957277064,0.8858396531520926,90.54303573754366,13.552698063920158,1.9343084157089905,6.221735333190407,0.3596407713228355,37.52400467449365
42.81413630862927,53.52490559807875,43.53730914535035,0.2923325830665541,0.6500413934807758,0.0501929824855172,64.69146070897312,12.620439655032715,7.814136308629266,4.749586822997289,0.4057205071751921,23.1079507904808
44.63766656188052,46.732214255072,44.06258437714574,0.2614210105269114,0.1410698646044189,0.4914157887459576,89.5738585318347,46.40201626750413,9.637666561880522,1.889663469721244,0.2095997071656378,37.01464546037565
38.31500443863874,58.581837385397705,38.69416202522645,0.5831083308625652,0.3402913396504468,0.859528739538916,14.845202941914389,33.72989638742165,3.315004438638738,0.4274473720368187,0.5371071974707587,21.048632206421413
34.717014825002096,44.94069686385033,32.83285716690859,0.3113113995407287,0.2506978015704011,0.2604868966107229,84.23569501652223,39.384159578949976,-0.2829851749979042,2.085859799851564,0.2777604851790353,28.665855895281737
35.4617778230807,47.009487405071326,35.30047209555135,0.5940895083575781,0.0419603106029157,0.4791747335626183,48.909992079851406,6.560462639934037,0.4617778230807019,6.469179785574357,0.4201318061155702,23.51783195788484
33.14030615767958,85.84310694910484,35.537805107981725,0.3574840308193078,0.1900444017798979,0.2643469458712004,34.57777842860283,51.46226987141204,-1.859693842320418,0.6590980244155447,0.3369259605969512,18.187647424254124
36.09689479805386,46.394499940921314,37.13354255832091,0.7933824429054831,0.6035420815607321,0.780244993999879,92.8273414042704,40.72121615364106,1.09689479805386,2.224943325295882,0.6642647488072391,31.984365155576636
35.83322500082689,39.65811152202392,35.825643816939774,0.5327944768347029,0.3425747761846121,0.2282367358156707,93.51101935110609,28.008106365647144,0.8332250008268929,3.2236168115353614,0.4289380996050992,28.38795936102318
38.42845028604699,49.76113443522357,41.26435480240382,0.3601190443645176,0.4391302545634745,0.483984847419228,17.765025631502247,64.45986898421862,3.4284502860469885,0.2713880413629475,0.4300454773562507,18.156229213605997
30.773483305904385,61.147279853927685,32.913164161334,0.5345103114587292,0.2375136871166972,0.6425913161467979,38.68554888560261,27.54923257231445,-4.226516694095615,1.3550468926831267,0.453274744124644,21.343824614498075
38.12396747094013,38.44950090739189,37.843232839683566,0.8446040123383712,0.6527884148935184,0.3707587002771531,85.36061252770386,36.1642045081988,3.12396747094013,2.2968502530135537,0.7172383193433742,25.45152270682886
37.073673516758205,66.9139701943274,37.9640125637448,0.2487010082958401,0.1002970210918487,0.6941100763188843,32.52901942978908,63.86868800659445,2.073673516758205,0.5014594934690559,0.2467806918752696,25.7912229031312
34.397429723512694,52.44723066212608,34.47226668123313,0.2648270048540858,0.5762912488760211,0.2079104114939016,55.53356248876253,84.03899099497971,-0.602570276487306,0.6530364699651829,0.3762500150864952,20.877034263869973
31.78212199798059,60.99531927628962,33.354151249851014,0.4921656605748362,0.526727836310546,0.3403949457870115,49.06285308796936,25.395656816508662,-3.217878002019411,1.8587471957615365,0.5042548941500962,18.86636850336072
37.45406938100499,57.00311357173423,37.51184528137153,0.3929616167891469,0.5886360972820349,0.3137622097888654,40.73091595985132,62.46790790398903,2.454069381004992,0.6417560827980487,0.4716368832982472,19.28674248535405
45.5757763573013,42.94488148045404,46.15104852998149,0.8349540233312926,0.0075677585446374,0.522217134402777,60.66370561560001,47.76635215360718,10.5757763573013,1.2439664427742685,0.5425790359465668,28.31198306050228
35.08330304861884,66.57548065972517,35.61970369351145,0.6155811899645729,0.6489866473051145,0.8628480992863571,48.16820963144674,84.60846853602133,0.0833030486188377,0.5626570648344105,0.6158764985388313,24.83660707312554
37.104364200843335,72.42817453912286,35.99098554680755,0.7518803625062709,0.0554961992418342,0.2066561874075841,43.10194780660223,11.629478644799772,2.104364200843335,3.412804995267924,0.5246751294697105,18.273535659204214
38.46639298438739,47.07074977375365,38.52117873917387,0.1553720228632748,0.3447747665000024,0.1081746028562322,16.138120753490973,83.92315891522118,3.46639298438739,0.1900320355440577,0.2805175229144746,15.15388022696211
35.21798991439691,57.52982007950092,35.87633344571146,0.2617080215402859,0.0358051439342783,0.4170360308416106,89.51945693450287,13.457179225354242,0.2179899143969095,6.192041721216843,0.1782468991699521,33.30130236123609
29.44183707621788,49.17222320366671,28.2149298883384,0.1307824854542088,0.4178616563892208,0.4396089575123602,25.887120198260043,66.93228832738603,-5.558162923782124,0.3810724007043934,0.2779408679910315,17.907002062380098
38.47469323549161,65.45431606766104,37.973749176766745,0.5245265752315745,0.2339348999211769,0.5130809224846836,15.406122092112776,60.32037579159289,3.474693235491607,0.2512398512441109,0.469490293023185,17.857254768060464
31.840156401035784,85.93787378864718,31.706908076334862,0.3355087801368881,0.0898281035321351,0.6251246485196306,76.98298771387688,55.36829553501028,-3.1598435989642155,1.3657143077186509,0.2512707114278965,31.389254020945945
42.52863596415011,53.67455561191997,42.55265103214582,0.2193087188558889,0.1572601783492366,0.1637114232448728,71.44133233151804,16.40720623773977,7.528635964150112,4.104123967729488,0.2073219524867863,28.788565561151707
31.607258311577148,66.08215721331254,32.285451814800204,0.252617906818172,0.4541357703115701,0.2137749370136952,39.75058382022019,32.26053402366498,-3.392741688422852,1.195127648640203,0.348060891364154,17.519530733073093
35.02799626136467,90.0,35.08443946955926,0.3473792531218745,0.4787065162847402,0.282889884549476,63.55158785260033,87.28188462388779,0.0279962613646702,0.7198712184651775,0.3884879189059464,23.50736283902839
34.548845238062455,74.56510364317229,34.87580171413323,0.0679407113296441,0.4693040336578422,0.6760021984262119,82.80861903808353,26.602518810864225,-0.4511547619375449,3.000038496685688,0.1987470178570556,34.24777161800467
36.92594745603044,46.806333276212754,37.25056737436304,0.4680081448684707,0.5909486277003001,0.8371506258455257,18.427419543598035,27.31337469106908,1.9259474560304424,0.6508379783286878,0.5396620556875744,20.6091441163843
37.18228735961525,53.67576927473118,35.084333197054335,0.089983222927743,0.2796631492108543,0.1079586268006433,65.44389458956793,35.17629762158097,2.182287359615252,1.8090268737320252,0.1724449839303341,25.37887241077462
39.535676089272044,79.58675208166102,37.49811621875779,0.6845142991973916,0.578585751934025,0.2976569119120828,19.133296973457192,31.854544902779125,4.5356760892720445,0.5823637804168376,0.6651510081251852,13.358071421187129
37.78608467880588,62.81683642569008,38.374119054756434,0.3182232400626365,0.1220864869780496,0.1632916193698471,14.44829287055634,76.13886579179301,2.786084678805878,0.1873023763345705,0.3131115972604404,15.158826718456394
38.848413897053085,57.12575370459857,40.84180837029251,0.2276606965546564,0.2297256379583283,0.3843225698274103,72.20918266935257,87.09048773016441,3.848413897053085,0.8197160048715035,0.2333049266509397,29.98673010673016
37.97335779729077,54.22909414617271,37.212547807831726,0.7588747482505666,0.0932274879672663,0.805650519192466,12.196312638700952,77.27700519339591,2.9733577972907668,0.1558096481663804,0.5710967827018189,19.6428711949822
40.3625741959549,64.83851164794642,40.00325119788408,0.2334926216301379,0.6031654192893706,0.7591760763869888,29.18148955942468,36.39752504451973,5.362574195954899,0.7803053684618352,0.3918637092054692,24.685878076633625
33.71727072659316,30.319018795646624,34.169541806795834,0.4643684221700631,0.5012349812695011,0.4393243240962883,92.30779160843667,24.726679118624027,-1.2827292734068436,3.5880181496730112,0.4366837560744515,29.76521905457556
36.541840618989525,73.00620861916639,36.78753748848309,0.4610835713654141,0.4632030778507696,0.579728817107806,38.77308475116519,16.602756027104483,1.541840618989525,2.202671257356685,0.4768379814233141,22.01672920623249
36.8566958435602,56.15232836590383,38.32240497483132,0.6811459774208057,0.4709352300887267,0.7786462967643224,18.659694951862303,14.624653977025655,1.856695843560196,1.1942469240790448,0.6313084605272391,18.901590264072887
40.87457996213156,54.44166645235238,41.04191612023903,0.6120324012278455,0.1452786553439924,0.7401542994422009,14.165394822558252,43.23333920987643,5.874579962131556,0.3202424930061667,0.4966376425173467,21.0744744083564
35.629141933892924,86.32562057171091,36.22359188875117,0.2171061792041309,0.5386142258574329,0.0955895727927062,73.04315096430497,12.545727691279776,0.6291419338929245,5.3923386494272565,0.3188048243154034,23.9523320563142
35.36769850791379,50.7800866432268,37.37277301563708,0.1231131890654211,0.0629137962153124,0.645735842657298,56.3100974322417,21.25857653817875,0.3676985079137935,2.5298157470068445,0.1364319548716047,30.47449409836717
41.294526999439086,25.310502844363185,46.53085763903189,0.7198936638161205,0.6644911743719318,0.7681344725989323,89.39280424610435,57.20435227710588,6.294526999439086,1.535843983290338,0.6418907463551475,33.211667856030644
35.137080985718974,57.96399407038599,36.94329904262862,0.4504994144563342,0.3217088400495361,0.8974070047999192,64.32416699455004,86.18988864064126,0.1370809857189741,0.7377480118097896,0.4024881336941113,31.39310949524045
33.71111841773428,57.40860971574797,34.89448292455488,0.6987028648063347,0.4408744581042954,0.0715463136243477,78.06953848807878,17.698948018570647,-1.2888815822657236,4.175076502193861,0.5734145178270107,20.86248428755811
38.11608610308136,46.85989300398968,40.20370766975262,0.5294416929115502,0.0946521195989983,0.319368517062531,32.78401092718421,36.305114750735314,3.116086103081358,0.8788074007073793,0.4132766406994454,19.445465489965336
37.020974798872736,72.78556231994496,38.48017662852687,0.712005055898577,0.0165954275511628,0.3857953371782766,22.46170553060027,68.98180671520797,2.020974798872736,0.3209649276705376,0.5097199562738948,16.849108943458827
40.02156490330302,53.17378737425075,41.95358501325668,0.5489190226322128,0.1771184386441772,0.3287013949155197,58.68566332765427,71.1738498052414,5.021564903303023,0.8131153248166125,0.4238012818449266,24.850962955168423
32.1988143717769,45.26083682400989,35.86205064563697,0.5056318236536829,0.4163931656513366,0.1011929031652528,92.0631339410528,38.87069477928323,-2.8011856282231022,2.309042630199881,0.4362339099465578,25.07291860223883
36.84177938457338,50.214190965000725,37.87461261632063,0.4291369760928821,0.4116003244007398,0.8666343573556521,45.50522819270295,48.56897835355799,1.8417793845733783,0.9180182788543724,0.4354570547832483,27.55206894738661
31.489322528171638,55.732901054885566,31.207582334064558,0.2579239833942662,0.219714653560519,0.624248757532323,19.09747640793824,30.866145304773465,-3.510677471828366,0.599302997751582,0.3015713096967772,19.610864492342166
35.11227253684227,52.220685116834375,35.49032677362122,0.6955723927071948,0.2407703805903798,0.2495412584662256,31.857949844273147,59.06897894470758,0.1122725368422692,0.5303561073278409,0.5577165999571577,15.35950623932138
33.292278113687665,63.37490368782584,34.31328556474474,0.4315200851743759,0.0352446688785472,0.2599169919431086,63.52310559703225,33.364857643928545,-1.707721886312335,1.8484902878174811,0.3059623461711575,24.193256875285435
41.57501617282772,42.84621344478428,41.91460421755151,0.1149193428289913,0.6621472508224605,0.2622825523449519,35.5057020469624,28.64220943815742,6.575016172827716,1.1978088921150762,0.3320900788971705,20.758296648864334
43.3098131190539,62.51266712416685,45.5252031856169,0.1749652549492975,0.3637281730621052,0.2554100826963074,68.31774808519638,36.21860460886029,8.3098131190539,1.8355805867298047,0.2457798568030137,28.883729964981725
34.92691912690541,86.15121975341262,34.52836226213243,0.613085673307465,0.1064339971971442,0.3152544379542175,59.50698153550515,16.763794807290587,-0.0730808730945895,3.349902550725389,0.4402746216081171,22.936185940153937
36.86922100762363,72.60210786227987,35.115567873358,0.7401123769193432,0.6094819188202075,0.7042846294285241,79.92588482083632,7.640791070778787,1.8692210076236293,9.24983420686188,0.6469861169768318,29.094709763695978
38.502792073382686,56.80046990077392,41.46695822548666,0.5623808337406752,0.2600270838370637,0.3157083211720551,20.909743762249057,65.07830567789293,3.502792073382686,0.3164388606477934,0.4945268816332751,16.086288320544057
34.55392878803221,57.843724248981154,34.56837593250622,0.5686544059616765,0.100428619912614,0.4475625235754782,39.765854568216696,18.474219892329803,-0.4460712119677907,2.04197419912461,0.4315553749825734,20.874526389872447
39.01618606207138,90.0,41.06538243241493,0.6873451177530978,0.5638026305099904,0.4524203104687682,24.65284077893913,20.875664899645997,4.016186062071377,1.1269527528435526,0.6568950190259166,16.267385622674222
39.30622785222307,53.18577777088328,40.36579858480252,0.0952685249173725,0.4711644916378518,0.8406404224331675,17.711275033565624,56.32326170171904,4.306227852223067,0.3089718642621218,0.2807991874082134,24.73710364033624
32.97593047400119,55.9671162221518,33.852041610974254,0.7640465819891796,0.1097688937217639,0.2171849677158995,63.38258948841065,57.70011334557971,-2.0240695259988115,1.0797694565811864,0.5279760278216263,20.653711826503624
34.60249990818491,63.049791287909294,36.89860488139333,0.7963398900557377,0.1636689831651448,0.7682837015621462,80.16239113863344,6.710346357511293,-0.3975000918150897,10.396730240340052,0.5467422378443526,30.95600537387448
40.29268233584766,40.673161309759706,40.0229356315443,0.4620045277677784,0.09324694689564,0.6887098199016073,11.868454258817948,24.38853212170273,5.292682335847658,0.4674730386902717,0.3933083464705411,21.153733725343823
35.795585217642845,54.422372957489394,36.004501625183416,0.6931668060420162,0.1228441391669501,0.2257952091633868,54.65205247831132,30.64129053864765,0.7955852176428451,1.7272384137289725,0.4981012728969834,20.468333695229727
37.85591964293689,42.2421931868605,37.48849368970603,0.2801061832349426,0.2743373940607363,0.6506135096450851,79.5148762531262,73.5019966153425,2.8559196429368896,1.0672851717473486,0.2708500519060602,33.81273265165096
36.53740687044704,71.18021250146944,38.69095435361045,0.7080278355073574,0.6660113779641643,0.5388014874399925,36.49049791564516,43.586500809068085,1.537406870447036,0.8184203122803405,0.6881296167780184,18.1809449246594
34.935821087130506,54.090087792780686,36.12414396710723,0.2432005023942667,0.4420211548081144,0.6389725743710526,70.32765220808673,84.95439993081968,-0.0641789128694938,0.8181972332386693,0.3081989956709076,30.246115459753604
31.560575436080324,31.43685771897251,35.64186619796443,0.8033535893264244,0.6064962284777901,0.6484267347029083,87.06553024091991,79.06335534892402,-3.439424563919676,1.0874579245583669,0.6768954918982717,27.50700857226132
39.08776626246759,78.91757594837458,40.24173455527709,0.5920338139671626,0.6730446272018785,0.4796926729649667,48.07759079248615,61.25812653827547,4.087766262467589,0.772229963632598,0.609056085748375,21.48691802165986
37.85637497652082,45.9794853407318,39.74083382355692,0.342544598609097,0.6330518424957,0.6609103962728721,85.73278019870982,19.54230718285877,2.8563749765208186,4.173473769793895,0.4097095317154584,32.92332353288842
44.17823145407115,75.93525716184934,43.453670244725046,0.0811504133501324,0.5100593989656218,0.3994464044456213,32.29331735427371,40.34085808412038,9.178231454071152,0.7811477277168091,0.2694147503454923,23.75519944039581
34.006053853773786,68.91760192121856,34.24781922060702,0.8328203747113124,0.4082766746187897,0.6863174022945575,75.60606299455934,59.57936997716929,-0.9939461462262144,1.2480496747168746,0.646569164217865,27.314762792985867
35.214265541797886,52.47784272122816,40.51208357642683,0.4141375933869251,0.0931068592351301,0.7110687235576242,55.74028585338412,76.11271788125094,0.2142655417978858,0.7228416710615865,0.3206743279493099,28.789842908198796
29.161319504480897,33.0343767968527,31.60483725838075,0.549827090231522,0.2297631739748375,0.8707931289767804,14.683630488500643,39.87581635917628,-5.838680495519103,0.3592253756958738,0.4841415758428637,18.755582989867595
43.31828858292285,38.64401383835731,43.73911941879364,0.7019517828324313,0.3581952129802905,0.4615470773388963,27.7946139476484,15.28165629027185,8.318288582922847,1.7071121912980958,0.6008350196458976,19.43404782414419
41.50626011819103,59.886944748732496,41.40937826497159,0.3641845946171329,0.4319741611000594,0.2903506385010838,16.16439694113092,85.52108643514178,6.50626011819103,0.1868260976270579,0.4319386081591666,16.498198145727795
34.82630091546494,45.88267019358352,38.0688463800687,0.5889163339799262,0.4099113787108287,0.2359559521492477,20.48207174139984,19.515302100283638,-0.173699084535059,0.9983802159616586,0.5558411422598044,12.768639672154704
40.04165862457719,61.10578430686802,43.08191082081921,0.6574340055347789,0.6391290268228992,0.1192301309574853,80.99574511350357,51.5473685555685,5.041658624577188,1.5413853698087867,0.6052033662542335,23.57770600264596
37.79623878229389,89.7899430997254,37.23757202974228,0.3073359917276388,0.1463415615947922,0.5128720259564742,24.786915001783782,23.297868891795915,2.796238782293884,1.0201271194673782,0.3035171485132372,21.56023915268429
40.069738916611634,64.52757702522955,41.41788087350444,0.8140921658333611,0.4367989398702877,0.529902043093444,70.37987756054824,65.60621480824797,5.069738916611634,1.0566563159783848,0.6491151039005547,26.43447372849013
32.989882541448765,20.0,32.53143517434651,0.3832526627858337,0.1758184872838809,0.3115272260562562,41.944803615674985,59.686426630929645,-2.010117458551236,0.6911727373695332,0.3407523402409894,20.07602253103211
39.42403980538256,51.38113518072186,39.16474846835607,0.1437631245441867,0.3541521580236909,0.1207396062768614,11.53689283748326,81.83601054114058,4.424039805382556,0.1392738829660737,0.280966629296136,14.766053353641457
35.26201509027074,27.952904856160824,34.151074925032134,0.7762708111068273,0.2898987477509663,0.2943845194761951,13.189935890203266,47.185085667554375,0.2620150902707365,0.2737348228704045,0.639542175099183,11.387974131031816
37.88853508653485,59.00689976517225,40.85987495009022,0.2003363046522584,0.3787796774151913,0.5033250156806642,88.26552221906641,19.3174468462128,2.888535086534852,4.344321552169792,0.245570163796846,33.80923374814089
40.25406886947868,63.96100104774787,39.06331752035095,0.1494947192004082,0.6504013020481811,0.1683659601669984,52.552660248384136,36.67585604100252,5.25406886947868,1.3948630706941665,0.3322645618863151,22.330813751837876
36.33152767873258,51.11805905999346,40.33516888019978,0.8348943262943486,0.2867710085047633,0.1117657494439832,60.59853149384464,33.87115274092263,1.3315276787325845,1.7377840057099674,0.6263693668341934,18.537250364643693
36.14621139315261,51.62851897160975,37.65470166386674,0.2759779410960029,0.5830508009019596,0.3032806501714671,38.50957914718949,5.310786464295188,1.146211393152612,6.102183834783004,0.4019924257810001,19.15900938145483
44.39582437978138,63.69449759820363,45.85432273274528,0.1320543700668718,0.3101235944363336,0.3791396700286759,27.79101644590773,84.25773816207482,9.39582437978138,0.3259647399169452,0.2444786839251154,23.29496194978027
40.12729148710924,55.23368571372201,39.016660694933215,0.4212761275628031,0.1640979200080602,0.4924622617091296,60.46319269224232,73.27303047574792,5.12729148710924,0.814066590590849,0.3415318598478576,28.3129082735395
34.87896952651024,63.482644684473165,33.06645844530234,0.2503743190339991,0.5321126508531113,0.7763652842218532,84.15353788515927,75.65589343264512,-0.1210304734897604,1.0978091066031612,0.3257048487911736,34.20454231706305
36.23864528766557,73.12549345889714,37.9516476758068,0.6136435424219562,0.2992405178631875,0.5620987948886765,74.50379142552572,37.5599985457853,1.2386452876655696,1.9321523401268168,0.4834544893866042,28.51198991441594
37.09804069703577,52.405809101148655,38.80999092538596,0.3881033576108872,0.4697652099601832,0.6958501096641302,34.25934581939092,57.30456645342881,2.0980406970357706,0.5875928405497332,0.4395322317351964,23.27470854675976
35.089370212939535,20.0,36.79513498400737,0.1047669754668624,0.3896048999515073,0.8426817024000668,78.15520148941879,15.73409516968836,0.089370212939535,4.670416936016164,0.2015864537761509,35.71206433665442
31.479594167140437,79.1101836402999,32.59660529485872,0.8236282202049169,0.6512788941185278,0.1801728250713627,11.191233989714844,30.772696469572367,-3.5204058328595664,0.3522280206979696,0.7783693663687936,6.074658947704638
35.875598828456184,71.05225357474642,36.888885383959526,0.3241161172180172,0.1982990824448041,0.753957988924935,32.83090929774079,89.08341809074982,0.8755988284561838,0.3644500840839211,0.3211284857665107,25.12475001971036
35.920500258826515,64.28731391507796,37.43365931830214,0.2650828115057548,0.6428782794570905,0.3954540560879158,76.56860246737175,84.35541721460639,0.9205002588265144,0.8970561560827213,0.3753445682732083,27.62655880158396
33.46457025519547,54.70543301609978,35.49442187532523,0.5479309132527973,0.0048145735537545,0.247819096578219,23.90737735175348,45.55433450398372,-1.5354297448045315,0.5135370875016524,0.4062955426660512,15.458259049732096
28.672282368465112,53.010493804261394,28.66292437045101,0.6036589176194951,0.6984245723071404,0.1084408204591143,62.66452039030238,9.293135020743982,-6.327717631534888,6.087991682224433,0.6090582018735368,15.90414841908028
33.61282512772638,63.25078148536828,34.66423284902672,0.8430623212513765,0.463339542845908,0.4855338976222905,63.4423912800994,85.22080022930938,-1.3871748722736186,0.7358130649607817,0.681396864324499,21.88247564738788
41.39510740794876,67.26649448800431,41.4101713017492,0.1901774176846618,0.5835508073326205,0.80434859918095,59.86114767938764,58.88060425575756,6.395107407948757,0.9996750771537504,0.3293105451311957,32.1707899491234
37.68547312475988,48.1167360569659,38.238672917324585,0.6211621060052719,0.1374934511104121,0.6699133304056253,64.49231880448355,72.19365664036006,2.6854731247598806,0.8811189625539425,0.4494529801318032,29.116112934041382
37.8658343583279,34.45295530631383,39.89612122484628,0.2173483723263422,0.6288705266088244,0.2485322569083193,29.97766039901309,9.653323492065583,2.865834358327902,2.8139256656704306,0.3890925209794396,17.580761891079685
37.974748845967646,55.04569030230122,38.3463036776858,0.7186607423284128,0.2822474432286759,0.6365398551480322,48.34605593281652,48.348731741647256,2.974748845967646,0.9796818322691656,0.5675246224328339,24.1159286883959
43.13095565201032,63.689372494016325,46.439751452272674,0.2931540098040218,0.2276478373933479,0.514675675162715,23.98811496649347,46.06063084143073,8.130955652010314,0.5097278667453619,0.320198642133924,22.99000915053934
44.386829302944136,59.2024173822941,44.84424354880406,0.4038350443609081,0.6457039985592871,0.1044805043807491,53.79133922174817,22.88162693003604,9.386829302944136,2.25241518843486,0.4822208869625828,21.3423815796362
37.83353123179021,67.00614287841523,39.45087981053664,0.5891953665165843,0.0571024479279561,0.4989608724929027,49.09506585998683,39.39556804012676,2.833531231790211,1.2153577296206963,0.4215528884283506,24.593282520771066
36.817655934578006,71.89075376158252,38.400884299973576,0.7403974650870976,0.3417243727175698,0.5424163923701918,41.60612668814565,11.168857833800416,1.8176559345780063,3.4190658857546845,0.6051496641793838,20.726006967617757
37.92819974943055,32.726530473251444,40.61044856720544,0.5737205494927636,0.2999205326941568,0.2546832436621972,26.346840686669797,37.60322823561983,2.928199749430547,0.6825035596986454,0.5078616488172354,15.925271810745604
35.100218755356174,55.51125202388839,36.30969626668002,0.3995967085324966,0.0227104122330308,0.3033562709945035,52.74441920557472,44.72792351307366,0.1002187553561739,1.153440067981548,0.2938267295838325,23.51538641776202
39.48268839020271,44.61368530189216,40.48538069951987,0.4644064531236998,0.6877648905792271,0.1813427054919411,44.73946279302939,67.74281416154362,4.482688390202711,0.6508238473899679,0.5402338762549587,18.11174446250221
37.222899649154776,56.01783265791105,38.18057283074893,0.5813755079911747,0.407900114541277,0.8024530469014305,57.73553315553651,89.29332193338253,2.222899649154776,0.6394219629900557,0.5134598060015514,28.20596771193916
38.29087424135236,32.81632646838807,39.62676455227226,0.8284625303778662,0.3598668097858817,0.8709574717605827,47.984306592037306,24.63324139488541,3.2908742413523555,1.871956256051628,0.6570532545704468,25.872832673124663
33.88678109839075,82.57275515192684,37.20019603988271,0.4380757279836321,0.2366590865563829,0.3328200550338222,40.98814633918848,13.037289305823,-1.113218901609251,2.9199473948425085,0.3928550164179056,19.74938994753808
37.83075074865244,56.72539118721126,37.615915600018326,0.573306189622299,0.1514329443415789,0.0552562492447621,34.33378827951498,50.35743916128292,2.830750748652441,0.668526095541741,0.4550798087963381,15.74126238961574
36.78282053392875,69.78594993519795,37.0191798259614,0.454507322737567,0.1306479578583778,0.7282983299363404,23.247380606872696,51.04962719498631,1.7828205339287493,0.4466387534301495,0.3886514003931808,22.56514772263021
40.14833841496981,89.36413858886112,40.498254064940575,0.2846468886244517,0.6743522243122265,0.6014350468107654,87.09376906725072,81.7782578903077,5.148338414969807,1.0521333896958989,0.3860000314010882,33.481997557579625
39.18838952468016,71.28843348747367,40.76826886953794,0.2266822263704071,0.2482663434895579,0.1741178664024181,22.229473208131317,58.376492504147166,4.188389524680154,0.3743817169156411,0.2882597656609803,17.3968558900687
30.549136515241397,61.20698646177247,30.101951908796863,0.2697630520383136,0.6316891233002724,0.3929588236729496,71.28964617631911,78.95211866921407,-4.450863484758607,0.8916542471033918,0.3800749220367507,24.68044380472147
44.52462827776236,62.45048834854782,46.23751618483833,0.371509759912584,0.4029154000480573,0.3084804405755912,20.78419038536293,42.97285965146839,9.52462827776236,0.4726595120285492,0.4229962855766047,18.79556328189964
37.19408651177931,56.32610329437771,36.42262778628273,0.5329097604475,0.5728662973456746,0.4220593011935101,50.11171339798446,73.22578075293869,2.194086511779311,0.6751254468414666,0.5414940320742179,21.454859533553904
39.63417709069133,38.63550354677203,39.89289205609096,0.3002223913682832,0.2908101004144627,0.3504522132516124,42.77196262679189,30.90467758777269,4.634177090691324,1.3406172969189958,0.3246045023185168,23.101288735411064
38.88587342854398,33.4258303252395,37.78703103970703,0.377736842700794,0.0676513840014265,0.7037019631857656,22.085416992924888,25.549983135772933,3.885873428543981,0.8318429763206676,0.3248521038279795,23.652130398134357
34.95513729427526,71.20072098571973,33.81178038450767,0.1783700914169811,0.3723102365535116,0.0792666122873173,81.09737767697048,68.72668847660118,-0.0448627057247392,1.1630751359170752,0.2376177481392716,26.245279373586985
31.95646418265982,59.96320348321686,30.34095527906501,0.8349422694098356,0.1207667138624534,0.1541231826710908,91.97002489305883,13.333785739429883,-3.0435358173401816,6.416310845226635,0.5452253509115785,24.639406636045308
37.60120704584751,57.857495196686,35.5788551970876,0.1052367250516797,0.3094233946517864,0.4857229574877199,52.57451150061593,11.73621652104395,2.6012070458475094,4.127953651992919,0.2033945419259278,27.41046932361978
32.14324554884907,25.36800150469193,34.298198645851905,0.3855583951658508,0.5791115048160721,0.2518608093939763,80.54486542305769,33.91895452835685,-2.856754451150927,2.306623050745953,0.4245236231212744,24.72012365630918
34.791107822876114,59.33040443919786,36.02384083717415,0.7364186168057834,0.6642864669329009,0.8716288877616915,37.97127125416188,61.916956805689,-0.2088921771238858,0.6035141110119376,0.7031658389091784,21.82193112515228
48.0,81.24365114780409,46.99076595020701,0.7621129099168117,0.2394753346045158,0.7113393605107193,46.56213222823023,53.64679077855651,13.0,0.8520561146383236,0.5825482141032114,28.09094495463137
41.176643508276285,46.11303611270659,42.05991135407157,0.8425433256526126,0.3828502131898338,0.1252915886911474,90.00870895707783,44.10872325740348,6.176643508276285,1.995372567817138,0.6303723503914398,25.746385869607845
32.42811880867751,75.46210644960766,34.418808737204834,0.1675701676705677,0.287838242217782,0.0831141693961945,93.29621302545368,11.296367112888058,-2.5718811913224897,7.587298928938785,0.1935973602422215,28.352043836962128
37.11497929173927,72.59686956379961,36.30594573462709,0.4138114740421288,0.294007703006964,0.2962687861774824,81.49317450236862,50.594882561802585,2.114979291739268,1.5794817326069608,0.3549960208249978,28.41861290945021
39.98917442049305,52.37560364956887,40.86454042887828,0.5753048589663009,0.2923668970718963,0.8840689407825854,23.813440550283783,24.27448247904385,4.98917442049305,0.9421930031615294,0.5090795439510656,24.0331399894049
33.49752698646097,70.36093788717193,32.90249523671549,0.3881829095151458,0.231199267251459,0.4663179877900046,18.99270422318791,67.00932086799727,-1.5024730135390314,0.2792661944096135,0.3832768216613372,17.284281979653088
29.965042054307546,50.84780050166619,29.77105868929441,0.0591343867632589,0.3849079939433436,0.2250830304954174,22.742286526006872,75.37362113635156,-5.034957945692458,0.2977767216956303,0.2282107437149515,15.481712034960571
37.58685474573329,78.97970755757075,38.12549762005959,0.5696071437659579,0.6847544679685907,0.2192294069455368,55.831472500821725,65.17556526960107,2.586854745733291,0.843687126409314,0.5913591541493303,19.36623532990257
36.5410542341324,51.946294598464576,37.98786852066817,0.8458554351727609,0.6863977589425064,0.3306325577682637,27.97165692990745,51.79635055269962,1.5410542341324032,0.5298028488159809,0.7854609318565009,12.74070278152289
46.08277143121758,55.92519774771957,43.90264060853732,0.708387044033414,0.1525239657387208,0.4875308646932628,74.286358243325,44.17384249792042,11.08277143121758,1.6444551566926098,0.4965030578983396,31.004854799312728
34.199516740243304,58.588702961667245,35.69012530256007,0.6732820691166295,0.6940729430791706,0.315909067895587,80.03119243809647,8.260928215234596,-0.800483259756696,8.641811120665201,0.6321599319556324,23.40495246162872
36.411770473991446,49.94371043322941,37.388425840686,0.1069266281387462,0.1543122029717932,0.2031348505727263,94.6298400173197,44.56639265737445,1.4117704739914458,2.076746358415204,0.115819797757466,32.635762575620454
41.63244349400027,40.90996909271868,41.46999925790429,0.6742924024055054,0.0293406517013802,0.3049129540453558,45.32836147247819,77.75364111526031,6.63244349400027,0.5755716285693715,0.4680492754812391,22.24454316641449
38.03953117699369,52.40392263574196,37.72330514376024,0.0579390569022685,0.5426708362844644,0.3424778751720257,68.091500288368,62.54821426497087,3.039531176993691,1.0714935278032114,0.2294731847383324,28.06521230108238
39.17344076951974,63.73146555202924,42.768923491805495,0.590821030442038,0.5928210571002669,0.0602025731817801,30.301838634306588,20.5484487067772,4.173440769519743,1.4062190298077633,0.6020370967609963,13.12834114714886
38.61620342725816,39.40141109311704,40.64663837540617,0.0918840161499779,0.1194958543187361,0.7717333169648747,39.96088899018485,20.158178556398383,3.616203427258157,1.888673398027468,0.1510182769954227,29.86790606691974
33.828508670950626,28.58855861266273,36.5984914654853,0.5498992796855992,0.1077299332856415,0.3390037281509083,62.114880320885526,70.17531028875854,-1.171491329049374,0.8727026277635488,0.4001436674761663,23.83760643682598
31.14594020747153,53.78925129837126,30.416313709861853,0.5653193771807328,0.3264095890578731,0.1619338679207759,39.71722389865639,81.0535435206606,-3.8540597925284734,0.4840403253109456,0.4973972791271452,14.996753927211149
43.66189777785031,69.25461387960364,46.90140243451511,0.3602608719335449,0.6103391428963538,0.886154845727779,83.75646798843285,51.31494331249844,8.661897777850307,1.601004659187364,0.4155017980406003,37.35624113754806
34.992971825661854,61.45062470786604,34.819084781839656,0.1835624709977589,0.2458535711441466,0.7822053391811898,25.99973698036888,49.59714606827789,-0.0070281743381457,0.5138577765885006,0.2578938169615304,24.61906788661637
35.2410757669033,57.20189517978324,36.19568118050782,0.5776086149126162,0.1293868785629174,0.4735830740501016,67.25683571971908,79.40587539156466,0.2410757669033003,0.8364666809755914,0.4181243967967258,26.726533083327038
38.37090138551082,22.964886790319568,39.87348291337908,0.7678926926327455,0.3473674553305697,0.313699991182999,17.20512312623832,52.32956062365614,3.37090138551082,0.3226188801301768,0.6477407290525798,13.296057528565498
37.055717167651785,57.52691464404421,38.40890086031845,0.5915526263974699,0.0756311915634849,0.8801249917177578,17.685613112291165,84.38893057357247,2.0557171676517854,0.2071183348180354,0.4599353201952362,22.693385371809885
35.87286156455797,55.28274434417271,40.78315030928263,0.2001779245538016,0.5874026256495267,0.340759019458922,80.34687221467803,39.23677039395207,0.8728615645579723,1.9968519199730517,0.3159806702124609,28.446016171366274
39.15564017473864,85.09139332238684,39.77392605977062,0.372880801889273,0.4335729785565513,0.6166828041086361,23.67312494623332,17.801931010824127,4.155640174738636,1.259079449478082,0.4301272497542958,21.183163194810835
38.50920197217941,44.07995588156298,37.7779568950101,0.5831704380214686,0.2814190518217684,0.8143615805458222,51.426858673305816,23.620029710090083,3.509201972179412,2.0888219583353886,0.4829011196861059,28.162238637476875
34.12062316642117,68.25489906230008,35.71876881305839,0.4661359138486008,0.4055201266633564,0.3153612760837599,92.66830003022764,77.62395863268281,-0.8793768335788315,1.1786267397595367,0.4086692862779398,28.894274078158645
40.3984083880841,67.57736161677462,41.42095001351475,0.6534119786776181,0.0228613425491471,0.8605877166552361,22.26652371343593,19.19076521792988,5.3984083880841,1.10280732171868,0.4766390662578791,24.3351975838792
32.02138118675433,79.3701768770434,31.32849517710878,0.5694578596615053,0.0090282288526678,0.3058213716868784,12.760015593798604,74.93462065774821,-2.9786188132456672,0.1680394987592079,0.4316231688589049,13.26617858848509
44.54474360484212,64.19160857593855,47.84883537740641,0.6640541028143346,0.021324580416272,0.3758875698995201,20.719362042683123,25.34643608907394,9.544743604842118,0.7864199154919322,0.4841104737707992,19.3460986207865
36.06165146649941,60.19732713846989,37.5486388197532,0.4503209165681609,0.3009896498847418,0.26446752571488,72.49442403863566,81.1818209000842,1.0616514664994128,0.8821223872220307,0.3879950208676834,25.54395176875301
42.862595075686215,62.84253232053249,45.88636364901927,0.6927861946375077,0.5439344999562292,0.1674064991692101,81.09217907988395,37.8493179678745,7.862595075686215,2.0873514213799367,0.5977598876894893,25.39735637251963
38.606846888395765,40.40396588677667,41.47198930555015,0.0511790576690491,0.1903990237410492,0.5208942671776613,88.7597575735624,88.11756394765145,3.606846888395765,0.9959850072394344,0.0990673841501818,36.43968821414865
46.82120055964358,42.007377276782485,46.8013677500393,0.846926138799023,0.5895157636552667,0.3662370326403762,33.62074570895926,10.236678749859886,11.82120055964358,2.992053653698918,0.7513896666670344,18.3900073864028
36.191229390264425,62.12047349319929,39.23017578931163,0.0811439706605339,0.385464365608596,0.8473545186329117,10.732615220301325,28.391168000745434,1.191229390264425,0.3651646378949321,0.2535930768585979,22.86948320556722
33.907960864578136,41.72795928959648,35.27539650433614,0.7287403032724198,0.2420642688872974,0.3662699167184615,66.64462089906812,82.42090929412907,-1.0920391354218637,0.7988958818956241,0.543218841730573,23.099210822417103
38.1844811082583,56.17952785474136,40.63617281176344,0.0885488099146369,0.5324029497186976,0.6492847704005539,60.689452287225954,27.75181716151529,3.1844811082583035,2.1108040561853474,0.2521607185771655,30.292387652389262
37.739344494779495,69.29311820804408,36.73962248206368,0.3304164274289294,0.0561307297684793,0.5052111021331285,47.665824352447736,82.66683699054903,2.7393444947794947,0.5697098882539572,0.2674232510354537,26.298297365767112
35.54864575824136,45.249961287648105,35.02034082264126,0.5262426127419912,0.2706949399307845,0.3449151078209479,38.761268603643344,58.82785797368656,0.5486457582413635,0.6478799328013932,0.4581927810207867,19.205424288656136
38.24363026239202,37.448304609109606,39.928004495184815,0.3901825483501551,0.378207572253215,0.1262955754761335,90.94244123533664,32.20506295560451,3.243630262392017,2.7388124924481416,0.3566293594507209,28.33504655846397
40.50944916230269,62.742674306724375,41.94149171476092,0.1537431825793883,0.4115941406246829,0.1386661242490998,31.280492013522714,64.60993407751265,5.509449162302687,0.4767645700812232,0.2844436597215151,18.956687590155404
33.32230306306479,51.33765047064027,34.401892032463714,0.061754710923963,0.5409399937655553,0.8507494865653061,87.76097074973464,78.4742539115238,-1.677696936935213,1.1042691995251217,0.2115738539343098,36.68150850332843
37.51241765964316,63.90335083421293,38.03517990721626,0.1068279112352016,0.1374060116177469,0.146871004051355,93.3646998230524,71.89294294740208,2.5124176596431558,1.2808468974894085,0.1119538504033926,32.149934303774764
35.05854580868358,42.46979420110364,35.80591624064026,0.4737277791564959,0.4172573686668142,0.7789010165891351,31.491179058674582,87.88240942515291,0.0585458086835828,0.3543015908585717,0.4779226990352672,22.665744365130568
38.6537396128948,47.75884716726952,38.35177647910231,0.614368664226789,0.4984959321164234,0.822502523059333,14.277449299446436,86.80105189863491,3.653739612894803,0.1626113695759539,0.603892528871554,19.5653356203611
36.12359788476454,34.65127293064893,36.51852826581152,0.2480478162239091,0.3678292151491252,0.8359455224593412,19.65991328922115,15.410920432275264,1.1235978847645427,1.1979774912902577,0.3395175409898618,23.32505625082864
37.42572091076759,54.656979065516765,39.016683749564194,0.6051596724081254,0.1636185544257209,0.6927633989907634,39.81033197932717,48.27463774093937,2.425720910767588,0.8079274410626692,0.4723710377932643,24.363820886829085
40.74271357258984,69.9746634722194,43.19070357333153,0.2432294733613454,0.2553757291454591,0.5458111609565739,20.31661358663267,78.04262084099047,5.742713572589842,0.2570336531161267,0.3022337891738123,22.04481228375277
36.12131244864995,49.77021798388211,39.52934639219266,0.4450512323655429,0.5548163692463942,0.5988662868483956,56.450490687157,52.24901920691154,1.1213124486499524,1.060122637523245,0.477025159506087,25.306419991090284
33.09650698809067,45.18886475308864,36.46032070234362,0.3967777862045075,0.0564307836187212,0.7159762771997226,76.54850721189365,15.968094755601118,-1.9034930119093327,4.511320116633908,0.2784473995964272,32.585195038579585
38.5296389847362,56.39267351711672,39.04989956790307,0.7683353495661326,0.3788890776591746,0.5338254936600135,45.16156950457259,7.099270303319459,3.529638984736202,5.576004727989294,0.6295063635328593,21.533545706280485
33.00658383704484,56.62839558664785,32.81639424221963,0.7533486180809981,0.3905115729620512,0.4844297482515383,63.42283150710327,32.660553858021665,-1.993416162955164,1.8841885898436852,0.6057398112301109,22.68956999711283
37.27920833996008,57.88073674735048,38.64687976651901,0.6330891538159575,0.3266851846190858,0.637559664218091,64.17068330573204,21.76562662419643,2.2792083399600784,2.818753217955717,0.5136883643695682,27.469760806143466
45.30160319458176,43.79182481278265,47.00441343690086,0.5406333479099033,0.4038168409178459,0.871333153085958,90.22014248802122,40.35266061528831,10.30160319458176,2.18172521781262,0.4553049185332745,38.717419715368834
35.695905871328634,68.26068094541574,36.3248952907909,0.2436176639847017,0.3501949746454322,0.7853104344690848,41.98204299308587,83.05422800729642,0.6959058713286339,0.4994637865146007,0.3092470477913648,27.12824873133333
33.86698683065505,72.8420573338696,34.151672139689296,0.3198764374152741,0.4741751909222109,0.7091795022111494,22.2604017950388,64.00119058798013,-1.1330131693449488,0.3424614471470179,0.4119180179307889,20.400320292150784
30.35615626593604,75.10675669034717,32.25533229541859,0.6569722569311366,0.6316822932774723,0.5352258458369473,26.144453211186704,27.822506476787108,-4.643843734063964,0.9070846504013368,0.6575435889307369,14.45816501490591
37.27007392564044,62.61753634434436,35.40627773717458,0.4996582355220568,0.0281806021064624,0.6578562668443547,17.43042866904213,35.78543623750288,2.270073925640439,0.4738404774243712,0.3908186932761307,20.86547516638928
42.76046886179789,56.34371021882873,44.46200401758622,0.7035791258174694,0.4379773385829468,0.6514774978794551,77.92198239061614,14.59294230058479,7.760468861797889,4.997259714588554,0.5756186946747496,31.22729916669992
39.34742837520108,79.50147298451644,41.18551413061781,0.6205655066260942,0.5072188007933403,0.6665658601996289,64.4380182894265,25.93960101559566,4.347428375201083,2.391944047431235,0.5600669259242321,27.80094153803863
42.38168018461991,44.97783871691509,43.33550043099979,0.2581892783881834,0.6911353110056822,0.5306035487896573,63.19650157350194,80.38068085486154,7.38168018461991,0.7765541023945205,0.3990576587611127,28.71333659624829
34.75927583921212,69.88063524304785,38.48893352018102,0.3368627692198985,0.0479153167962117,0.1423801584684882,53.01379885500611,11.09750421853112,-0.2407241607878774,4.382209577889533,0.2634784577157965,21.78221094245127
40.03587688197307,73.716131090106,41.09370963514954,0.4081387403283346,0.2015617398731947,0.2613141519213103,24.85640921436937,29.240860660854064,5.035876881973067,0.8219478107164222,0.3804953569445898,18.18141639875234
36.91639362414341,63.047647653556055,37.039792159249366,0.2032743565878605,0.4289570848755573,0.7089493580641977,82.38441900146518,82.21485911782841,1.91639362414341,0.9900205308863484,0.2682673204139184,34.590145445758964
41.22848890487566,31.354117645236258,39.56196746132036,0.6702769203225085,0.451321674003773,0.5984357894679644,50.61872516761655,28.14680876039204,6.228488904875661,1.7366815552172203,0.5869439292270204,24.750478246141668
32.67577383836695,58.19794942356533,34.770502881768394,0.55591305946271,0.5743413091361923,0.1276268741835235,65.33259834357628,63.97838409791353,-2.324226161633049,1.0054512627634598,0.5405176300749073,19.05732194778645
35.063063708535,36.85538471963192,37.79510435861008,0.8181084835243577,0.6884970445595641,0.2116094513708998,79.35624210029256,44.469771239982045,0.0630637085349974,1.7452527236493725,0.7180579613821912,21.21014001095151
38.71847287653034,26.87241295531383,40.29703913732752,0.5277242447922414,0.2682507561630761,0.8231560824443027,49.16053456460342,60.61004129535202,3.718472876530342,0.7979305569514719,0.4479492391596643,28.373837833502897
34.45045149077393,37.0954475236528,36.092395430602885,0.1038047311738942,0.0862986455092627,0.2573960069996014,68.15777139102136,10.57606502032751,-0.5495485092260708,5.887818638832511,0.120014660966094,27.69663367611964
38.54126951891535,61.607121069405984,38.43466446188809,0.1626423591141408,0.0389238651763224,0.8951807572828576,94.2880691517044,78.25672498006054,3.5412695189153496,1.189653864393532,0.1149745058696768,42.1223806087593
37.71080400373302,33.90523804492249,38.88736513142445,0.1622596145548119,0.0602924973445762,0.4236285005069639,49.66806824562345,21.076789187772903,2.710804003733017,2.249786770312225,0.1657754496906366,26.909341710884323
32.05219715648767,38.55587369657197,32.722170114998164,0.8207993927100706,0.2415586218592636,0.4245651509106495,74.16033396079816,52.759541280528616,-2.947802843512328,1.379482268530044,0.5907868882230233,23.99361162869159
39.85600197636837,69.11156781982324,42.88560571661798,0.8162318407905631,0.3510625722451164,0.8394867665847026,55.66843226178324,34.2907106367926,4.856001976368368,1.5774245192939156,0.6393894438860895,27.699820059239556
37.787444943476494,70.70647453918232,40.397877859337854,0.5960937769787219,0.5337128710724078,0.1611097250512937,49.8671198760201,9.17761317934005,2.787444943476494,4.899687087464415,0.5679030076329353,18.07363358585951
33.90869914184971,44.897640636341976,34.18321118569336,0.1574198807218204,0.3449737091729772,0.507635732393914,84.35321022080811,72.39140384824981,-1.0913008581502908,1.149360903290852,0.2135908309641773,32.17861574745441
33.676199534355845,77.16295121582893,32.94867787080433,0.111583573651973,0.0280972013597565,0.2852410121586123,51.6765615998354,25.99206005970031,-1.3238004656441549,1.914509729362582,0.1237027429992753,24.7101319997857
44.00908177369449,77.81974077883677,43.72898256263582,0.7626844279865174,0.5111552024300744,0.0987830671350325,63.39756075290873,87.6245453429965,9.00908177369449,0.7153499124598746,0.647559656768024,21.041569888513475
41.41320752806609,53.64200076543759,42.351318049091,0.0644992328365837,0.2710920879973889,0.0964187577314487,92.8546069135766,5.034131242153889,6.4132075280660885,15.388231244442084,0.1271725591875903,32.43157380292025
40.90218050848944,49.44078501870841,43.00030193563897,0.2709356462567195,0.1999952973626232,0.205391380258342,85.72073260461885,50.63302745272256,5.902180508489437,1.6601918739533232,0.2368392443581998,30.99530811838584
33.24869984033951,55.60887536805824,33.644101038284425,0.3261537667953684,0.4837390689174832,0.4825599595593981,76.35944085458844,12.348888105212946,-1.751300159660488,5.720284734783934,0.3644545398978775,28.076084013976317
35.92237266222177,67.90710232539618,36.44824822053731,0.4001290625185627,0.5826544777626964,0.8806912497003899,64.83775708057678,21.50094548790764,0.9223726622217684,2.881557004589945,0.4500360237593697,30.634782111445148
34.138785162960126,69.45818675192365,36.233444568511416,0.0851199541144041,0.5746867121093986,0.050508248009576,63.27403462609816,67.62753834036675,-0.8612148370398742,0.9219919023218168,0.2602039514753638,21.72290161597035
37.51688472790091,90.0,37.641301527557005,0.4521049941041043,0.2659853552757762,0.4482734454024644,41.64610337870906,64.44159829820082,2.516884727900909,0.6363857922439226,0.4094124996664864,22.342834165878276
40.89021779850692,57.91911182855864,39.466448092056666,0.1031706606210176,0.6551560737739917,0.2871570467956271,53.308254224057166,50.22738003473096,5.890217798506917,1.040620351615004,0.305140964280751,24.5131298357066
37.46269853717144,59.02888418294886,38.55001762779902,0.6109358892722078,0.5511603707044911,0.2336267243341113,86.29024775437715,15.749460859303548,2.462698537171434,5.151822406656565,0.5456193970202948,25.952507069997807
32.48379291513108,54.63706590413626,32.857118396360654,0.2278890437985362,0.1329552955202926,0.5581368113912869,43.17027671463958,40.985432324816806,-2.516207084868917,1.028220368928354,0.2334497382205699,24.606148699524397
37.68346175251177,40.96841946933107,37.63152739632445,0.6287549298839296,0.1060026200589743,0.3031804886316795,15.578217495114494,59.53427290568851,2.683461752511768,0.2573454135541551,0.4934755264529356,14.848936145873669
41.212611413331615,43.72046002391771,44.300492744851496,0.1751813728028804,0.5784385676651307,0.1872305331279828,80.08395093299399,46.59243353538532,6.212611413331615,1.6827034253974635,0.2985564430482734,28.575532711017388
42.22857101712971,75.6356021996743,40.65452114466368,0.3734317978038952,0.013408839885877,0.8794119957665928,64.90387090695833,11.182582251061705,7.22857101712971,5.327595543325965,0.2631778597411419,35.88564130151087
35.50071676980161,58.01739483809259,36.63480968819904,0.2373626967410673,0.2210412058746471,0.0562500878712629,81.66731352752836,45.24196935549414,0.5007167698016133,1.7660864073434026,0.2270626662795061,26.576413418395784
40.287610017500896,47.59365125258032,41.77136700793575,0.7779545150835135,0.6118502413136295,0.6367744198656197,74.60296665326977,50.97030043758088,5.287610017500896,1.435492310514386,0.6757248147909273,28.087027015405013
40.43063849280808,63.12194092307182,42.96309131354949,0.152293440977934,0.3019111944387102,0.0551399867063816,63.68127218747362,24.525884113074696,5.430638492808079,2.494772439825316,0.2182681507308998,24.924470964279266
35.19077472300369,71.86169079979021,37.10317547251998,0.1839928712752861,0.5671127629717917,0.4994012219014447,15.666085534981018,35.161886491605955,0.1907747230036918,0.433220914473516,0.3648634661217281,17.47699318439195
38.83672031691375,43.71765391614125,39.6258900886601,0.6499822387616566,0.0381957857978892,0.8530012744216094,73.30381218854339,24.894910876487423,3.836720316913748,2.83081925009069,0.4281442668078173,33.85028475919674
37.764396272079615,53.39046783993657,34.48935110810384,0.5920252911069477,0.5828282413282917,0.2315114263167901,46.57916976357116,27.769254539482468,2.764396272079616,1.6190607128748034,0.5834844772990849,18.072934586958404
39.5543698351095,57.113293703668056,40.04764719382239,0.1738628900781758,0.5380069316392414,0.4609733723407832,56.89555162169719,52.32028680699258,4.5543698351094974,1.0670526178459292,0.3088242619169807,26.991300587105027
36.264066654589286,71.28973174262549,35.950344417619846,0.4785252794780628,0.3341913326362475,0.7130408739840369,56.70000572518199,6.991801206227998,1.2640666545892856,7.094771786990368,0.43067256175253,27.685539139676404
34.89697991327696,45.91427615494992,33.29027298950721,0.5788114033978562,0.1268282953350579,0.3408127100951106,38.12775509131659,12.949210505822307,-0.1030200867230419,2.733327099437084,0.4472075755479145,19.12442586193993
31.37335561260711,70.01569138850712,33.865192966219546,0.1092843380598936,0.1060118653547501,0.5650122929025606,17.07690093430373,46.43476601443779,-3.62664438739289,0.3600081199748304,0.1802972615080575,20.109016450332287
30.230141481140723,62.27099225941712,32.22394553123864,0.7013005484729294,0.2288587170356726,0.5076086367858693,26.80367576473144,22.894921517452104,-4.769858518859277,1.1217310651200454,0.5626342684297281,15.882344932443573
34.076279840232324,66.6949079840401,34.744882252822904,0.5489944678912072,0.6697043037225449,0.3130491167253107,49.54859015845348,63.656405106047806,-0.923720159767676,0.7663369170801428,0.5807593816930343,18.28354990704161
45.36954910274184,62.29752465739303,46.268703641947646,0.8071652105203243,0.1272452070521533,0.1624284078337094,30.1212404475758,12.0477394185309,10.369549102741844,2.3085409266218533,0.5923514479802647,17.243980259232977
41.26669875835662,48.45421164210147,40.92938352357486,0.3235242224843922,0.6120151338959564,0.4412796930463503,32.85323132321556,59.33734507041584,6.266698758356618,0.5444924910911254,0.4448658423362067,21.043479655034584
34.20109796802966,51.86465114070962,36.37413904939085,0.4890869320618847,0.0242708929582464,0.1906748084641072,78.31394340957071,26.291050473729893,-0.7989020319703428,2.869583326774284,0.322419483715034,26.227101621270496
40.48928254688271,44.96390892010125,45.90385504978565,0.3467528065262121,0.6932326126555538,0.0921650220970603,30.86362931580909,57.32197297142023,5.489282546882713,0.5291938482762462,0.4851578383965844,15.429228418559664
34.27579337010047,20.0,36.17689289281886,0.2186344812400228,0.015795158193743,0.5973217635076,23.2338708092543,9.792457577524685,-0.7242066298995269,2.152787781870821,0.2126853653928823,22.39108948496214
39.67869019532015,45.22964659312257,42.72697988910955,0.3672429455919705,0.0359056942868509,0.6011948733652015,52.41227525876741,12.08721957034456,4.678690195320151,4.0048441899403,0.2787052003824701,28.951081973806524
46.783007918467305,52.29280129614062,49.54780779914896,0.2908368622674504,0.3842109610798198,0.3272447160090154,31.163036428716023,58.48363140570483,11.783007918467304,0.5238926355415368,0.3586023692557002,22.594887734914483
34.60242941822391,47.68132887781446,36.05454002289559,0.3645561608223377,0.0842713051523623,0.8313268263956665,85.85987298592099,59.241891713882886,-0.3975705817760868,1.4252519391939078,0.2581552150531904,36.51888249157906
39.59483955035857,49.449834551768085,40.104868205575656,0.8465048875991067,0.2795328061394558,0.8603110924450167,12.761360718664022,59.80432176015789,4.594839550358572,0.2098758829841256,0.6790014136826367,19.417903954230432
32.98343693299173,69.29704950869868,34.14271131215205,0.344677771035481,0.043428991869588,0.2407255328298261,61.04545529754526,41.63356034201696,-2.0165630670082706,1.431863883940809,0.2587899048846197,23.960134904314938
34.71528404086881,52.553995540843545,35.30972694216512,0.1161894684945519,0.009703495139002,0.145537473099611,57.52661579935232,71.2601929550343,-0.2847159591311907,0.7961038221299752,0.1150981138390794,24.554952498515537
38.53626179575723,64.94321903001119,39.602355646867125,0.62476315785804,0.2362179952749602,0.6715630009452689,66.60550911683946,18.376584584742385,3.536261795757227,3.437422566683208,0.4791177841804726,29.33651730338868
37.92901478864401,35.153653098887524,38.70497254516955,0.8308110586233709,0.4749499778048464,0.1123594573406622,40.136597750431626,68.35880782703086,2.929014788644011,0.5786806176156533,0.7008350307650448,14.101135114170493
38.256989330381096,47.741712489185176,39.17967601746962,0.2862323952383546,0.5075042534093831,0.8127778598441576,12.094774394087429,35.27648519421725,3.256989330381096,0.3334053541663244,0.4118959387717402,21.284360161168262
43.57987085400514,43.2265253037664,44.88344590990318,0.5983551065775212,0.4706686903041925,0.8601520972350172,82.77305786954612,86.56533254678489,8.579870854005136,0.9452720096200364,0.5174406131682243,35.718460837396364
39.85199372068955,72.81519082692346,38.1093848994266,0.0961857273800937,0.6379374330550415,0.3991218119673602,24.83237134382619,51.22962329869499,4.851993720689549,0.4754461122917318,0.3242602950007425,19.99261459997268
42.901424867798205,27.970293436299706,39.33444005893346,0.0800568723191259,0.591266136363157,0.824202324983368,55.309699658050455,40.8508105645707,7.901424867798205,1.3215920769972742,0.2701042646423721,32.823210473422336
30.937023540011072,67.16212409739673,32.1641346341191,0.0822806614877597,0.388312262297648,0.4971799112638107,89.9586659564747,55.754912701317785,-4.062976459988928,1.5850375178955385,0.1759034096254755,32.47577404845001
43.0921194256321,45.2959483344164,46.80125310238754,0.1387984790330518,0.0960039417069202,0.0671171716068963,42.729934736111744,49.355624400941096,8.092119425632099,0.848563298428947,0.1693503351957954,22.946185089997293
32.50911191375081,46.76912638388558,31.498378951701152,0.3084218766032751,0.129693795233478,0.1685327007743861,17.49209068821733,60.23843334471888,-2.4908880862491927,0.2856390951373975,0.3064691738437911,14.021633016444122
40.82056928200495,80.53322416952857,44.318974102534746,0.7471312273526834,0.1129571508718681,0.557715521581105,22.697439079246728,57.82812144673715,5.8205692820049535,0.3858263449700147,0.5594684425939238,19.62986112481042
43.19973762007016,69.46130752432536,45.49767225427304,0.3532752389375489,0.165853327434654,0.3035315860990043,27.99572163257752,31.296327776801093,8.19973762007016,0.8668391597352824,0.333725419960348,21.03436639057273
31.338517031798343,69.97015164789478,32.55300298401217,0.3961833088157637,0.4178374833826592,0.7920866749629228,63.18024260002351,63.28558535009788,-3.661482968201657,0.9828057449573696,0.3998809877042324,28.44505068513913
34.584059253136715,73.40399835826462,35.733798725786365,0.1315144806983494,0.0571191040033868,0.2730471200159066,82.46612481441753,8.711178940605725,-0.4159407468632849,8.49187573607554,0.1135782948056081,30.73878057642564
28.204776173519672,53.41077468543797,26.721939105235524,0.508085786305618,0.3302178862629073,0.2998292464291937,51.01191014485135,16.750873078894855,-6.795223826480328,2.873769077054732,0.4529049275173916,18.36018644146041
35.239822053212066,43.9670508611535,35.93362739990299,0.4491165316287535,0.2514461228878832,0.822821815775514,20.23214270797037,25.02310444053261,0.239822053212066,0.777468451321955,0.4246716131356466,22.040034355757157
36.7618985757528,56.14008087118617,38.60758038826317,0.6246649402976032,0.0369356805017218,0.7806985435497156,45.37368044452341,31.89984664522738,1.7618985757528025,1.379145651765691,0.440505987884555,26.83046693004897
44.19074610739809,54.6021811112641,43.067460007027535,0.7417271374865121,0.2802189853210958,0.5821465026336812,52.06020588604644,19.180524920772346,9.190746107398091,2.579725061188052,0.5770417722021896,26.191585139965312
33.24048085469058,63.7954602813264,35.10154375101663,0.7422366071271299,0.309474924275804,0.8127877205733484,68.17700569089114,54.27765476988062,-1.7595191453094188,1.2333556113172703,0.570007435868128,28.31526676965429
34.99178310258956,32.4554450740727,35.58957439372691,0.7870460097703803,0.3992008571119733,0.6679657479620139,10.853993389660683,47.1874355591722,-0.0082168974104419,0.2252453002262887,0.6811338696061595,14.868645254525935
35.43156738747137,65.98960115823368,34.52424460613294,0.6754590906759484,0.327648337964003,0.7797304863688214,37.772805698333855,47.040749484919495,0.4315673874713681,0.7862659534525194,0.565797150096436,22.998055935002387
32.71966093469539,49.45584495934549,32.991142817832824,0.7563318532149778,0.557370526619471,0.2834659893197196,28.50448290286476,53.4060029916103,-2.2803390653046094,0.5239216508380574,0.6925057870119631,12.236761242003144
38.885662225545616,51.24930228101571,39.61862729044986,0.6953320424214532,0.4790199742477413,0.8112223797428023,85.53093883715796,23.429213453974207,3.885662225545616,3.5011744851426467,0.5753742788900363,33.246359103757975
40.14320063460333,40.42514898188071,40.85866039442472,0.8242091722156496,0.4004860746055443,0.4197624051891898,41.05618153180549,59.44107991708804,5.143200634603332,0.6792761080398565,0.6736151441792475,19.32438742869204
30.897899316301043,60.65650590853279,29.66610676106511,0.577236328105786,0.5145176303328763,0.4532696770250979,92.11182402606772,78.19464920522118,-4.102100683698957,1.163106661251489,0.5085852619372667,28.000639916274856
30.35391975092416,28.473409516557226,30.4127886492846,0.8057890070264637,0.1583907010022303,0.4147770681645735,40.307508300035536,67.75511839065615,-4.64608024907584,0.5862473841004009,0.5906831062165118,17.034715867178104
33.57136977433487,75.880034295169,35.34558583371444,0.4372616557681612,0.4166489838888123,0.1926424062991243,88.51716864952597,73.61724019273129,-1.428630225665131,1.1862830683752454,0.3988345199780144,26.49873589195618
41.59709330514271,51.30906267805077,42.14782074882149,0.6170125241833234,0.0870420890016092,0.8378714278239845,67.01182266262107,30.778887215562847,6.597093305142707,2.108690030839212,0.4293083185478557,33.371935660740995
36.83936819742263,52.07637579470978,35.95452019350448,0.1180827888958282,0.3649639150316188,0.7367637288926662,81.85304793354177,29.24576909607516,1.8393681974226297,2.706264392667186,0.1984857999134408,35.76349457508779
39.05306973245342,52.05475226372533,37.769568255030805,0.6588302322006264,0.0280413833354861,0.612966677921112,81.42959509502319,54.92643882892404,4.053069732453423,1.4560125193043656,0.4222809592259984,32.53514324119511
40.25144847535584,59.01088471107855,42.83653584227647,0.6800392686870234,0.6798056351578,0.8556127432738453,27.978073688950285,40.38421892627015,5.251448475355844,0.6760565842452128,0.6839871780706037,21.87945830414599
41.78018651569937,86.1112400462496,41.90709451455985,0.5377579401220928,0.1458207730059625,0.1017697117499053,65.03918262346386,79.01775964873961,6.78018651569937,0.812809342688068,0.4013618133515806,24.140734786115857
30.186470242579382,62.36462427457377,29.22480539485789,0.0913349773263688,0.0667526448911024,0.6688989717357414,58.18296682999805,41.50307125168972,-4.813529757420618,1.3689120601534173,0.116643813033154,29.54431954319588
40.16412778817219,71.58288899436975,42.26197489202376,0.6408779665058646,0.0174801634819347,0.6203610334529733,14.77818196408967,17.918315510294352,5.164127788172188,0.7811573898346372,0.4749926469840095,19.873608470636707
41.75357309379233,42.911949002557165,42.3481716872465,0.5496912384916253,0.0678759696757973,0.2553610849703985,75.18215631451072,31.31870385024189,6.753573093792333,2.326273871096103,0.3749953776832036,28.380131270793267
29.346879021368807,44.66218272865648,30.230637571529325,0.6156691818133585,0.575666847829748,0.2941380278243782,94.80214237749604,32.49959216764822,-5.653120978631193,2.829949149919799,0.5472994210594435,25.41270837803409
36.367968405684046,45.34675251523807,35.809138159697895,0.1383454907288821,0.2818926046961921,0.3797768412382034,60.44719534485737,24.858104910128155,1.3679684056840458,2.3376498608442606,0.2071278805013295,27.118384322490854
32.32528784952187,54.13571804449622,31.9200949970828,0.2862411820574662,0.3067250292738411,0.6529804985507284,76.42427754415029,69.32708394670375,-2.674712150478129,1.0866976597816451,0.2873379404724817,31.08052847624661
37.69831125132736,39.19876655239516,39.594617810169446,0.3832035455231031,0.1431138607249911,0.1930368002315559,21.03784614051989,40.5273231811804,2.698311251327354,0.5066025095991246,0.3518184393908393,16.22534227391477
37.44369035883946,61.54485504511048,35.51628598951513,0.4311495890750332,0.6926157916755394,0.694334357859534,64.93634436087741,79.90693575985598,2.4436903588394614,0.8026054101667909,0.5015381465868044,28.07503909457303
36.86126045045288,45.81343938039343,37.77450553188648,0.0749192742347128,0.4017060947739674,0.2717218590677756,12.366489357319836,88.90350730354992,1.8612604504528747,0.1375529134315712,0.2530969036156981,16.200837236839483
39.372405031873534,56.89569369319618,38.87656260071537,0.4827240030704646,0.529377653995704,0.4766535943620654,56.25071016686358,15.179597146736764,4.372405031873534,3.476644669005785,0.4921969878741263,24.721335431047272
39.61746262541623,50.62283096626684,41.16196905262535,0.7097945898776061,0.6703421523908115,0.4530342539972177,21.56477992668965,31.72689899396946,4.617462625416231,0.6589313558447246,0.7054146197171175,15.166825893162724
35.14632922875015,74.76091098451488,36.43894461688405,0.1114896602209308,0.0575906269939433,0.841979342819032,33.38340493252558,69.16926588172929,0.1463292287501474,0.4757553682946249,0.1507875792982159,28.37851241517887
33.904843203585706,56.84005473992193,32.60581724720011,0.4040364118517964,0.1781369321327821,0.6249386135735052,25.924477262777053,27.97963019212467,-1.095156796414294,0.8945758483081724,0.3699384494881354,20.94236549392684
31.46880107614265,63.88790423801775,34.00123822274258,0.3272193343621745,0.3949622716791752,0.4993581133908842,53.02188747904477,6.7289919599851,-3.531198923857346,6.860129723714577,0.3617983946420125,23.43147792373275
38.17228989319472,79.63022740204553,35.62107341313481,0.1504401718101227,0.2222847901803119,0.6136743116289275,57.990496909677326,37.21125233406315,3.1722898931947228,1.5176287969494815,0.1989590432304898,30.389604500437727
37.30947323059047,46.53628602013917,39.47381598767663,0.1934917456097683,0.6062710817644842,0.6978802495670505,60.45389662521532,71.6376072929751,2.30947323059047,0.8322671805719282,0.3375224752699909,29.390054574442185
41.1501597770316,20.0,43.26007585410057,0.5175591278059408,0.0660932283623366,0.5444632983524552,19.21403168091293,70.84719966045286,6.150159777031597,0.267429096356124,0.4111494135113525,20.83899388719309
37.398605460350566,54.03792480110511,37.22954247246039,0.3442287902049223,0.1214472352485154,0.0901171964427721,59.282391725801176,58.871579203519445,2.3986054603505664,0.9901591458659298,0.2836890529717068,22.88350310903809
39.24313810547294,48.558916883121206,37.1360723364657,0.5587637657309827,0.6192108217607296,0.7320415167836256,68.367681996551,39.67101012631619,4.243138105472937,1.680992967330154,0.5526538239702575,29.272371344235037
31.62219795586289,65.62321634884836,32.912307506647466,0.1207079575876149,0.1017286846943528,0.7384819321309516,92.2684881058652,55.048872963278974,-3.377802044137109,1.646214869767603,0.1106748918550096,37.33853795198307
42.41548949666165,40.42578942234023,43.60517832525269,0.1320127712531795,0.0116147364428185,0.8498434741882716,39.03348289768327,69.88006751976894,7.41548949666165,0.5506975975551457,0.14365860078707,32.22699186410868
35.629249623678604,49.12362776434267,38.28185641635792,0.4619466799306075,0.2154396337052043,0.3049399878521063,77.8685479293512,85.41642753585066,0.6292496236786036,0.90108501531201,0.3639313501405746,27.3138985343035
41.54226256072239,44.60642203306139,42.36826695224009,0.0997625809317622,0.5816644197385479,0.8905144601081136,36.381525574190206,29.381964880012,6.542262560722392,1.1974711220249372,0.2979753489064314,29.290986306761344
30.57421471896971,80.90445776850108,30.41540155120636,0.2091937111675494,0.4698895776603927,0.3073588590311721,62.96671756856516,61.670252708698825,-4.42578528103029,1.004730551530474,0.3035163824300823,23.217903681183497
35.199738114083026,69.94071528708724,34.41192605779615,0.6214613085879981,0.682283417233986,0.3915948305512285,77.1570762475722,42.97563350136658,0.1997381140830256,1.754541551861316,0.6004047340754224,24.573882070753942
28.847501859288585,56.00486075837308,31.32560142646366,0.2094162691734406,0.4206384039613602,0.292424932278352,32.9281095992702,48.95502412283816,-6.152498140711415,0.659155113573778,0.3189131730932022,16.663745185476838
36.01702774365622,39.0640970777968,38.50847598368766,0.8122520136020048,0.3499712943753519,0.7005188545965784,76.53338231136787,47.91928834759901,1.0170277436562216,1.5644827407863178,0.6158092141624406,28.82737528111869
40.55852318249375,44.212700211363696,41.25198959252528,0.5590994252266995,0.4665653836851244,0.8917423949972001,59.48230823925307,36.72262637393578,5.558523182493751,1.576833692585944,0.5159469620023039,30.71265209156256
35.04224222992711,36.48476692180117,37.09748045226465,0.5147603039105434,0.474282063628643,0.566225754274106,71.32317835431363,29.32906611539952,0.0422422299271119,2.3516443956083246,0.4798176230806052,27.37512978229125
34.148616869291345,74.45491819841664,33.17916407437043,0.1934026045914246,0.3810414213440247,0.3272874309337917,44.0824777685099,27.712841116316294,-0.8513831307086548,1.5352879079409416,0.2862715113895523,21.50387770347054
36.6157604011014,30.970512821542474,39.383389377446974,0.5753835877772864,0.658616118691443,0.5728092909124933,54.56165124570762,49.760570120132094,1.6157604011013973,1.074882553851931,0.5882533370280971,23.27950502414632
40.696108076827606,62.708617744883725,41.60102329877539,0.4500902016613015,0.1756153699234901,0.7281339791399116,24.176923490612303,61.82646908468875,5.696108076827606,0.3848206630556035,0.3985618084832156,23.926943902183805
40.03003084018922,60.92007294734472,41.01433314661013,0.3172399725350153,0.1818796965582096,0.2299839827445566,74.04542646295086,78.57982809168222,5.03003084018922,0.930454717464892,0.2708624660255212,28.40569759415969
41.63731921345699,47.876445150662136,41.80846519427871,0.4955027545376766,0.2319465531154219,0.3630125912858631,85.98770988431289,41.89415382064536,6.637319213456991,2.004648704433148,0.3808979087729197,31.43225766803612
30.159326429373497,51.10679983624125,30.045596262719094,0.6009053034463004,0.6583527670155818,0.309167655727304,64.24907527845198,35.174584844185055,-4.840673570626503,1.7760832793297363,0.5937999368940028,19.47162139163726
39.590754152402766,55.89445554880261,40.73254550378547,0.3290564271755834,0.5626634233384326,0.8428399982012662,32.10408342145688,33.39889542735788,4.590754152402766,0.933288206572008,0.4341287998854229,25.53184029463913
42.68201699195942,70.00873477064468,46.14090176707205,0.8491140896266325,0.1720932097453802,0.8644174018338218,27.29844420821035,53.65465670726004,7.682016991959422,0.4994715153811251,0.6337979724913831,23.974790590823996
33.732257316051054,50.56779522956259,35.544239257063474,0.62208012902696,0.5594105797733474,0.5771996216169524,51.15811684454954,26.76179971022861,-1.2677426839489456,1.842752176678976,0.5899131345036307,21.790254833170746
39.25187694676228,54.94938313883572,41.39112700303647,0.4364317580471119,0.4823613576237607,0.7343982377563203,90.7737340069696,49.81668774580756,4.25187694676228,1.7862977307972725,0.4157937281084258,35.38783673124258
34.27990111368604,45.41557378465747,32.377454937825334,0.4670368381233111,0.4280245278579626,0.2624769572385052,35.05946525947519,53.55309800887896,-0.7200988863139628,0.6426668060862277,0.4735699959719002,16.64792148195182
35.12329739158118,57.77020458797362,38.25248091277794,0.6215393312569938,0.2751727352915807,0.3587670489244386,84.74840982861161,8.99197590465172,0.1232973915811825,8.481646737074032,0.4707270095130588,27.690015503445867
33.670577707583085,75.88697950096493,35.5361859833358,0.6485471296390771,0.6926537333690257,0.3458441621557224,15.079793305162676,35.90697318115542,-1.3294222924169148,0.4085892720366017,0.6818446044889913,10.796340746494938
36.43048205991482,77.5200047793323,38.42595158046409,0.6056763418026283,0.6078866667628537,0.6866186782313388,62.91649418929394,35.585116554108154,1.430482059914823,1.719729226398461,0.5828553109211392,26.33469513938673
40.67144778821911,67.50293442413387,41.90668231236639,0.2020861198269821,0.3975820081212563,0.5896706602801884,23.91696141972953,49.77945911428514,5.671447788219105,0.4709967738313557,0.3166093129128366,22.8857263240163
42.11380745042919,60.544632882971406,41.784851349582524,0.5898290417339285,0.404851834181578,0.2529390054231205,94.7321891639224,42.15758892882795,7.113807450429192,2.1950296926954644,0.4806207861309081,30.400031024311343
29.947839378549062,75.70137031221176,30.597253291771477,0.4473563382543571,0.3868635874437237,0.2473909872661416,68.01349705987701,26.41984883974609,-5.052160621450938,2.480447556708953,0.4164593821258544,21.887340061168043
39.843839872813966,59.24931807319213,40.179955933652735,0.2256431385838415,0.0398169784443525,0.6379620970144855,64.75810635911752,57.11948066316495,4.843839872813966,1.114223761468674,0.1825728703244931,32.98008300838889
35.98972739442736,57.54041236054117,35.31792892191527,0.5832803832372954,0.158565138225274,0.0612444909694998,79.77216578736595,6.089840208401496,0.989727394427362,11.25161688310486,0.4177656056225934,24.148965317235422
34.876524908318714,79.23374235322348,34.63954939788268,0.5195492052471257,0.55825983170754,0.6585869895104656,60.218385349022846,61.59167412485403,-0.1234750916812856,0.9620829957176558,0.5189890873115146,25.7948799587058
38.04422108871956,25.026989732018382,39.6427093249721,0.3380403727207826,0.108144542803448,0.680681070086888,33.30809557555249,39.90088926525266,3.04422108871956,0.81436115874012,0.3019594908979515,25.40958436282534
39.283562042772665,36.34205146913072,39.16998248712656,0.616177080214022,0.3009703338458752,0.4416235602054227,47.21002967399092,89.93262041019247,4.283562042772665,0.519175950951692,0.5127873186081848,22.58536738150186
38.52079140402385,32.42919438953497,43.58628887052619,0.5463790280415765,0.1962343267859887,0.2699735471098454,13.19312951123835,23.295724742581065,3.520791404023853,0.5430226779000284,0.4735045853495042,14.416557888287322
31.27943448815747,41.44138537802815,28.86750294134817,0.6673015287828862,0.4043422280410958,0.8445761898688658,14.813172377092432,16.124896777053955,-3.72056551184253,0.8650079804826003,0.606870413304968,17.441166313557297
37.84406986881047,71.60621003930459,40.18385238962135,0.3634874985504208,0.2483099897111488,0.4045896371293467,81.08476161370909,66.23172308223724,2.844069868810472,1.206049137168877,0.311500734429888,30.552041053258417
36.71933715416541,59.78761765628771,36.77247544980436,0.7765827909602583,0.4196227977611016,0.3346465466164372,24.30010922422181,9.23138512945872,1.7193371541654088,2.375055666143943,0.6675364046802637,13.972386760500273
42.76509315626446,71.36965180891403,43.74702782682456,0.0572307752634337,0.5744873125367455,0.8049626472121085,88.94489080246686,78.05775292811633,7.765093156264463,1.1250622172798217,0.217739768116617,39.517126478177815
41.35580238786947,53.05268950399861,41.26934858655797,0.4177318963221289,0.5131000750558362,0.7460388799424008,71.14799322385971,19.00212616689025,6.355802387869467,3.557021520123787,0.4334211670861685,32.331125882111124
35.763150496595145,72.59093528889048,36.81142812715041,0.4589033113897838,0.1279864459081719,0.8124459959597494,60.80299851949402,14.923571735347622,0.763150496595145,3.818427142480961,0.3529349220868278,30.75157026223973
40.70471019012656,66.67541614249957,40.120725472236295,0.3680899028422964,0.5954021696105811,0.3342761480503884,79.24312976220295,22.440907146908597,5.704710190126562,3.380548767399286,0.4202314628263492,28.536041250244622
38.18793869293275,42.29557977522508,38.7412444585968,0.2994910863335065,0.4675075346905694,0.4815941624602834,44.46509248808557,35.22003275792065,3.1879386929327467,1.227638108040139,0.3754818197191891,23.69500324994297
38.91591930298557,61.54839706236502,39.93371332175674,0.3468903507441022,0.239911647799535,0.5393154650478067,49.64184053288663,85.3910022659395,3.915919302985564,0.5746181804914469,0.3304658642534352,26.48914730614141
33.64312990710945,54.61668893512832,35.080198384333364,0.0501077544035882,0.1530968602265082,0.6885870857177019,13.382755823530466,49.47933119052124,-1.3568700928905528,0.2651135723851154,0.1626109548865749,21.91769274450622
44.858900531665554,52.92316024024339,49.29208652298599,0.5892159352470341,0.4757880517833416,0.2045450049117379,63.28079687528072,25.50576856323237,9.858900531665554,2.38743489834364,0.5329851798079422,24.115527349266344
38.596544457408285,67.71132515725633,38.87051877197516,0.4562440511670232,0.6182915209983566,0.7524949180683556,82.38065961132368,21.185147162117367,3.596544457408285,3.713324911001456,0.4768532273883972,32.87782096946763
39.33571274130386,42.85594720117531,40.24137194095407,0.6159176000263422,0.0509144634450678,0.5567212521174124,75.8454726824065,6.95900251456163,4.335712741303858,9.529519879361912,0.4089794263669192,31.0216553299824
40.409733339184896,79.42594934692806,42.896520008574896,0.2075405635627427,0.3247871887168211,0.8195041491589382,79.67254523633902,73.43293702795972,5.409733339184896,1.070393678089192,0.2422879495163529,37.14122741016456
34.097024747386136,58.57553474102178,36.3731038390771,0.4834087714140506,0.6356129817951637,0.0685697051882715,37.17627219388761,46.88641439852123,-0.9029752526138636,0.7763427824121165,0.5435528851930918,13.42270372063487
38.22919808350644,50.64588183717023,38.12365404177739,0.3356969274404022,0.4594867224504598,0.3833851244185091,30.100367540289035,21.458023832614167,3.2291980835064398,1.340294576434479,0.4091638056590902,19.377446324461108
30.48983024846735,83.26879458901914,31.1515901134654,0.5281346261621624,0.477772721676405,0.8765921815237169,36.10245818562114,47.8137997051828,-4.510169751532651,0.7395953276259288,0.5241101340145978,22.499461188536014
34.12622311499025,34.49681952376868,34.441176692455386,0.4812756421888069,0.1025053796219712,0.1750887634307035,87.76158273739065,73.57016365833023,-0.8737768850097467,1.1768994250770537,0.3317554164624848,27.563009966082603
40.308732996144094,50.78987384699839,43.2735307502944,0.4163966072028571,0.1300131504036299,0.4058908718285315,22.017602108388918,41.35187229505437,5.308732996144094,0.5198731700690364,0.3668243073344143,19.81217256214528
34.4195209815795,60.197558225960734,35.468479236615806,0.2663146291076204,0.5915845960472244,0.794165352836512,30.670298322459203,36.55802824295847,-0.5804790184204975,0.8166109819199413,0.4065938579562804,23.15267621995779
35.689351413608925,55.77918828710949,36.55003966151935,0.1342919378006851,0.6359041863155627,0.3159816158244992,79.65713325781445,72.50143774724314,0.6893514136089252,1.0837493210913711,0.2916892853172654,28.185759379049305
33.6411126312769,65.16888807008904,35.00381573861052,0.6533986077456646,0.4816318899518901,0.6823194092068292,62.23245412169136,64.33599644428914,-1.358887368723103,0.952498737426556,0.5742962775112744,25.44122385251861
39.07063608187649,41.089702987141386,40.73797992439132,0.3615239511831002,0.3960953922192726,0.08345759784677,90.89470454319566,14.021051641266652,4.0706360818764935,6.051154520598596,0.3448482838324462,28.20497691541092
45.75921173287069,45.91576690394704,50.313142684087936,0.6953548157557914,0.4224701645507846,0.4452808840877734,76.02981621542389,39.25829442210623,10.759211732870687,1.8885503548226612,0.5679241226032863,29.460186459764326
39.56337144506804,41.77188023158424,42.03017985338475,0.1739402489147541,0.5683062868072658,0.1139869091539225,17.319869393041774,8.968209691438268,4.563371445068043,1.7375105389203311,0.3575361659979904,14.58990694790922
41.02517123685776,37.45124746434568,41.121234779935925,0.3765213526933584,0.0916816200959218,0.7034350616581361,74.55921264094025,60.58950882072111,6.025171236857759,1.2105830046148318,0.2788580850038513,34.78127248613517
37.192339786645526,78.14865292408284,38.63560732403104,0.7428765068893531,0.402751421190369,0.4903088666696832,12.988536273051505,20.5231360715136,2.192339786645526,0.6034685758569427,0.6535627942176712,14.15855610568528
28.83306052630284,66.31436994720362,28.4209557727998,0.1000518737755612,0.0614517659407119,0.4471718466063772,61.59271488331256,38.46296030920209,-6.1669394736971626,1.560772795571299,0.1168739391642378,26.94211436042795
36.70868434937251,51.63050275004463,38.30208260151692,0.6781516345187267,0.3296721767043134,0.1512695711966409,68.02704795933454,52.86897301858617,1.7086843493725112,1.26282429657353,0.5377655857631954,21.609820611693287
37.53187869658751,38.9088546139029,37.64318051351673,0.0653158943974693,0.6349293722905153,0.6341491919415805,65.92574245239035,74.52185503075735,2.531878696587505,0.8729359524543081,0.2637426058732458,30.58365486411985
36.14404462309796,51.8782471409119,36.4687417855992,0.4958697356584064,0.0340863938799508,0.8719232374255681,73.12405912294369,87.94902333660062,1.1440446230979615,0.8220895112724044,0.3346237004360854,34.284812923654826
39.648522698084186,52.712952454291845,42.57809590357749,0.0733358109162115,0.1548670875122447,0.4778433610152309,55.45795463390136,39.425093379941615,4.648522698084186,1.3718695492591948,0.135003658169499,29.617261864367315
38.9919931649818,80.67562720213516,41.053380897943725,0.2923447245123434,0.5638010301321853,0.3379999600593862,59.79371350829577,40.01545663204241,3.9919931649818,1.4578336660912186,0.3847534302387658,24.81934922564161
36.26039145422804,57.69372672909397,37.98457664031852,0.3795664760272815,0.0843131379975958,0.7847113264875772,77.78074708504147,78.33551608403417,1.260391454228042,0.9804026106372604,0.2752530799306062,34.78786374689023
36.39285961985767,27.456919403450552,38.42516757953699,0.3682693004017255,0.3213868163006766,0.5149885437732411,77.69321142267526,81.84966114075793,1.392859619857667,0.9377613662254806,0.339684413708563,30.344546114134424
38.29666540995377,45.85731696761076,40.65410847219507,0.4633587081810141,0.2892207620454036,0.3525641074500444,72.23863253653889,38.3913215009192,3.296665409953768,1.8338717713457056,0.3925428209856907,27.33731662233252
39.11921671166113,79.91888821821806,39.34504174885398,0.4102033969143122,0.5139058813291524,0.0809918932017756,45.60930312863541,12.729513242608498,4.119216711661132,3.3219898129447456,0.4546844994186976,18.17993025632757
39.97305637609086,64.23051226019581,35.57142871940158,0.0579830213267595,0.6681961502011675,0.1597105598912492,88.9116669183673,86.93286102622102,4.97305637609086,1.0111312867649604,0.2463369909380386,29.99343170298934
36.48832963407693,65.83572036741657,36.811838608532966,0.5871833189337655,0.5165656631783144,0.667172123761273,71.19972822333293,37.59589541887861,1.4883296340769334,1.84474870839521,0.5360799620904207,28.363809355714608
34.75084988303611,57.96866175193972,36.9904548590319,0.1083214682943228,0.2930250924428309,0.0918377773596473,33.72609001581292,54.039570484311376,-0.2491501169638894,0.6127607777285671,0.21917431869363,17.77845120479924
37.60157514590483,59.48938870609738,40.41758697471813,0.485597567283092,0.1558732553861594,0.4281245679034097,93.98118677556084,15.944127176284717,2.601575145904832,5.546534548389041,0.3441393302101422,32.886997723417494
31.350785194658837,61.36248919602875,34.09687542353774,0.2748035991269709,0.4670486360359267,0.2375534006784861,71.65274321254964,52.60985855579462,-3.649214805341167,1.336559079669588,0.3333440070744109,23.87647079548968
39.35326882593831,62.61986990368816,39.68785858062723,0.7856248197248398,0.212300123594498,0.1243295265299026,60.610258137709216,18.304983140338003,4.353268825938308,3.139617253074069,0.574454670775544,20.49612803233525
38.30770949505665,59.40336898249944,40.83161533040198,0.266645062429578,0.2053473950087068,0.3203336699403419,14.422019177502984,82.13436998944617,3.307709495056649,0.1734784202891517,0.3071692367828559,17.269698089759327
35.05149846494122,48.20157926009088,34.02950478839047,0.2799693319178001,0.3893334848410081,0.1222213464060464,43.506192040992175,46.12273620953769,0.0514984649412184,0.9232526703783912,0.3412754525619903,18.4505922874149
35.22282695969555,55.31190561513112,33.93446939760393,0.7662768713225354,0.0724038804023383,0.6013805103537598,53.54214792948214,69.07416560316136,0.2228269596955527,0.7640782800425755,0.5279451389847406,24.44457946428116
40.484498813726766,20.0,44.15885721382448,0.5601505975167484,0.3947436967289365,0.8745632881667009,93.00162119757042,66.22833637910941,5.484498813726766,1.383369367838021,0.4615118463311596,37.52709196138192
32.155935200950175,52.78596120551997,33.84755224939483,0.7563950598638184,0.1633329758545286,0.1402363005153471,92.06902304995516,70.03406028881612,-2.844064799049825,1.2961250233425112,0.5107679056246944,24.931707858514148
36.01129046991761,72.83370057211964,38.69274100533918,0.2184055517322743,0.1202806222503609,0.1407050462370011,26.022487487622698,21.30922067438263,1.0112904699176113,1.166445384508835,0.2411050302268501,17.327817490714356
39.362619322769234,47.89240979393626,41.34983387677308,0.2331003699867991,0.2449564974994998,0.2293244070269578,56.979830653870906,22.91006653136703,4.362619322769234,2.3830895902828404,0.2563673405880585,25.06640271918189
38.29633587757918,45.61655947735706,40.35752244387575,0.2774192743420133,0.260521278672828,0.3945265565499103,66.2897334580154,83.26429833965237,3.296335877579182,0.7866882507086794,0.278318214749041,28.209995254700434
38.77527771258492,44.424822163623865,37.83886438334508,0.6558481657075511,0.3018637088540905,0.1161780416674541,39.08916960620689,67.85534558014965,3.775277712584917,0.5676998536113067,0.5449788424745509,16.41322685441219
34.697448695048905,79.59946794057089,37.64617342587041,0.3456593595414185,0.5800570342828024,0.8043108550648063,54.70545903662405,72.0897056475539,-0.3025513049510948,0.7484700964650127,0.4267072669730677,27.646354170927356
29.885119004382886,59.84618909674044,32.3437850012599,0.7990244971751413,0.3782095847330498,0.2064380562426814,73.18499612345104,49.057533458385,-5.1148809956171135,1.4620176238666036,0.6196925776015487,19.79353492677893
32.396025690310786,55.570052172523006,31.42286372973602,0.2308231982527998,0.6226635177306341,0.6960047132177838,65.02408142171275,11.619714072759717,-2.603974309689214,5.1525796105056365,0.3602688928491573,28.19899261562445
37.73336802295341,70.59857031094114,39.820104613526,0.77155215739932,0.0180387191350458,0.2685032883608274,70.99271752512554,8.362388057822116,2.7333680229534068,7.582757421148799,0.4973501926549802,24.884678641399013
36.95101290861234,77.96126248515546,39.82557853888882,0.5229042426068131,0.3899283592925245,0.3581266868517861,48.08726641906151,70.34495536129863,1.9510129086123411,0.674010743654437,0.4826337869327837,21.15546777146023
33.32539221406321,58.49824196895253,34.41493003493281,0.6091590627899085,0.3539877206469617,0.2525462199701278,85.63609349750641,12.58388428486528,-1.674607785936793,6.304241975391335,0.4860556603705272,25.60930214989088
37.74581725907771,46.69617637438008,38.79598246103744,0.2435817042536363,0.0731181626701059,0.3703368482951102,87.3129763273256,79.35350124656286,2.745817259077711,1.086610726014387,0.1807714950258879,33.1103883145784
44.20376173164326,52.73090074519733,46.9604146891476,0.8003721851471154,0.2851558669489826,0.7094956662992391,29.79665628520594,74.74899734337723,9.203761731643262,0.3933604051567169,0.635973414887758,22.870772968508536
30.14746188363649,34.793105657054554,29.77424634000105,0.6572042260175448,0.0701718946060136,0.7248448634340736,92.07683566737516,53.13744481415523,-4.852538116363512,1.7007975899760228,0.4232972683249558,32.74764841751207
35.84536544431945,60.8770600810382,35.71135941513454,0.0937075360007778,0.3388144007565828,0.1874403702828888,62.95109375558745,9.449510166661613,0.845365444319448,6.024310494134763,0.194917748071854,25.08222276137666
36.257364093344734,20.0,37.86459920655714,0.1001516972974926,0.6789485677416336,0.3701749743650431,49.04081349811127,31.20993034247689,1.2573640933447336,1.5225370864412775,0.3147347752028744,22.979546743416584
43.20200197125631,37.84410689019008,44.37295797344797,0.0769411230995712,0.6146234589911198,0.6010528982039813,49.06725389729875,63.43213317997372,8.202001971256308,0.7615339035919029,0.2814844576597799,28.797136978746845
32.948675518662306,45.22872994578327,32.34962726122078,0.3722986261061096,0.3209019968920066,0.2464187249433218,89.10714172280386,18.161518545033672,-2.0513244813376943,4.650317328106485,0.3305426330084639,28.036949157628246
37.05036960312718,41.00098061390206,37.8738686498379,0.580437753442738,0.2766087082306135,0.8290157784481871,17.158105950053358,19.68437205389242,2.05036960312718,0.8295202728585863,0.5140871585847735,21.025621089733924
39.74420583999376,38.451874514174754,41.33726636177225,0.0701547311673835,0.6329703039852955,0.4297174983972444,90.94210666079752,42.06399280007922,4.744205839993754,2.111789937430749,0.2410418232352212,33.77935010244102
38.633011022857886,54.708705911684014,38.88320237724161,0.4110352904234039,0.1138625705738395,0.88990546456144,80.28376700973577,53.47656316525283,3.633011022857886,1.4737303960640404,0.3004961784164584,37.05004803592069
33.72711726706611,53.94251832911363,33.145060584617234,0.7652754420266006,0.2766815208018104,0.3748049702909772,27.91486345154203,47.76117102308677,-1.272882732933887,0.5724813999714093,0.6142548580049614,14.949552443210203
32.763145912444195,55.31907365104093,33.48701561192031,0.2978302873672793,0.2762006207232466,0.3286664122029455,75.03765223820744,82.48403541735946,-2.2368540875558054,0.8988263667786751,0.2865207063991341,26.968231410662945
39.49647926820862,36.85457885738339,43.446854711971,0.4480318817168817,0.1177425590365627,0.5608036618570612,83.69598658740104,21.391366760090875,4.496479268208617,3.737868593916121,0.3204459101536968,33.62405892650706
29.324915138803835,52.1397639885498,30.679250608200185,0.2195952437589264,0.4305903983788398,0.2108164235318016,91.8322696281968,16.473171316089577,-5.675084861196165,5.255615478550032,0.269101996140811,27.46546319828208
34.63042430304452,65.44581171185072,34.721904303140825,0.5754048507796456,0.5456616909968444,0.4208091224035837,82.09726592699612,46.68817322255575,-0.3695756969554793,1.7215435270262232,0.5268441518398446,26.75637088567804
35.98009113031658,40.01046651557634,35.7766833794148,0.2336785286031749,0.4464418992919141,0.3846918703305956,75.69140709125278,17.533582981221464,0.9800911303165804,4.084013715423757,0.2984482798582263,28.555163232010425
33.05709581465783,58.61129769232853,33.49384575454447,0.5881623953671185,0.4003971147985149,0.3845901922358257,65.10184109661486,8.297953651955435,-1.942904185342172,7.001738611906655,0.5079147305632107,22.984525618155075
31.057758507852117,41.63211661877069,33.807551012183616,0.261249587754975,0.3663809596454057,0.6407246131532545,49.93336732313793,77.21601487350894,-3.942241492147886,0.6384033679533565,0.3167306732234688,25.07466990040216
32.48117258136953,81.58377395004617,32.73078105648951,0.252481231343687,0.031497774864797,0.1513288764144873,11.797734984700384,12.292514216456606,-2.5188274186304724,0.8875472910982007,0.2491403362809509,13.568470246198864
29.78047159734192,71.33122929556279,30.25057539418469,0.2668770030112526,0.4222050840860629,0.1225925756383134,49.15718729067442,11.32641556727383,-5.219528402658078,3.987954732045941,0.3376305397418959,17.674406769668767
36.92393516838924,46.35234398909921,36.34865536234674,0.0500093078042929,0.6405425127620556,0.1547603394126687,20.99735244216957,8.211683060632772,1.9239351683892425,2.2794262789939297,0.3011709860690229,15.479569667686034
33.736758860138245,59.21787135954064,31.83562724194888,0.0688759717164233,0.1827339683643936,0.8325876906618267,22.22877713918303,29.75169867471305,-1.263241139861755,0.7228471303102884,0.173916996399989,25.230727532462684
41.05748026007252,80.65920058872888,41.817285050675615,0.6928301275700827,0.4038871286923773,0.0926490477719779,46.72988012816399,29.09811117302985,6.057480260072524,1.552585139297294,0.5901343350215988,17.6585456135704
32.501431632648526,63.343450141009896,34.64775143765681,0.6956567230933624,0.0275742835849735,0.6869640211482134,78.9294913771719,86.25830500021614,-2.4985683673514743,0.9045499036106236,0.4467368275543376,30.393152770088943
44.06181696112439,58.50678867686121,46.28173757022128,0.108465249621612,0.3726043131660181,0.1896438167815479,21.53839751349159,86.73697259162797,9.061816961124386,0.2454882688253004,0.255322046209281,19.42335221086902
33.202404444672226,62.66803899287471,33.11224323792146,0.4972474279572817,0.5285935322116371,0.6976064102208615,51.24767309912284,28.34992778860721,-1.7975955553277745,1.7460919654805998,0.5056788433387372,24.218132932482813
32.55769661813669,73.25737781238244,35.167091039897706,0.1825985415721765,0.4081911533697084,0.3899855655495332,18.993427112803708,81.08223968513674,-2.4423033818633115,0.2313950884583744,0.3130230438414147,16.658253979637884
32.11148876443222,37.31440313260296,35.26484525417765,0.2462818513329688,0.2510351073675139,0.6459329492596295,57.09843883364522,8.915879422414745,-2.8885112355677838,5.758282891638918,0.2659812041763902,27.630581278190853
34.07853347313145,46.637623224882496,35.14307993311337,0.4064333109935126,0.4599213487638751,0.2549904321615976,79.95530382798945,89.08879533404271,-0.9214665268685494,0.8875166276951644,0.4018810873972807,25.75807130694315
42.4674970697781,55.22032292093795,41.71110972906692,0.39621350367941,0.1683721096261041,0.4200868748897887,82.52920787821216,74.42743641381954,7.467497069778098,1.0941536899839734,0.305710527217265,32.80708966046103
38.364607899266574,54.06110308150716,40.30196329124764,0.6765587306389007,0.5842002531789393,0.096522800886238,45.9502012180324,11.419802312200384,3.3646078992665736,3.699753028507869,0.6352451131189898,15.828996273741302
35.55613533672368,63.80040702212912,37.97410299357748,0.5430403887405792,0.4914752178796548,0.0826407457273928,83.67982628352158,61.26163400011393,0.5561353367236777,1.3440030546478825,0.4895869723247224,23.683442941197395
40.80169535274421,55.4800622359865,43.079081921584,0.6745053739404457,0.2920353929952035,0.8231162020603177,68.20163892988539,31.967029820333742,5.801695352744204,2.068783245004962,0.5241122033329431,31.69090641566216
38.08182730311936,37.87466328799742,42.24877180426873,0.1104668910832535,0.6229393634540037,0.5244455063068746,81.97672515892836,81.46706159664679,3.081827303119354,0.9940541541286302,0.2711852185272249,32.33635491631896
43.09249630907863,78.13164928851813,45.94826750951214,0.1406428037819713,0.3273768487394139,0.2132198637658928,46.34105770557552,59.91399024821066,8.092496309078626,0.7607621421080157,0.2362576791854314,24.324128274304435
36.03869840736746,48.03074054052411,33.936134834220915,0.3628262953019189,0.0146538824787132,0.4789416947808196,42.18978522439854,33.777092332149365,1.0386984073674626,1.2131487250702837,0.2799021567003668,24.24380604506061
39.49139972939,43.64807367145809,43.40669305107329,0.4193729150504952,0.0948216757562835,0.6226927953164764,62.384713610102295,5.60320526206541,4.491399729389997,9.447641127937471,0.3176855381470798,30.463187327102784
34.29443079176292,52.03992369539011,37.26033966098312,0.7320379369967763,0.3853721764173579,0.1402817534501877,53.22071800118221,56.80475988616287,-0.7055692082370797,0.920697847478163,0.6016136971220909,16.9835708859182
41.65265500861984,38.61530852991132,42.56655881293965,0.7909552547454256,0.2455733765345109,0.2915566513549694,81.65036600877676,45.98914457867276,6.652655008619838,1.7376431671802746,0.5665947997988319,27.392929303446167
31.36615481454576,71.64549762934334,29.162455041443557,0.1423157137431339,0.043425734540147,0.8717002190156915,24.788078959353307,82.7189376266511,-3.6338451854542377,0.2960868790511535,0.1736290696485711,25.547526188883584
36.06345217220328,60.90228078132624,37.20918585283265,0.8081504207715766,0.3538561322729047,0.8032455999475941,61.88196508144382,5.722124181612808,1.0634521722032773,9.205715843618464,0.6291651270633735,27.208762458753487
32.71643000775555,68.7747490900347,32.737637567930584,0.6479555252773552,0.1053305897041982,0.1523090397784881,79.82505648597622,44.06878412029912,-2.283569992244452,1.7711828274067585,0.4405474355916963,23.93330540903964
41.1239980899838,46.7454226923187,44.143855583899246,0.64891618730096,0.1296892487683265,0.8228647902714435,20.646354643177677,36.1124025884538,6.1239980899838,0.5563195374907107,0.5076101323678963,23.29316248992408
38.37447315827384,77.14810524588844,40.44659163310726,0.2671275043573715,0.1608787080583328,0.6834325312872094,40.19913781013842,14.987656418051731,3.374473158273844,2.514385896156075,0.2683409772217843,27.205949985541697
34.14259432789453,70.1472563401395,35.67325027423161,0.0635581319116647,0.593676464510941,0.5560614146333418,31.447433262418343,30.73524664748113,-0.8574056721054717,0.9909307972848028,0.2847903852378628,21.745094038271333
38.390326821446685,67.12086697421718,38.1820367976809,0.7071106903205554,0.4072156531948306,0.2433593631395089,65.48189052106406,79.37573947823746,3.390326821446685,0.8146972077164396,0.5809492196297183,22.235576087584693
34.393598609576735,90.0,38.57604557057204,0.7249197312414589,0.2287562941004441,0.2090556298489264,44.44175711890302,45.96151420434808,-0.6064013904232652,0.9463442112517796,0.5591369698561056,16.95862685543088
33.94696337382993,49.416898358934205,37.82487287464424,0.3003259153709185,0.415969279116018,0.462265289395435,24.353039596198,57.96965608523592,-1.0530366261700692,0.4129757779322577,0.3806332933611585,18.198070456661032
34.291353153951555,77.36089205274928,36.86226776679075,0.734024161295948,0.512040451792181,0.4486846353904308,63.27822355551174,22.500421415160947,-0.7086468460484454,2.6926420780985967,0.6307484087597114,22.20079278868526
38.15909942758565,54.67949058477346,37.39325980140884,0.5215631915877578,0.6232690245986863,0.7016065530052439,26.65831569964976,79.92629466505738,3.159099427585652,0.3294147570945241,0.5732603066326107,20.42936079224886
34.349504964216614,51.60273851725252,31.981126117868868,0.6153038959029676,0.2270305641460626,0.5198926443605967,90.68889959925862,36.02904316887113,-0.6504950357833863,2.449128895544815,0.4466026071863407,30.908832671832428
36.49685231960141,74.2152454260267,38.49772004074527,0.1985173639209944,0.6968982303434814,0.74415695672138,54.795648089430365,45.46481968284025,1.496852319601409,1.1792932473095714,0.3733842393662107,28.061618507638958
32.67380798554242,28.587867820288363,37.86212128740736,0.2710552867726828,0.6918946957744367,0.3727767940984014,30.03301543895022,76.07008232132863,-2.3261920144575825,0.3896844863060277,0.4401685653569905,16.609757679292603
33.575664696364534,56.29215824569562,36.59936735403468,0.6403339146832203,0.226471288739844,0.1177578122091922,89.32139794916655,58.23203834630627,-1.4243353036354662,1.5079912905738566,0.4628203374827188,25.15287408235243
44.08320254254204,52.36171281351495,47.24045634426059,0.5793474307198851,0.1240074662558378,0.4349010844916777,89.34011579699366,89.09470869357334,9.08320254254204,0.991624448233179,0.3954705825116887,33.76826454375608
33.36245018082104,72.8054545834057,36.24422823439283,0.30250187501068,0.3143271375510881,0.6424705411036546,73.5392541234529,16.07702898775973,-1.6375498191789577,4.306326011167604,0.3022600121482816,30.575190401438093
43.70574924910113,36.18565865246126,43.51959287047311,0.2215251863945316,0.5003031834514252,0.2896306022576639,67.12505772624752,53.61128940901107,8.705749249101132,1.2291425170996169,0.315881009145899,28.179451495439583
34.49213176884893,56.848072101767286,35.739991843946314,0.4371914945437977,0.5054462449426497,0.2868901685392469,71.50043873314253,8.339815337808858,-0.5078682311510718,7.655444582902931,0.442448331475931,24.152293538674485
34.182625237828965,64.52082202842655,37.462553246700416,0.4760032531327854,0.2644874496090306,0.3781432953040604,49.423835097321984,77.53863735064004,-0.8173747621710348,0.629293259528639,0.4155243516650584,21.68301539746425
27.79231534105766,45.85325643520927,29.60196211030017,0.6770078739872858,0.1609956277742683,0.7792446768977295,17.605215438882915,68.55040508802311,-7.207684658942341,0.2531288698692944,0.5368981972857692,17.106374724592396
39.529630956222086,45.66025957398322,38.60123228514293,0.48873533039485,0.4064516581367438,0.290167727390843,62.53875207274423,25.909977926077588,4.529630956222086,2.323998638889256,0.4526379436051889,24.272444572967014
43.20460790209009,55.855196873456265,44.51788821589159,0.7352297789983414,0.0079117756123157,0.4602110503122926,51.12956748796202,30.342780283507228,8.204607902090089,1.631302871840847,0.4923818325947375,25.54638217167845
36.71195951367866,35.57977786418641,40.78502190022694,0.3030161197834454,0.2571735100879493,0.2612588477883121,45.810574938836,13.657017537102533,1.7119595136786645,3.1255045457148336,0.313151149957616,21.718547966093045
42.47452623012939,25.504651159359973,44.07009623495299,0.6375551456604731,0.4966072052437823,0.6511870751198171,82.26128244822813,40.134109089051336,7.474526230129392,1.9998313873807372,0.5492539665211904,32.19347949051617
32.91506873147715,58.8060949224186,34.165025574444904,0.5165526434216781,0.1470750350386462,0.6389821948410703,26.56144179070595,39.30996903194561,-2.084931268522851,0.6589298485854959,0.4274926547738947,20.21031984881575
39.76057596684445,72.94857252496737,41.29358326022965,0.6334758352703971,0.0044653303846134,0.5043753362828624,70.385854276055,22.04799606498594,4.760575966844449,3.053881737813371,0.4110392460015672,29.524668730691296
34.743685477053084,56.46974730206343,34.22471881488845,0.0915914815821659,0.2483822988802138,0.6129702265086451,42.60676843018847,86.72049411695873,-0.2563145229469157,0.4857105384447604,0.1868628101831752,26.41492382809702
34.84096127876256,60.50930970102011,35.51829057850682,0.7246609342303065,0.2810232453623302,0.1912572496682868,31.731628983204228,30.623775844906778,-0.1590387212374437,1.0034105079300586,0.5873719051636787,14.091304631522377
32.017044885152046,59.79672901213806,29.03930279058462,0.2303050144054126,0.5721854931142766,0.1440130590421867,58.40726697407895,14.625693389384688,-2.982955114847954,3.7378992098845294,0.3514313896034516,20.099367269034364
41.37676607388379,67.79160512683329,44.423255440140096,0.7553524894748064,0.5687316747309201,0.1237005824562941,24.519165036027918,70.48721323734864,6.376766073883793,0.3429867234385047,0.6993118310681319,12.42315636905294
34.81256423503843,53.22897209513382,34.19256032246523,0.5384374040123396,0.0399188398025335,0.2035589101146077,14.354065194366626,72.54634585382057,-0.1874357649615703,0.195170338209549,0.4206840291537972,13.361822168464156
35.75893297362617,50.42162943467999,37.11314658844483,0.5140710677355637,0.2484283784405878,0.5902985236597212,47.62896466723205,30.78596398820449,0.7589329736261732,1.498427566485219,0.4353421895062825,24.32247611974242
38.15667457563127,73.98561761297051,37.90627715118166,0.7707687165523743,0.6621796228919195,0.6603120514079514,94.2046326596352,28.648460900849884,3.1566745756312717,3.177386946819044,0.6669104841393652,31.357999787394974
33.9306097484478,51.86014484272201,34.22014156197101,0.1952911742052821,0.1861499154424831,0.7987608864630397,65.0825770346932,53.10053143364952,-1.0693902515521998,1.2029933035780322,0.207937102121221,32.48130651593134
32.689020888282776,52.79496997557267,33.15058331051365,0.3962528017675754,0.6520884400166367,0.7533951398607446,41.902314390706174,29.41690406455075,-2.310979111717224,1.3775995841582394,0.4914758986748301,23.00672122395952
38.06820106347704,22.722768980060422,40.40521691588491,0.8012547835602333,0.1587408377237519,0.4878919741286004,48.71457362054075,45.81146986926172,3.0682010634770336,1.0406546463205308,0.5796605478327247,22.362319707612105
35.08500551334609,62.63087534844901,37.1549048895409,0.1115773355046992,0.4235626629783768,0.3947984705301519,92.31562609253469,69.63949153346567,0.0850055133460898,1.3068557557326113,0.2016995741037979,32.723214698627835
44.58717193061579,63.45863680078539,44.32499765942227,0.2898404220521887,0.2183156050346076,0.322726361337367,35.63488393925188,40.28411003266927,9.587171930615789,0.8631622169171868,0.3037640508024436,23.50118528971853
36.1061488586966,40.15557795144494,36.31415782604818,0.0962755595577284,0.3127001690809642,0.6654248104569831,65.74476522282839,84.34368394623743,1.1061488586965993,0.7703530265256014,0.1858306212360979,31.81834773373399
34.8203236527642,22.409956809789456,34.27577929331461,0.2134531067191762,0.0806023248766407,0.2233954130679792,20.24095490726977,26.78485190638349,-0.179676347235798,0.7284888534035868,0.2320116065872282,17.02383699849414
31.256551395282244,64.13707181360766,30.57539991923787,0.3356234751760097,0.3341452786856809,0.219336732961515,52.22319138050868,65.33172926903767,-3.743448604717756,0.7873033306382595,0.3493944773308014,19.938237969220975
37.073735732261575,46.96054832328928,38.87291054624552,0.718894162565799,0.421264713761813,0.4508824104159724,60.22363272858473,41.564952217766624,2.073735732261575,1.4148643329957122,0.5974922789394386,23.158534394155595
40.00773213074709,70.75981594011418,42.77764532580479,0.5713118083818213,0.1124757092982916,0.7630257826184585,80.92895149276822,68.27758426619206,5.007732130747094,1.1681837978328886,0.395600846325812,34.87910171769074
41.323122902218486,33.13672750802604,43.24586887863636,0.2059801599202314,0.4507696056133294,0.3077368162676129,53.24000865838266,49.07190287009044,6.323122902218486,1.0632711282515417,0.305578968977755,25.15910572332978
38.827012876615136,90.0,40.67419653547661,0.5481044268789265,0.1999381919935701,0.204499058097015,78.64819891285289,85.44218553546153,3.827012876615136,0.9098358449138092,0.410195914812574,26.764858354038765
37.390704394195325,48.35076623212734,37.70750380982072,0.6435170615669721,0.5098595980377522,0.3286624690225289,93.6889511919696,37.24607584735586,2.3907043941953248,2.449635658463162,0.5453791651595392,28.557141687202844
43.67608610115757,76.18330833123144,43.68483474744235,0.6814342786557485,0.4904280474761161,0.2842317598628017,22.378434969960992,56.43105654220822,8.676086101157573,0.3896573790787611,0.6336105464663229,15.752316800383673
37.11902455798298,55.319674730079136,37.03173293228291,0.2118033444196279,0.388280917351857,0.2689871989489998,93.30046437172945,45.01672474608012,2.119024557982982,2.027533790954497,0.2502658174856044,31.484161786595934
34.87601217999273,61.40791542807527,36.1638464975252,0.7258970782041831,0.0540312711585275,0.4392152508580106,38.01008517078972,81.07787800254214,-0.1239878200072723,0.463097805350334,0.5137375430992784,19.58442749055652
37.79233904307142,39.90186152080538,37.58086320645128,0.7370114234795777,0.4098946101553113,0.731564143184885,31.9773674094209,26.485098095848947,2.792339043071422,1.1634438159145744,0.6331978697249191,21.19028520989685
39.60080471183464,59.03690411867661,42.59645322840287,0.1176523024777902,0.1828137027576021,0.1829078203981438,61.322384369320034,14.295251764305702,4.600804711834641,4.009243215755831,0.1641131079446348,26.61464549561149
32.11662540011591,78.6098014493505,33.02969958747183,0.4094797936317136,0.6018562723681519,0.7009798473020308,69.62742362453912,12.362679672648992,-2.8833745998840925,5.210588394710528,0.4566173342649345,27.848171892145167
35.31925273161657,53.52117801573608,36.48122861270441,0.6586810647446254,0.2679488702821284,0.540015567668886,73.01124020981479,49.82142612960343,0.3192527316165723,1.4366232073776026,0.502582059721599,27.434328756894505
33.76602558842725,60.7290317834733,31.337359721684823,0.0534906157202472,0.3208265162113027,0.7320366259705876,25.86015823421924,61.59004542255622,-1.233974411572753,0.4131672706040208,0.2024821660613199,24.13528622846736
39.05514380364883,45.05648623673578,39.96923818741568,0.2824036045371363,0.1334268831521148,0.786130323788893,42.540838555317,43.21458499822229,4.055143803648832,0.9621449247352972,0.2669293891125992,29.218935639912555
40.09853621371735,54.16346383513441,40.48807466415729,0.1793371489895694,0.2432631567196282,0.8621309627223573,93.4175834105088,41.23705498920961,5.098536213717345,2.2117447211784627,0.1871636529991213,40.93329698991239
32.67574668960041,68.06945946185866,30.86623794320448,0.3826200828186575,0.4729640315449511,0.8821770646729173,88.18236860125208,74.65136756198103,-2.324253310399591,1.1656414344262107,0.3832788905534277,34.86572759115734
38.70183024713986,34.305727528166045,40.976207043709785,0.4017923892063267,0.1265496053936656,0.2987568330172966,81.5373140794143,27.053179540786484,3.70183024713986,2.906526654522968,0.2975030010624814,29.941372869082244
35.80397059813653,48.578272585511314,36.006153972702535,0.8212627331920865,0.1842731425626078,0.6301594069520835,81.71694738037189,19.59264657867344,0.8039705981365302,3.9682586241732136,0.5663226353036624,29.67093556056952
38.03889000688593,47.667258673205886,38.200696278558496,0.8073869831387165,0.3003436585118661,0.5720583076711597,37.46734346875047,53.78788987769806,3.0388900068859286,0.6838617722344863,0.6370679439680392,20.40068837594996
34.944532330653225,73.57424607150453,35.77973614600032,0.1758185665437722,0.234080825292124,0.1514738596374672,52.77373526298393,61.69813285565508,-0.0554676693467754,0.8417114331694804,0.2229416522509166,22.189713238254843
33.08977902080579,64.46217526832166,33.6308473735084,0.263921622286033,0.0719898145102336,0.0812060019606066,77.4861822008252,56.08136157478727,-1.9102209791942075,1.3574690593058787,0.2024637355238647,25.75437288225823
34.593173551082415,51.139351938649824,33.71193207058901,0.336251267290839,0.5191490162852296,0.8800768698244686,87.50457841085299,36.49177215005871,-0.4068264489175845,2.3339675185430244,0.3699908868492193,35.491857711747855
45.48862478805053,25.093965361428168,46.91047052637843,0.6840760930307066,0.2074503294593018,0.1552691226999448,35.45096560826406,9.853421667839992,10.48862478805053,3.266340025589311,0.5372297890479505,18.784253486193
41.71776048288515,49.52017673031837,41.3670877908181,0.2872479297647445,0.0588893635815679,0.771201008245325,11.670376033482064,62.205694134537545,6.717760482885147,0.1846412129995897,0.278345190899835,24.12649768762935
31.08591203853029,52.41059050088771,32.07825209048945,0.4920007739263112,0.3974091225517381,0.478787550418952,15.614701164883606,37.64162128702144,-3.9140879614697113,0.4040902178741686,0.4988084999564245,14.310802409493194
37.895536097116526,72.22668563795132,41.12115196242209,0.1343145744862441,0.0664756926598635,0.1608001605367757,93.85840671624275,43.95153175502907,2.8955360971165263,2.0879912886559664,0.1066730457734628,32.70538321200288
34.92955480385531,46.567479601325466,35.63914053730205,0.7196957022645217,0.2207546202862822,0.4280058603295854,47.06599081864157,44.8800871678856,-0.0704451961446892,1.0258478944561829,0.5509778166259561,20.48712473078217
36.61881787045219,27.984133987708915,35.8856401797257,0.5587522614613687,0.6975684161590333,0.1078317169779192,90.64719230381304,82.67423442312025,1.6188178704521905,1.0833345883445105,0.5538746894207182,24.61543713588944
37.488039258581445,66.13191236607838,39.48936137913644,0.4213908157913799,0.5484286920344874,0.8098434840694919,78.7479527825978,7.653152628793542,2.488039258581445,9.100492752267236,0.4386151443025763,33.09087326928393
39.4566668001737,80.0485675652711,39.81418941347707,0.5470339592396881,0.4490531368793761,0.2170139219127794,48.671334776857655,47.86239416740768,4.4566668001737,0.9960898479535114,0.5142649818307681,19.90875398064753
45.76182250323991,37.80481910471968,46.52710643905517,0.2093722199152424,0.0781150999700732,0.1457018965498153,36.70377542614263,10.376539756387764,10.761822503239912,3.226268813901344,0.2123540865140248,23.217799519020502
37.24092083976411,68.05101596033131,37.664339774874726,0.4278254433303853,0.3568978066853203,0.4844465927160754,25.64861248568134,53.6441242360701,2.240920839764108,0.469375488110594,0.4381159955181459,19.22644734160016
39.53172727102204,58.90482758156831,39.93430272070822,0.8481026379217252,0.0997895885231809,0.4269232374106374,36.73994884019565,87.50678236247899,4.531727271022042,0.4151088522202447,0.6020585104697939,19.66091705350097
37.14105420788692,36.63552645565952,35.49619915953169,0.0914686392957832,0.0396763025160847,0.4157945525163704,31.52190709608887,22.69970373169823,2.141054207886917,1.3300549008099407,0.1352621672362065,23.616785991134023
39.90306649559477,43.72313424857224,40.94776074327691,0.4428765835065321,0.2721084435135826,0.8869563059522136,51.56082874726842,9.41711834115032,4.903066495594771,4.949624940286007,0.3957976544107256,30.68307625344762
30.380573312536924,48.94527305137005,31.63519496449292,0.2499655571180969,0.2206676042546155,0.845085316217629,92.45993534556672,70.55410929968431,-4.619426687463076,1.2921680704363776,0.2237196802016761,36.710674481562826
41.46918332635251,75.61657139756227,43.643923158018026,0.0740208042635142,0.0045250504527973,0.4682014700172703,10.847384952434073,16.03155208642196,6.469183326352507,0.6368993793044803,0.1349226127415137,21.958428245685727
33.60062252214083,49.494582413750166,34.54073282708079,0.543426886282033,0.0113704102466175,0.3704382421938154,18.698235260395368,67.77581835545215,-1.3993774778591686,0.2718722322395031,0.4107690195828097,15.997789263902725
31.085655016880636,43.981126348029264,32.21761533757439,0.5882973348784638,0.4757432276766005,0.5144460130803122,53.32671639949528,10.989157601691456,-3.914344983119367,4.447911869301963,0.5423746528305632,21.184951549339697
33.13209542748315,45.59924163115052,30.8042404785565,0.2726947853301252,0.1881583305211387,0.5136137576799561,57.14274175294732,12.195144054693465,-1.8679045725168493,4.330588701123112,0.2629216286014694,26.45895117862639
36.479427782529264,52.19543045521831,37.1407176589152,0.6570210030058601,0.4730760475728515,0.1762307643971287,29.80661197373096,20.27035352620406,1.479427782529264,1.4013218885624366,0.6063288041016406,13.638968913187334
43.11820127784245,42.3046501751369,42.8839174255648,0.5981074478995873,0.2140207702131037,0.82624523333738,37.0994724442054,47.62252526432241,8.118201277842452,0.7630099885294882,0.4859712273594781,27.283420642490764
30.9072523808649,41.20923112620365,32.50581859183469,0.6097116556976974,0.2488075361548432,0.646330475762501,92.36027375981476,48.583741482484015,-4.0927476191351,1.8627128772128256,0.4481089805052566,31.55184893378998
35.42664475069056,49.99270765365985,35.14400153907675,0.0926783975911181,0.5116092420433123,0.1567969685504668,56.89347726354925,14.883262824894857,0.4266447506905564,3.58197669400625,0.2521963339041153,22.48484903018243
38.3857928379879,22.69914829594428,38.80434808899303,0.668337185500892,0.1858474852003506,0.8853286097738281,34.84116132284797,30.04961644026988,3.3857928379879,1.122112454750347,0.5219153955377924,25.52810106277977
37.293271868753614,61.35398598390192,39.20519321926224,0.478443051903738,0.4426773795258559,0.8501342338688664,78.22927945356184,83.38898204316311,2.2932718687536138,0.927008213152154,0.4416397655464377,33.52346918122966
31.881692133057197,52.46767415214984,35.06509285194314,0.2127781939980766,0.5621083170684243,0.6623882302433428,48.43828350864604,76.60944908102388,-3.118307866942807,0.6241286864190558,0.3478611280107273,24.719723786013315
37.2963791216791,59.2386992573245,39.546148268584375,0.7037025136124682,0.1582553497073938,0.7632347439796698,13.78998788240224,75.97132587942993,2.2963791216791023,0.1791574683798908,0.5559081251972968,19.28311896818353
43.25857462325602,35.755116637171454,42.567678934424805,0.7634977158485877,0.1543529844049529,0.6999533078271425,87.44524261831639,39.54114444858423,8.258574623256024,2.1569505204574986,0.5169592822123221,34.880968198753
35.54555115114458,65.6417772570856,37.04704173297483,0.4294040167815628,0.4537634281654922,0.2972453260968451,93.42082111837216,21.276617267190154,0.5455511511445792,4.193671776906895,0.4003506174002131,29.35132643609641
33.566568879275145,79.18417386982968,34.19556493343052,0.3480266190076406,0.333787214413187,0.4554358837250057,41.97618984541788,75.80450177700503,-1.433431120724855,0.546532935885607,0.3669759458831226,21.557349908769208
42.98417724595673,51.21469746810568,45.29335836766114,0.1012050772868967,0.5958055147981872,0.6929834247905751,71.48307583948687,44.25355093277158,7.9841772459567295,1.579612524676389,0.2679816249721073,34.265304360221755
42.61117724374439,64.58095333043777,44.81223016506276,0.565866083217851,0.1662349897265802,0.3585354143432909,82.32248437237811,34.37829814807351,7.611177243744393,2.326920419626259,0.4070676624763065,30.78493101631052
39.699277968666415,26.772264317535413,42.48965777188081,0.5834779130445265,0.0308461030992669,0.7839168411209768,58.02097165046023,41.023695739753805,4.699277968666415,1.3806727521009827,0.4013196071060357,30.767587269807212
31.310985161609302,68.98886247809635,33.25729856700354,0.1310983180425273,0.6948072568414343,0.5604957174390657,29.863688150155905,54.87527216679025,-3.6890148383906975,0.5344705625954076,0.3572374797277907,19.480505235056636
36.18781845582803,59.52687849729199,37.37058515202671,0.587968398420023,0.3257358537576402,0.4222149040714754,73.06960824572465,55.3610544816357,1.1878184558280296,1.296455662828898,0.4774321869335812,26.518902152639807
31.27689959152781,72.00655145300597,34.21070416863812,0.3584780740106666,0.6276022609283071,0.702599925057187,71.80883882791177,25.3329424829086,-3.723100408472192,2.726958404839084,0.4315586838569804,28.264584826110397
38.651725817102495,49.17734772188157,38.71285179057559,0.4555363503694676,0.6414943811724463,0.3414902133453165,58.09740192990711,22.584109410894463,3.651725817102495,2.463413009060649,0.5076727226435074,22.79221755515051
37.81385454346889,49.00545721578096,38.72690854396644,0.3846670912818241,0.1894507593872359,0.5026002717013128,40.26572042512731,29.164504573114044,2.813854543468892,1.3348709350597654,0.3473697621601379,23.738239589956123
37.02045382656984,68.74491512053723,39.59552738889998,0.8154398523874289,0.3410857478700355,0.6260647550211224,12.261711116603152,81.38073739836246,2.0204538265698417,0.1488419684484019,0.6793279246768648,15.414082868128212
42.77505841629304,45.1935049202677,43.3574989648812,0.6921122498823438,0.3595954986507133,0.0934906804786545,16.805389214962076,75.7959555654145,7.775058416293035,0.2188316961646152,0.6063406103096582,12.512162427307011
34.44904006299473,69.54185800790106,34.255084502218985,0.7103325312991584,0.2076287375099652,0.1285820894815066,52.34609042978823,18.81236531532752,-0.5509599370052669,2.6420919257576734,0.5361420496026964,17.76802055423112
35.459670878334734,60.93705300156114,37.62506841686698,0.1570626903997545,0.4631670817404323,0.2787873353428848,70.80239639497653,54.4350512172292,0.4596708783347338,1.2772135109522755,0.2623853423670059,26.56240019149821
40.46302077668049,39.778649039607,41.30648310252336,0.8349149854334575,0.0470639260633928,0.8603924474747808,66.34308194894658,30.79783227757594,5.463020776680487,2.0864026632322417,0.5487250871301458,31.688397233994348
