temperature,humidity,lst,ndvi,ndwi,ndbi,built_up,vegetation,temperature_anomaly,built_vegetation_ratio,cooling_potential,heat_pressure,heat_risk
38.98685661204493,75.99033154879004,38.48971467039138,0.3756851913005021,0.21169365789497546,0.6185450513845826,31.88573340185989,17.277101153181597,3.9868566120449316,1.7445727927324712,0.35703347874693403,23.878252412666342,Medium
36.44694279531526,68.86950524369153,34.81551551608151,0.10280787531219326,0.39438585513869784,0.7288574133031411,21.53122470863211,42.57562811503638,1.446942795315259,0.49411163166234334,0.2584692570202932,23.43040424584109,Medium
39.590754152402766,55.89445554880261,40.73254550378547,0.3290564271755834,0.5626634233384326,0.8428399982012662,32.10408342145688,33.39889542735788,4.590754152402766,0.933288206572008,0.43412879988542297,25.531840294639135,Medium
43.0921194256321,45.295948334416394,46.80125310238754,0.13879847903305187,0.09600394170692021,0.06711717160689636,42.729934736111744,49.355624400941096,8.092119425632099,0.848563298428947,0.16935033519579543,22.946185089997293,Medium
36.063386501106656,65.47334970420386,41.06374433458667,0.6965881680073778,0.40648935918799944,0.18071614968623373,90.15353664604653,54.78061851144793,1.0633865011066561,1.6162161527044416,0.5497461719147799,25.654986419679226,Medium
36.06345217220328,60.90228078132624,37.20918585283265,0.8081504207715766,0.35385613227290474,0.8032455999475941,61.88196508144382,5.722124181612808,1.0634521722032773,9.205715843618464,0.6291651270633735,27.208762458753487,High
43.316851262029566,68.42789830041599,45.99187317463085,0.10785318020635087,0.10085515020923969,0.43974077785896304,80.9727717830518,69.6855085507122,8.316851262029566,1.1455356754625194,0.11399568140353063,35.539037418963915,High
40.069738916611634,64.52757702522955,41.41788087350444,0.8140921658333611,0.4367989398702877,0.529902043093444,70.37987756054824,65.60621480824797,5.069738916611634,1.0566563159783848,0.6491151039005547,26.434473728490126,High
35.122102456260194,70.74329072979003,36.87042724841251,0.4680612794693961,0.19154829250254013,0.6135731231646753,19.5627660947637,36.13434282755439,0.122102456260194,0.5268106180203559,0.41873848933763597,19.406752059669078,Low
39.17024017434386,46.97147182659148,39.657017197653005,0.2896525423630991,0.3414840229808087,0.6272066138212918,72.55323454178566,9.499554523349552,4.17024017434386,6.910125032489458,0.30368349777031645,32.180499459516334,High
35.14632922875015,74.76091098451488,36.43894461688405,0.1114896602209308,0.057590626993943315,0.841979342819032,33.38340493252558,69.16926588172929,0.14632922875014742,0.47575536829462495,0.1507875792982159,28.37851241517887,High
35.137080985718974,57.96399407038599,36.94329904262862,0.45049941445633424,0.3217088400495361,0.8974070047999192,64.32416699455004,86.18988864064126,0.1370809857189741,0.7377480118097896,0.4024881336941113,31.39310949524045,High
37.96784908626414,86.12891308937898,38.10015949294964,0.685612435592599,0.2145244276299742,0.6621338417912992,38.981767759654026,25.412885661871208,2.9678490862641382,1.475861753944093,0.5367430218848976,23.14705834942013,Medium
29.346879021368807,44.66218272865648,30.230637571529325,0.6156691818133585,0.575666847829748,0.2941380278243782,94.80214237749603,32.49959216764822,-5.653120978631193,2.829949149919799,0.5472994210594435,25.412708378034086,Medium
30.10032866994787,81.03945704747875,31.01268349145164,0.09018080917117902,0.039885108898157794,0.797789541950192,32.401875757226115,20.62409560595427,-4.899671330052129,1.4984153024325395,0.13367214241492864,26.112077847029745,Medium
34.75084988303611,57.96866175193972,36.9904548590319,0.1083214682943228,0.2930250924428309,0.09183777735964738,33.72609001581292,54.039570484311376,-0.24915011696388945,0.6127607777285671,0.21917431869363002,17.77845120479924,Low
32.948675518662306,45.22872994578327,32.34962726122078,0.37229862610610964,0.3209019968920066,0.2464187249433218,89.10714172280386,18.161518545033672,-2.0513244813376943,4.650317328106485,0.3305426330084639,28.036949157628246,High
38.256989330381096,47.741712489185176,39.17967601746962,0.2862323952383546,0.5075042534093831,0.8127778598441576,12.094774394087427,35.27648519421725,3.2569893303810957,0.33340535416632444,0.41189593877174024,21.284360161168262,Medium
33.36790369791515,50.1947903770852,37.2359119014942,0.23590745844483824,0.4020013025631477,0.2677627872734517,69.21856396922173,64.24610618441235,-1.6320963020848467,1.0608842123632876,0.2929263018666255,25.090201477880772,Medium
31.350785194658833,61.36248919602875,34.09687542353774,0.2748035991269709,0.4670486360359267,0.23755340067848618,71.65274321254964,52.60985855579462,-3.649214805341167,1.3365590796695879,0.3333440070744109,23.87647079548968,Low
42.862595075686215,62.84253232053249,45.88636364901927,0.6927861946375077,0.5439344999562292,0.16740649916921016,81.09217907988395,37.8493179678745,7.862595075686215,2.0873514213799367,0.5977598876894893,25.39735637251963,Medium
36.09689479805386,46.394499940921314,37.13354255832091,0.7933824429054831,0.6035420815607321,0.780244993999879,92.8273414042704,40.72121615364106,1.0968947980538601,2.224943325295882,0.6642647488072391,31.984365155576633,High
37.2701128187517,54.634681116085254,38.75160916428074,0.3740821556220531,0.21971284770572932,0.4750495203124237,92.92616312831545,52.77942502297451,2.2701128187516986,1.7279129162987055,0.2974369845566352,33.663710710437435,High
31.301007255146175,87.13405537917795,33.80436150520056,0.7748888017059976,0.37661589375473203,0.6236592225960316,15.548524393149432,5.4985018704087105,-3.6989927448538253,2.392632133253743,0.6623695247568688,14.1660522188128,Low
34.82246910189927,80.91314755151066,38.16285239619567,0.30719656099830556,0.5880756549074398,0.2532064264637752,79.85634243399672,11.673338818556838,-0.17753089810072709,6.301128974557809,0.38088429063721857,26.079860521236785,Medium
37.44369035883946,61.54485504511048,35.51628598951513,0.43114958907503326,0.6926157916755394,0.694334357859534,64.93634436087741,79.90693575985598,2.4436903588394614,0.8026054101667909,0.5015381465868044,28.07503909457303,High
32.396025690310786,55.570052172523006,31.42286372973602,0.2308231982527998,0.6226635177306341,0.6960047132177838,65.02408142171275,11.619714072759715,-2.603974309689214,5.1525796105056365,0.36026889284915736,28.198992615624455,Medium
38.502792073382686,56.80046990077392,41.46695822548666,0.5623808337406752,0.26002708383706374,0.3157083211720551,20.909743762249057,65.07830567789293,3.502792073382686,0.3164388606477934,0.49452688163327513,16.086288320544057,Low
34.59744524032478,64.20276959095625,35.18211120667158,0.8331848921398471,0.13661656205305528,0.3990802380587404,65.26590914788054,83.20324394926946,-0.40255475967521903,0.7750997002823521,0.5756299947519443,23.218821138109906,Medium
35.83322500082689,39.658111522023916,35.825643816939774,0.5327944768347029,0.3425747761846121,0.22823673581567072,93.51101935110607,28.008106365647144,0.8332250008268929,3.2236168115353614,0.42893809960509927,28.38795936102318,High
34.593173551082415,51.139351938649824,33.71193207058901,0.33625126729083904,0.5191490162852296,0.8800768698244686,87.50457841085299,36.49177215005871,-0.40682644891758457,2.3339675185430244,0.3699908868492193,35.491857711747855,High
44.40911273803575,29.97123889183616,44.57658768571959,0.5682539567924227,0.3447983495273083,0.59876219049965,47.326106168412295,53.35831949680088,9.409112738035752,0.8706322529193999,0.49706577276523384,26.50704164966088,Medium
36.94601110104826,60.98834683907919,35.84245717591253,0.14833654277231006,0.3382266043195679,0.8443622986081882,13.395577729318019,79.9452624192797,1.9460111010482635,0.16548933599018678,0.2770743292299384,23.361091071442683,Medium
32.7691562841764,64.70793909554112,36.90579769327511,0.7609272642123189,0.5867612947572604,0.30787771208476317,40.79494665001741,85.06197491713571,-2.230843715823603,0.47401824893394084,0.6917898003045521,14.83590447514607,Low
40.29017964841275,47.75220306550939,41.256525570441895,0.45246716062386905,0.2529826453470304,0.7146072760473563,80.24317648604719,67.86287608945779,5.290179648412753,1.1652603121282008,0.36713191349238333,34.424372193331685,High
32.11662540011591,78.6098014493505,33.02969958747183,0.4094797936317136,0.6018562723681519,0.7009798473020308,69.62742362453912,12.362679672648992,-2.8833745998840925,5.210588394710528,0.45661733426493456,27.848171892145167,Medium
37.83545438001902,36.61351505496488,39.71756939277077,0.5186918307628153,0.28476336066620644,0.6379073040865604,49.044210725486295,61.87810322046232,2.835454380019023,0.7799887117066521,0.44759989593206484,25.711086945133776,Medium
29.161319504480897,33.0343767968527,31.60483725838075,0.549827090231522,0.22976317397483756,0.8707931289767804,14.683630488500643,39.87581635917628,-5.838680495519103,0.3592253756958738,0.48414157584286377,18.755582989867595,Low
31.687255804406277,58.36677727839958,34.10608803923824,0.10742064498121043,0.3177929378397893,0.3845220356903682,46.28605186498072,45.009584956740234,-3.312744195593723,1.0060088981133046,0.21350421647568232,22.75965582410992,Low
37.787444943476494,70.70647453918232,40.397877859337854,0.5960937769787219,0.5337128710724078,0.1611097250512937,49.8671198760201,9.17761317934005,2.787444943476494,4.899687087464415,0.5679030076329353,18.07363358585951,Low
39.95386631998164,80.25891537186803,40.00759799379536,0.24354534425242363,0.08820141950479599,0.6209525303574517,88.92722029600155,21.240281844440446,4.953866319981643,3.998475420320777,0.1836604121068914,37.26360672124488,High
37.68547312475988,48.1167360569659,38.238672917324585,0.6211621060052719,0.13749345111041217,0.6699133304056253,64.49231880448355,72.19365664036006,2.6854731247598806,0.8811189625539425,0.44945298013180324,29.116112934041386,High
36.537406870447036,71.18021250146944,38.69095435361045,0.7080278355073574,0.6660113779641643,0.5388014874399925,36.49049791564516,43.586500809068085,1.537406870447036,0.8184203122803405,0.6881296167780184,18.180944924659396,Low
35.795585217642845,54.422372957489394,36.004501625183416,0.6931668060420162,0.12284413916695015,0.2257952091633868,54.65205247831132,30.641290538647652,0.7955852176428451,1.7272384137289725,0.4981012728969834,20.468333695229727,Low
31.08591203853029,52.41059050088771,32.07825209048945,0.49200077392631125,0.39740912255173816,0.47878755041895205,15.614701164883606,37.641621287021444,-3.9140879614697113,0.4040902178741686,0.49880849995642457,14.310802409493194,Low
34.12062316642117,68.25489906230008,35.71876881305839,0.46613591384860087,0.40552012666335646,0.31536127608375997,92.66830003022763,77.62395863268281,-0.8793768335788315,1.1786267397595367,0.40866928627793986,28.894274078158645,Medium
35.15744491616085,64.78484317620129,37.335222539626415,0.16430076907152935,0.3427371234351713,0.4133465489416857,40.60509166411171,68.66491647942134,0.15744491616084844,0.5828628485631825,0.2607965068093573,22.647014530037385,Low
41.22848890487566,31.354117645236258,39.56196746132036,0.6702769203225085,0.451321674003773,0.5984357894679644,50.618725167616546,28.146808760392037,6.228488904875661,1.7366815552172203,0.5869439292270204,24.750478246141668,Medium
38.374473158273844,77.14810524588844,40.44659163310726,0.2671275043573715,0.16087870805833288,0.6834325312872094,40.199137810138424,14.987656418051731,3.374473158273844,2.514385896156075,0.2683409772217843,27.205949985541697,Medium
29.947839378549062,75.70137031221176,30.597253291771473,0.44735633825435717,0.38686358744372373,0.24739098726614167,68.01349705987701,26.419848839746095,-5.052160621450938,2.4804475567089526,0.4164593821258544,21.887340061168043,Low
38.29633587757918,45.61655947735706,40.35752244387575,0.27741927434201336,0.260521278672828,0.3945265565499103,66.2897334580154,83.26429833965237,3.296335877579182,0.7866882507086794,0.278318214749041,28.209995254700434,Medium
35.459670878334734,60.93705300156114,37.62506841686698,0.1570626903997545,0.4631670817404323,0.2787873353428848,70.80239639497653,54.4350512172292,0.45967087833473386,1.2772135109522755,0.2623853423670059,26.562400191498206,High
34.292311998776164,62.41045279424108,37.7041845904549,0.5536461575133893,0.09885648036120462,0.21883687178258876,32.79217451701327,50.34581774330654,-0.7076880012238362,0.6386532722285463,0.4290524640993817,16.64957641710023,Low
39.446705155363475,58.910106487358604,42.47688562679528,0.09346562785832306,0.39961419178763335,0.7158791369964627,36.83182089894561,55.69345597385923,4.446705155363475,0.6496661786843332,0.23913181335233824,27.42213702874653,Medium
41.1239980899838,46.7454226923187,44.143855583899246,0.64891618730096,0.12968924876832658,0.8228647902714435,20.646354643177673,36.1124025884538,6.1239980899838,0.5563195374907107,0.5076101323678963,23.29316248992408,Medium
40.725120476464795,44.92564948092922,43.890625955214155,0.3040694362088933,0.19505014418052546,0.36469735783189017,65.71834760691956,73.60409672715859,5.725120476464795,0.880894622278775,0.27523835737257407,28.70040716857589,Medium
33.64312990710945,54.61668893512832,35.080198384333364,0.05010775440358826,0.15309686022650826,0.6885870857177019,13.382755823530466,49.479331190521236,-1.3568700928905528,0.2651135723851154,0.16261095488657498,21.91769274450622,Medium
35.763150496595145,72.59093528889048,36.81142812715041,0.4589033113897838,0.12798644590817196,0.8124459959597494,60.80299851949402,14.923571735347622,0.763150496595145,3.818427142480961,0.35293492208682786,30.751570262239735,High
38.325053725614254,63.15400231891648,40.63427935038175,0.0874815268220825,0.5779976660924668,0.7692055789506969,83.92415021238888,15.970535610470352,3.3250537256142536,4.94528588482558,0.24196406570860068,36.267568801698516,High
40.90218050848944,49.44078501870841,43.00030193563897,0.27093564625671956,0.19999529736262323,0.20539138025834203,85.72073260461885,50.63302745272256,5.902180508489437,1.6601918739533232,0.23683924435819986,30.995308118385836,High
35.08330304861884,66.57548065972517,35.61970369351145,0.6155811899645729,0.6489866473051145,0.8628480992863571,48.16820963144674,84.60846853602133,0.08330304861883775,0.5626570648344105,0.6158764985388313,24.83660707312554,Medium
36.257364093344734,20.0,37.86459920655714,0.10015169729749268,0.6789485677416336,0.3701749743650431,49.04081349811127,31.209930342476895,1.2573640933447336,1.5225370864412775,0.3147347752028744,22.979546743416584,Low
32.57466010397589,72.23148550558156,33.522015403798996,0.7214707938848018,0.3998823289559681,0.33835456199776087,16.542380555681476,78.91099935303356,-2.425339896024113,0.20701005730888158,0.6363047944619901,11.528596573584014,Low
32.21517350367732,28.904293318328506,31.934274140987235,0.053055938126866486,0.10010078586600847,0.10306662818611328,67.01502716265804,69.94812485920474,-2.7848264963226796,0.944563754090022,0.09484877147326437,25.068225545863548,Medium
40.25010328957679,49.563385878953014,43.18579440164132,0.24745909536152177,0.2621837703657069,0.46324760598915055,79.80705073169187,26.064057647087083,5.250103289576792,2.9488206008267035,0.24732353759493325,32.67267930551469,High
42.424960114283294,38.20495158060784,43.50775897807843,0.6427232449216571,0.5584125843437497,0.1426615732947894,30.795679641400607,8.088963606880608,7.424960114283294,3.388249857012013,0.6223620426147185,15.178654375832963,Low
36.711959513678664,35.57977786418641,40.78502190022694,0.3030161197834454,0.2571735100879493,0.2612588477883121,45.810574938836,13.657017537102533,1.7119595136786643,3.1255045457148336,0.31315114995761606,21.718547966093045,Medium
41.014131591568095,72.41240181067779,39.575893186268345,0.1315139104528108,0.06091205281195212,0.31940122850218916,81.30134362504798,66.92198437703242,6.014131591568095,1.1969812774277506,0.11588061849022416,33.316815545879955,High
38.446544100190536,47.98448198032163,38.611375940925484,0.33818713504034226,0.3897494376497315,0.7375023749679315,84.55523975129448,21.97192773345497,3.446544100190536,3.6808073198033435,0.3352818725678303,35.1009673713735,High
34.4195209815795,60.197558225960734,35.468479236615806,0.26631462910762044,0.5915845960472244,0.794165352836512,30.670298322459203,36.55802824295847,-0.5804790184204975,0.8166109819199413,0.4065938579562804,23.15267621995779,Medium
38.44558242203365,54.29619131681224,41.15165406847702,0.724169521728444,0.5571484710004516,0.3070963698422492,56.79850393601596,47.64442911054611,3.4455824220336524,1.1676260771185007,0.6448477504011859,20.437345489977496,Low
43.15214626586388,62.15561240834682,44.75135032476715,0.30067833406811445,0.12258619809124725,0.7798934030578878,26.3619178040453,66.66479431826383,8.152146265863877,0.38959577236060244,0.2908209420641975,27.25628379611792,High
36.856695843560196,56.15232836590383,38.32240497483132,0.6811459774208057,0.4709352300887267,0.7786462967643224,18.659694951862306,14.624653977025657,1.8566958435601961,1.1942469240790448,0.6313084605272391,18.901590264072887,Medium
43.258574623256024,35.755116637171454,42.567678934424805,0.7634977158485877,0.15435298440495296,0.6999533078271425,87.44524261831639,39.54114444858423,8.258574623256024,2.1569505204574986,0.5169592822123221,34.880968198752996,High
26.52101958364102,69.94400229170711,25.785607487796813,0.3970539356612236,0.15274527418652056,0.17469084691290432,79.74313785972927,46.23119727712911,-8.47898041635898,1.6883573243302792,0.30431280579296105,23.672989124239738,Low
40.287610017500896,47.593651252580315,41.77136700793575,0.7779545150835135,0.6118502413136295,0.6367744198656197,74.60296665326977,50.970300437580875,5.287610017500896,1.435492310514386,0.6757248147909273,28.087027015405013,Medium
37.34818827295268,31.651271520103734,36.30202928222515,0.35185444317055425,0.1747682669181611,0.8532704548934835,14.145137099116935,74.56065451859342,2.348188272952683,0.18720241624741618,0.34939800887866396,23.054024343155408,Low
35.80397059813653,48.578272585511314,36.006153972702535,0.8212627331920865,0.18427314256260782,0.6301594069520835,81.71694738037189,19.59264657867344,0.8039705981365302,3.9682586241732136,0.5663226353036624,29.67093556056952,Medium
37.367043106142006,77.51139685951466,39.11841909977079,0.12143161962045834,0.0004573735329096884,0.3318743217416588,47.23374645195762,73.6656734052629,2.367043106142006,0.6326032338258976,0.1257624373801903,25.760619384493978,Medium
29.04972434159643,67.7533261317024,28.576237933181268,0.5996154132025941,0.6094683238878623,0.47549241981620655,39.10358548014807,63.89466635421544,-5.950275658403569,0.6025700982374796,0.6035061596077671,16.38731864483218,Low
36.12131244864995,49.77021798388211,39.529346392192664,0.4450512323655429,0.5548163692463942,0.5988662868483956,56.450490687157,52.24901920691154,1.1213124486499524,1.060122637523245,0.477025159506087,25.306419991090284,Low
38.42845028604699,49.76113443522357,41.26435480240382,0.36011904436451764,0.43913025456347454,0.483984847419228,17.765025631502247,64.45986898421862,3.4284502860469885,0.27138804136294753,0.4300454773562507,18.156229213605993,Low
42.911576178966065,50.17547423173926,41.554446181458616,0.5561695029988807,0.5251860347571895,0.15196000047132435,74.3149566949539,40.021507810890796,7.911576178966065,1.8116095838686854,0.5169425555315313,24.984341561242907,Medium
34.92691912690541,86.15121975341262,34.52836226213243,0.613085673307465,0.10643399719714425,0.31525443795421754,59.50698153550515,16.763794807290587,-0.07308087309458955,3.3499025507253886,0.4402746216081171,22.936185940153937,Low
33.76602558842725,60.7290317834733,31.337359721684823,0.05349061572024727,0.32082651621130276,0.7320366259705876,25.86015823421924,61.59004542255622,-1.2339744115727527,0.4131672706040208,0.20248216606131994,24.13528622846736,Medium
34.992971825661854,61.45062470786604,34.819084781839656,0.18356247099775896,0.2458535711441466,0.7822053391811898,25.999736980368876,49.597146068277894,-0.007028174338145732,0.5138577765885006,0.25789381696153046,24.61906788661637,Medium
40.6616084708083,70.45425181047763,42.81119118566689,0.620436840507455,0.06564356837991153,0.1667050278082347,25.66113538367731,59.34685804613592,5.6616084708082965,0.4252273641828884,0.4662940394347691,16.46610874341583,Low
38.31500443863874,58.581837385397705,38.694162025226454,0.5831083308625652,0.34029133965044683,0.859528739538916,14.845202941914389,33.72989638742165,3.315004438638738,0.42744737203681876,0.5371071974707587,21.048632206421413,Medium
34.88095918493185,51.11436781268945,36.572155050355796,0.8228380041029417,0.6445177552398448,0.3294992251713179,59.962868196593206,82.08365907388605,-0.11904081506815345,0.7217167474926496,0.7270952608371253,18.925775861714975,Medium
39.05306973245342,52.05475226372533,37.769568255030805,0.6588302322006264,0.028041383335486135,0.612966677921112,81.42959509502319,54.92643882892404,4.053069732453423,1.4560125193043656,0.42228095922599845,32.53514324119511,High
37.38831019739216,53.92598110878904,39.585273079265015,0.8106181661850704,0.2040226394456557,0.689051374063179,11.487348188928031,12.259211164724276,2.3883101973921583,0.8663673914093599,0.6360903433558109,16.89677093904629,Low
40.874579962131556,54.44166645235238,41.04191612023903,0.6120324012278455,0.14527865534399242,0.7401542994422009,14.165394822558252,43.23333920987643,5.8745799621315555,0.3202424930061667,0.49663764251734677,21.0744744083564,Low
34.19178762449059,65.9144431545547,35.21004214791495,0.2884417669115545,0.1667026575659874,0.8538872468920407,58.685473518390395,69.29026465320892,-0.808212375509413,0.8349018716592819,0.26439038389833847,31.380984418733696,High
35.689351413608925,55.77918828710949,36.55003966151935,0.13429193780068516,0.6359041863155627,0.3159816158244992,79.65713325781445,72.50143774724314,0.6893514136089252,1.0837493210913713,0.29168928531726546,28.185759379049305,High
35.43156738747137,65.98960115823368,34.52424460613294,0.6754590906759484,0.32764833796400306,0.7797304863688214,37.772805698333855,47.040749484919495,0.43156738747136814,0.7862659534525194,0.565797150096436,22.998055935002387,Low
31.145940207471526,53.78925129837126,30.416313709861853,0.5653193771807328,0.32640958905787315,0.16193386792077596,39.717223898656385,81.0535435206606,-3.8540597925284743,0.4840403253109456,0.4973972791271452,14.996753927211149,Low
38.1844811082583,56.17952785474136,40.636172811763444,0.08854880991463698,0.5324029497186976,0.6492847704005539,60.689452287225954,27.75181716151529,3.1844811082583035,2.1108040561853474,0.25216071857716554,30.292387652389262,High
38.04422108871956,25.026989732018386,39.6427093249721,0.33804037272078263,0.10814454280344805,0.680681070086888,33.30809557555249,39.90088926525266,3.04422108871956,0.81436115874012,0.3019594908979515,25.40958436282534,High
37.02045382656984,68.74491512053723,39.59552738889998,0.8154398523874289,0.34108574787003554,0.6260647550211224,12.261711116603152,81.38073739836246,2.0204538265698417,0.14884196844840197,0.6793279246768648,15.414082868128213,Low
36.06165146649941,60.19732713846989,37.548638819753194,0.4503209165681609,0.3009896498847418,0.26446752571488,72.49442403863566,81.1818209000842,1.0616514664994128,0.8821223872220307,0.3879950208676834,25.54395176875301,Medium
31.338517031798343,69.97015164789478,32.55300298401217,0.3961833088157637,0.41783748338265925,0.7920866749629228,63.18024260002351,63.285585350097875,-3.661482968201657,0.9828057449573696,0.39988098770423247,28.44505068513913,High
35.31741870893856,20.0,33.72840278093841,0.41615968412743515,0.6996903922753069,0.19352969386483576,59.364259919731026,78.01334650538871,0.31741870893856117,0.7513193978650479,0.5002386682393221,20.033420113052852,Medium
35.629141933892924,86.32562057171091,36.22359188875117,0.21710617920413094,0.5386142258574329,0.09558957279270622,73.04315096430497,12.545727691279776,0.6291419338929245,5.3923386494272565,0.3188048243154034,23.952332056314198,Medium
33.79089092311352,52.90615557767239,34.749814442507905,0.3449657366918361,0.278505992112199,0.6598452420201254,67.39462119277319,78.52457297766098,-1.2091090768864774,0.8474691365108595,0.3231366184559882,29.57402860114617,High
36.35485715333596,71.62274225106275,40.28451795074483,0.3458506047897413,0.5792871365918328,0.4541543579478236,27.499968995157296,32.25269205676928,1.3548571533359635,0.8269997793925712,0.4537965348562373,18.41080805816462,Medium
38.61620342725816,39.401411093117034,40.64663837540617,0.09188401614997792,0.11949585431873612,0.7717333169648747,39.96088899018485,20.158178556398386,3.6162034272581565,1.888673398027468,0.15101827699542275,29.86790606691974,High
44.54474360484212,64.19160857593855,47.84883537740641,0.6640541028143346,0.021324580416272085,0.3758875698995201,20.719362042683123,25.34643608907394,9.544743604842118,0.7864199154919322,0.48411047377079924,19.3460986207865,Low
37.698311251327354,39.198766552395156,39.594617810169446,0.38320354552310315,0.14311386072499113,0.1930368002315559,21.03784614051989,40.5273231811804,2.698311251327354,0.5066025095991246,0.35181843939083934,16.22534227391477,Low
38.03020156289106,45.64346558956292,37.96324672246684,0.7077439094531386,0.23828808927998174,0.7609758635993893,67.47663844030583,26.351320391379716,3.030201562891058,2.4670340398473916,0.5286561340155719,29.818576762766956,High
36.70221633693533,83.71047030800179,37.87790266116011,0.7302784008959163,0.3574065302216919,0.516573186894061,82.98100909351236,32.248244811402415,1.7022163369353294,2.4958011938438984,0.562407990510545,28.635021714977768,High
29.324915138803835,52.1397639885498,30.679250608200185,0.21959524375892642,0.43059039837883983,0.21081642353180163,91.83226962819681,16.473171316089577,-5.675084861196165,5.255615478550032,0.269101996140811,27.465463198282077,Medium
36.89394449820313,58.26149309769584,36.48521114354711,0.5758827857361029,0.6374240020500952,0.6623263987984789,63.409504991702775,30.175025072514874,1.8939444982031333,2.033984089642548,0.5733473670649875,26.367620654421387,Medium
37.24092083976411,68.05101596033131,37.664339774874726,0.4278254433303853,0.35689780668532034,0.48444659271607543,25.64861248568134,53.6441242360701,2.240920839764108,0.469375488110594,0.43811599551814595,19.226447341600156,Low
46.852968449941145,62.43522831958907,47.544317959425385,0.7541253903371881,0.35089295123801056,0.5636660349042719,18.98027936315911,42.55756518774044,11.852968449941145,0.4357516147046078,0.638762840210557,19.830015082695656,Medium
36.23055614087551,57.256283577153646,39.63898588972319,0.2225925433411633,0.03517010687608749,0.4417635874755946,79.09233258062442,34.47109470505245,1.2305561408755068,2.229768583075577,0.16501422548689978,32.17591139943708,High
38.20618936933445,60.47441503699338,36.085078581247984,0.5922505602480354,0.024438086859356667,0.7544026362453055,59.194300490599936,68.4484309528547,3.206189369334453,0.8523489973558105,0.4034874617160283,30.07698969429631,High
36.86115292117903,90.0,39.66988055225309,0.5362016978021781,0.38581197334146045,0.7551283083305924,62.55422678616619,80.94834756843203,1.861152921179027,0.763337256238504,0.4749103838975787,28.90078013355466,High
32.32528784952187,54.13571804449622,31.920094997082796,0.2862411820574662,0.30672502927384115,0.6529804985507284,76.42427754415029,69.32708394670375,-2.674712150478129,1.0866976597816453,0.28733794047248173,31.08052847624661,Medium
41.571291258060086,58.016485700724516,40.51317247715566,0.1592807229209381,0.587426276486209,0.13959117078699293,69.77856435725839,33.220059680002734,6.571291258060086,2.0391128773523173,0.3020177523411671,26.118817642272038,Medium
40.007732130747094,70.75981594011418,42.77764532580479,0.5713118083818213,0.11247570929829162,0.7630257826184585,80.92895149276822,68.27758426619206,5.007732130747094,1.1681837978328886,0.39560084632581205,34.87910171769074,High
40.16412778817219,71.58288899436975,42.26197489202376,0.6408779665058646,0.017480163481934718,0.6203610334529733,14.77818196408967,17.918315510294352,5.164127788172188,0.7811573898346372,0.4749926469840095,19.873608470636707,Medium
33.36245018082104,72.8054545834057,36.24422823439283,0.30250187501068,0.3143271375510881,0.6424705411036546,73.5392541234529,16.07702898775973,-1.6375498191789575,4.306326011167604,0.3022600121482816,30.575190401438093,High
42.61117724374439,64.58095333043777,44.81223016506276,0.565866083217851,0.16623498972658024,0.3585354143432909,82.32248437237811,34.37829814807351,7.611177243744393,2.326920419626259,0.40706766247630655,30.78493101631052,Medium
31.392595748830878,37.854926309042746,35.48236325143698,0.3661047260892026,0.03473006133718621,0.7973876227334558,34.32147860895672,73.65470136874485,-3.607404251169122,0.45973633247062784,0.2957603754457207,24.8996137656954,Medium
39.34742837520108,79.50147298451644,41.18551413061781,0.6205655066260942,0.5072188007933403,0.6665658601996289,64.4380182894265,25.93960101559566,4.347428375201083,2.391944047431235,0.5600669259242321,27.80094153803863,Medium
45.76182250323991,37.804819104719684,46.527106439055174,0.20937221991524246,0.07811509997007322,0.1457018965498153,36.70377542614263,10.376539756387764,10.761822503239912,3.2262688139013433,0.21235408651402482,23.217799519020502,High
33.03785469947724,59.5395319785855,34.55224426545926,0.7621720021089394,0.42582365000544015,0.39661132924523823,91.42754065100858,16.19531049254018,-1.9621453005227565,5.317004347823349,0.5936227556159871,26.96099062473999,High
34.734809081588914,43.68586224970963,37.60001277410786,0.27992767717246375,0.1967348251168224,0.8034233076661205,12.841003657017819,77.99332232501432,-0.26519091841108633,0.1625580907229615,0.31413605018150714,21.6850435514086,Medium
37.398605460350566,54.03792480110511,37.22954247246039,0.3442287902049223,0.1214472352485154,0.09011719644277215,59.282391725801176,58.871579203519445,2.3986054603505664,0.9901591458659298,0.2836890529717068,22.88350310903809,Medium
34.9860973835352,59.93143615455221,35.00826450973813,0.09647356166427982,0.2658260660435222,0.8672041266957421,24.152801499208785,26.522098886448017,-0.01390261646479729,0.8775784724435284,0.21347915531241576,25.863063925076144,Medium
30.79734627573547,59.8203582317541,31.33390625383861,0.1392097698570211,0.5610120433560675,0.6272881830716284,70.53871744005849,52.200145152895416,-4.202653724264529,1.3259121236856142,0.28129075748097443,28.878783482206476,High
37.27425189922411,61.32881131352927,35.117377701076116,0.4626895221698625,0.27446550383320084,0.5866695809968702,24.950674090586276,49.84426790615478,2.2742518992241116,0.49072737435493596,0.43500269036129147,20.5269938098666,Low
32.75078514509558,79.20566903587971,33.9579027577219,0.26407414138237717,0.525538754447739,0.27997536801479267,30.007577261360392,60.712058167456206,-2.249214854904423,0.48625144181603164,0.3860985339023876,16.355732520633914,Low
38.89436972254072,61.803014522709695,37.065176666614185,0.7183841805937555,0.08784040775940548,0.2614730204283005,52.021518938889436,24.820942125837387,3.8943697225407234,2.0147025885176664,0.5053611117451855,21.458662552770704,Low
33.32230306306479,51.33765047064027,34.401892032463714,0.06175471092396308,0.5409399937655553,0.8507494865653061,87.76097074973464,78.4742539115238,-1.677696936935213,1.1042691995251215,0.21157385393430983,36.68150850332843,High
43.19973762007016,69.46130752432536,45.497672254273034,0.3532752389375489,0.16585332743465403,0.3035315860990043,27.99572163257752,31.296327776801093,8.19973762007016,0.8668391597352824,0.333725419960348,21.03436639057273,Medium
33.86698683065505,72.8420573338696,34.151672139689296,0.3198764374152741,0.47417519092221094,0.7091795022111494,22.2604017950388,64.00119058798013,-1.1330131693449488,0.34246144714701793,0.41191801793078897,20.400320292150784,Medium
35.7117539351773,36.58588277294511,39.22742774045761,0.06546210473408083,0.3960470883886974,0.38415352847601725,74.5130307075926,6.370594941638266,0.711753935177299,10.109500155360669,0.18357835864946512,29.7324378973317,High
40.25406886947868,63.96100104774787,39.06331752035095,0.1494947192004082,0.6504013020481811,0.1683659601669984,52.552660248384136,36.67585604100252,5.2540688694786795,1.3948630706941665,0.3322645618863151,22.330813751837873,Medium
32.07654273426418,65.51759113466348,34.86343375671193,0.3809141399349082,0.2711257625827198,0.05910800304105511,87.50173455245057,34.8953345264987,-2.92345726573582,2.4376910176963227,0.3223844781833103,25.253502043070355,Medium
37.909839738416515,50.53654744960012,39.922545323026895,0.44429166755795724,0.04631563218410831,0.5126187364629632,22.462237358586595,51.19617642955623,2.9098397384165153,0.43034258244761564,0.35800745283142027,20.604859918344918,Low
42.22857101712971,75.6356021996743,40.654521144663676,0.37343179780389524,0.013408839885877032,0.8794119957665928,64.90387090695833,11.182582251061703,7.22857101712971,5.327595543325965,0.2631778597411419,35.88564130151087,High
30.57006706175509,52.7491661945121,35.63625851031589,0.47475014272967503,0.5788009926809271,0.3637657647378238,29.794727422904277,72.1611667667192,-4.42993293824491,0.4072478438993104,0.5286956560191789,14.750909981540739,Low
37.73853543412922,56.88364680207313,38.64291750587327,0.5261053399245452,0.3673149463630025,0.3536134838940881,23.32463643538934,23.511368150243324,2.7385354341292185,0.9515844359409125,0.5025330514282386,16.511218456450095,Low
38.03953117699369,52.40392263574196,37.72330514376024,0.057939056902268506,0.5426708362844644,0.34247787517202577,68.091500288368,62.548214264970866,3.039531176993691,1.0714935278032114,0.22947318473833245,28.06521230108238,High
40.12729148710924,55.23368571372201,39.016660694933215,0.4212761275628031,0.16409792000806028,0.49246226170912966,60.46319269224232,73.27303047574792,5.12729148710924,0.814066590590849,0.3415318598478576,28.3129082735395,Medium
32.05219715648767,38.55587369657197,32.722170114998164,0.8207993927100706,0.2415586218592636,0.4245651509106495,74.16033396079816,52.759541280528616,-2.947802843512328,1.3794822685300439,0.5907868882230233,23.99361162869159,Low
31.718173547662893,33.39923676108559,32.527063239077954,0.46522582410363894,0.021072710547923257,0.7979274327179623,36.3043189979255,67.97507257136877,-3.281826452337107,0.5263396999018926,0.3491529886286348,24.741760216724735,Medium
39.08776626246759,78.91757594837458,40.241734555277084,0.5920338139671626,0.6730446272018785,0.4796926729649667,48.07759079248615,61.25812653827547,4.087766262467589,0.772229963632598,0.609056085748375,21.48691802165986,Low
38.18793869293275,42.29557977522508,38.7412444585968,0.2994910863335065,0.4675075346905694,0.48159416246028347,44.46509248808557,35.22003275792065,3.1879386929327467,1.227638108040139,0.37548181971918915,23.69500324994297,Medium
38.00197140138351,40.129114758155396,39.95180936655615,0.66919310252221,0.6532435614315143,0.1676158555124731,93.6476044371537,73.75297581785306,3.001971401383507,1.2527608889489599,0.6038413255056265,25.84024299574674,Medium
38.3857928379879,22.699148295944276,38.80434808899303,0.668337185500892,0.1858474852003506,0.8853286097738281,34.84116132284797,30.04961644026988,3.3857928379879,1.122112454750347,0.5219153955377924,25.52810106277977,High
34.27990111368604,45.41557378465747,32.377454937825334,0.4670368381233111,0.4280245278579626,0.2624769572385052,35.05946525947519,53.55309800887896,-0.7200988863139628,0.6426668060862277,0.4735699959719002,16.64792148195182,Medium
37.92901478864401,35.153653098887524,38.70497254516955,0.8308110586233709,0.47494997780484643,0.11235945734066227,40.136597750431626,68.35880782703086,2.929014788644011,0.5786806176156533,0.7008350307650448,14.101135114170493,Low
38.17228989319472,79.63022740204553,35.62107341313481,0.1504401718101227,0.2222847901803119,0.6136743116289275,57.990496909677326,37.21125233406315,3.1722898931947228,1.5176287969494817,0.19895904323048985,30.389604500437727,High
34.14259432789453,70.1472563401395,35.67325027423161,0.06355813191166479,0.593676464510941,0.5560614146333418,31.447433262418343,30.73524664748113,-0.8574056721054717,0.9909307972848028,0.2847903852378628,21.745094038271333,Low
44.46309804457903,44.67774482233414,43.99414769915507,0.6661265694056768,0.6630130240301735,0.40287380589383387,87.79964493223828,44.04441086468993,9.463098044579027,1.9491795596124435,0.6107802039202198,29.846921485029796,High
38.89533168364715,88.78653708016463,40.14037221602085,0.6957244298919061,0.619398582387203,0.4088633987985763,32.58327301363239,74.52689701967806,3.89533168364715,0.43141283833152877,0.6706709596376721,16.925887040859873,Low
32.23478601118941,69.72648230487391,35.20589848347631,0.146165783296461,0.5173468831575607,0.7173043328894665,86.14433718261655,84.04334986738151,-2.7652139888105935,1.0129461894075427,0.25675919774252826,33.794368911046675,High
39.62621443453532,50.12752924737066,39.20309139163332,0.26246626636688486,0.19422527580746782,0.2163557440847017,18.795380409959698,51.33209009309066,4.626214434535321,0.3591559285426138,0.29695196215241154,17.393074558349095,Low
33.101273319090716,20.0,35.69315770685889,0.06404189069330313,0.1971312294739422,0.7472153211031562,65.80782970397044,61.22462745251041,-1.8987266809092844,1.0575849530669301,0.1317566735541941,32.62123278869581,High
40.14833841496981,89.36413858886112,40.498254064940575,0.28464688862445175,0.6743522243122265,0.6014350468107654,87.09376906725072,81.7782578903077,5.148338414969807,1.0521333896958989,0.38600003140108824,33.481997557579625,High
41.634382316029615,34.15641299854606,45.26417451912799,0.6685134991349372,0.00719914715498442,0.4061243077125957,24.343702263849508,13.376482370100103,6.634382316029615,1.6933003245967186,0.47892414136360817,19.46748113050076,Medium
33.717270726593156,30.319018795646624,34.169541806795834,0.46436842217006313,0.5012349812695011,0.4393243240962883,92.30779160843667,24.726679118624027,-1.2827292734068436,3.5880181496730112,0.4366837560744515,29.76521905457556,Medium
40.85350451697729,70.3385564801446,40.59276503871725,0.3284764745346304,0.4943723137886835,0.2681501261081814,48.495085635318496,65.25650053138452,5.853504516977289,0.7319294747893792,0.39690249322206483,22.414185156404873,Medium
38.651123707745995,90.0,40.68198138333893,0.3473914359250642,0.4358826786648582,0.6892971827924286,90.38578421748709,75.01827926254548,3.6511237077459953,1.1890006600296796,0.3488138809370089,35.436415763351604,High
40.28824063997796,75.76409227765777,40.6345560455425,0.05108290057237452,0.693076192260806,0.48594353095947757,67.529703708554,77.84746740809912,5.288240639977957,0.8564600224764787,0.2710428943131125,29.83261638709972,High
44.58717193061579,63.45863680078539,44.32499765942227,0.2898404220521887,0.21831560503460765,0.32272636133736704,35.63488393925188,40.28411003266927,9.587171930615789,0.8631622169171868,0.3037640508024436,23.501185289718535,Medium
36.01844753598852,63.92131512497929,36.30168775993283,0.5671669933103444,0.2379803046552737,0.5566425983968077,26.005714617954045,12.593891694808681,1.0184475359885212,1.9130441231840376,0.4856885727648346,19.321978068042934,Low
33.98505534257004,67.80123338170462,34.91814554429554,0.8293555550530857,0.05525758206258888,0.8963742842436246,35.81747892913344,42.21142557046769,-1.0149446574299574,0.8288890832986647,0.5783731287214946,23.766489135560427,Medium
33.44194228149791,66.38392884680148,36.45521247836519,0.7276486615871196,0.3099586955806162,0.41997293770807076,17.906479787327374,24.612440167599573,-1.5580577185020914,0.6991321275971023,0.6116703258391292,13.528479037534145,Low
33.736758860138245,59.21787135954064,31.835627241948877,0.0688759717164233,0.18273396836439365,0.8325876906618267,22.22877713918303,29.751698674713055,-1.263241139861755,0.7228471303102884,0.17391699639998903,25.230727532462684,Medium
36.69159316234359,56.56301655927814,37.726214150769216,0.7688484837398715,0.24037069152435095,0.3432643139358812,18.896137429450896,70.64274233118799,1.6915931623435867,0.2637550827144274,0.6145241602717773,13.943871931238156,Low
38.364607899266574,54.06110308150716,40.30196329124764,0.6765587306389007,0.5842002531789393,0.096522800886238,45.950201218032404,11.419802312200384,3.3646078992665736,3.6997530285078692,0.6352451131189898,15.828996273741302,Low
38.10676319732008,43.690531166999854,39.39693605980777,0.6743008988567843,0.654839159469247,0.22360579041316453,77.62416198189484,75.34440348585969,3.1067631973200776,1.01676296411527,0.6234081251729499,23.32581935683343,Low
40.308732996144094,50.78987384699839,43.2735307502944,0.41639660720285715,0.13001315040362993,0.40589087182853156,22.017602108388914,41.35187229505437,5.308732996144094,0.5198731700690364,0.36682430733441435,19.812172562145278,Low
37.05200756751163,29.605647787069216,37.940489572873844,0.3684042343636022,0.2607562520874261,0.23668968930538364,21.077236819648547,55.665434143550584,2.0520075675116303,0.37195932826092126,0.3781921794247406,16.075458110711928,Low
42.814136308629266,53.52490559807875,43.53730914535035,0.2923325830665541,0.6500413934807758,0.05019298248551721,64.69146070897312,12.620439655032715,7.814136308629266,4.749586822997289,0.4057205071751921,23.107950790480796,Medium
35.94137266704818,40.17113339273624,37.829866987568195,0.10255588716349262,0.04326592248245584,0.8277513070853981,26.760553467285632,33.67552166036877,0.9413726670481779,0.7717419143508001,0.14775275557554668,27.292983699352988,High
47.880676666358475,38.44616024176344,49.0296473887855,0.2325882907949593,0.06465236967796496,0.7672974995462897,18.296853239264287,12.62457811626189,12.880676666358475,1.3429298935447922,0.24065183214110075,27.941152196054922,High
39.502669391060024,57.698412267302174,39.91705628363932,0.2472829079824197,0.11395369244436054,0.6809483967639051,24.1821291474741,86.73121644489432,4.502669391060024,0.2756388219313403,0.25837372337528586,24.749824803824694,Medium
33.57136977433487,75.880034295169,35.34558583371444,0.43726165576816123,0.41664898388881233,0.19264240629912432,88.51716864952597,73.61724019273129,-1.428630225665131,1.1862830683752454,0.39883451997801445,26.49873589195618,Medium
32.71643000775555,68.7747490900347,32.737637567930584,0.6479555252773552,0.10533058970419823,0.15230903977848814,79.82505648597622,44.06878412029912,-2.283569992244452,1.7711828274067585,0.44054743559169635,23.933305409039637,Medium
38.92988966097274,31.442490945652345,39.01312393294375,0.42904786271835726,0.6776534670155134,0.10746403705152568,40.095487800182994,24.006216607512044,3.9298896609727407,1.6034207984960838,0.5206292699354853,16.381733099055882,Low
36.1061488586966,40.15557795144494,36.31415782604818,0.09627555955772849,0.3127001690809642,0.6654248104569831,65.74476522282839,84.34368394623743,1.1061488586965993,0.7703530265256014,0.18583062123609795,31.81834773373399,High
39.85600197636837,69.11156781982324,42.88560571661798,0.8162318407905631,0.35106257224511644,0.8394867665847026,55.66843226178324,34.290710636792596,4.856001976368368,1.5774245192939156,0.6393894438860895,27.699820059239553,High
38.89295049829418,40.26268909692536,35.0614259643156,0.8041794552752898,0.17266103106378453,0.4159554477760814,67.55556239601793,18.683676693426854,3.8929504982941765,3.432060150560051,0.5667504200882912,25.428437180923968,Medium
36.70868434937251,51.63050275004463,38.30208260151692,0.6781516345187267,0.3296721767043134,0.15126957119664095,68.02704795933454,52.86897301858617,1.7086843493725112,1.26282429657353,0.5377655857631954,21.609820611693287,Low
33.61282512772638,63.25078148536828,34.66423284902672,0.8430623212513765,0.46333954284590806,0.48553389762229054,63.4423912800994,85.22080022930938,-1.3871748722736186,0.7358130649607817,0.681396864324499,21.88247564738788,Low
30.940611101256543,40.47483317704547,29.419305412399364,0.4855858662402103,0.5258239958678299,0.3465071213398356,32.618616325671226,5.325574692527419,-4.059388898743457,5.15662495681294,0.5164801021788039,15.413262191181255,Low
35.213940191731915,56.580632592189396,36.67853036043592,0.8202146802025648,0.5277076578969391,0.368601185697498,13.315545764839541,25.240611676589893,0.2139401917319148,0.5074403725397444,0.7371255597257811,10.805354650288873,Low
40.425595177293886,34.989617576226934,42.13922316504119,0.11048403249340061,0.40452377888586183,0.5781310305323513,48.72317646915925,84.76804943488465,5.425595177293886,0.5680807339118751,0.23892437669263966,28.268982349409285,High
37.85637497652082,45.9794853407318,39.74083382355692,0.34254459860909703,0.6330518424957,0.6609103962728721,85.73278019870982,19.542307182858774,2.8563749765208186,4.173473769793895,0.40970953171545843,32.92332353288842,High
32.017044885152046,59.79672901213806,29.03930279058462,0.23030501440541268,0.5721854931142766,0.14401305904218673,58.40726697407895,14.625693389384688,-2.982955114847954,3.7378992098845303,0.3514313896034516,20.099367269034364,Low
37.69272370340473,31.105093997024962,40.74230782118639,0.206666467307416,0.5299336802890378,0.08025169618550493,80.75323854466217,53.46591334298338,2.692723703404731,1.482638104976629,0.30222674592649873,26.14658030119209,Medium
38.54126951891535,61.607121069405984,38.43466446188809,0.16264235911414088,0.03892386517632243,0.8951807572828576,94.28806915170439,78.25672498006054,3.5412695189153496,1.189653864393532,0.11497450586967686,42.1223806087593,High
33.46457025519547,54.70543301609978,35.49442187532523,0.5479309132527973,0.00481457355375452,0.24781909657821904,23.90737735175348,45.55433450398372,-1.5354297448045315,0.5135370875016524,0.4062955426660512,15.458259049732096,Low
37.61490042378211,63.28734931625722,39.72651109480554,0.6750574845978441,0.14871309403683106,0.09575594617219021,68.8010993270685,89.5379618181846,2.6149004237821103,0.7599143822701977,0.4808473196426873,22.31588773622183,Low
37.232834873784,58.358712010969924,36.91778924535506,0.5126387195362885,0.46446651573941655,0.21139402973153198,67.31495376450209,62.72959446072939,2.2328348737840003,1.0562589380037877,0.47960823267909597,22.96978535514972,Low
32.42811880867751,75.46210644960766,34.418808737204834,0.16757016767056773,0.28783824221778204,0.08311416939619459,93.29621302545367,11.296367112888058,-2.5718811913224897,7.587298928938785,0.19359736024222157,28.352043836962128,Medium
38.43114944139313,56.87836753971861,38.852909580024594,0.6988990159467767,0.2816843815095182,0.3830392604245959,93.77606238598803,89.3907311929679,3.4311494413931314,1.0374521939179036,0.5100686616349335,30.343941009844233,High
39.24313810547294,48.558916883121206,37.1360723364657,0.5587637657309827,0.6192108217607296,0.7320415167836256,68.367681996551,39.67101012631619,4.243138105472937,1.680992967330154,0.5526538239702575,29.272371344235033,High
41.332204972701106,56.83446254548426,44.083817860992774,0.3605325649015964,0.626893993692287,0.3400577822940625,30.707257318486512,29.429215376866015,6.332204972701106,1.0091373352279034,0.4736804797301574,19.01998127759506,Low
41.215208208139614,63.14947043554582,41.05264076361526,0.5893042364288503,0.63642268483751,0.4275558958466115,77.87724624110092,52.419730604120275,6.2152082081396145,1.4578367460934787,0.5666321010674622,27.743325621747765,Medium
31.489322528171634,55.732901054885566,31.207582334064554,0.25792398339426625,0.21971465356051909,0.624248757532323,19.097476407938238,30.866145304773465,-3.510677471828366,0.599302997751582,0.30157130969677726,19.610864492342166,Low
33.24869984033951,55.608875368058236,33.644101038284425,0.3261537667953684,0.4837390689174832,0.4825599595593981,76.35944085458844,12.348888105212946,-1.751300159660488,5.720284734783934,0.36445453989787757,28.076084013976313,Medium
39.06014106883464,44.47012468289867,40.46849615682572,0.7839886745055922,0.19014322689205873,0.7822288331181256,87.3666705522992,5.121409161730021,4.060141068834639,14.272313489269813,0.5400695022186737,34.091612705276304,High
39.05514380364883,45.05648623673578,39.96923818741568,0.2824036045371363,0.13342688315211484,0.786130323788893,42.540838555316995,43.21458499822229,4.055143803648832,0.9621449247352973,0.2669293891125992,29.218935639912555,High
39.06019074522419,33.96092092300459,40.88229113228495,0.42599061452634923,0.12924272014315843,0.058424091167480596,63.60400007356184,76.13339088926034,4.06019074522419,0.8245974841800678,0.3307631846851952,23.28102470547093,Low
48.0,81.24365114780409,46.99076595020701,0.7621129099168117,0.2394753346045158,0.7113393605107193,46.56213222823023,53.64679077855651,13.0,0.8520561146383236,0.5825482141032114,28.09094495463137,Medium
39.283562042772665,36.34205146913072,39.16998248712656,0.616177080214022,0.3009703338458752,0.44162356020542276,47.21002967399092,89.93262041019247,4.283562042772665,0.519175950951692,0.5127873186081848,22.58536738150186,Medium
41.54226256072239,44.60642203306139,42.36826695224009,0.0997625809317622,0.5816644197385479,0.8905144601081136,36.381525574190206,29.381964880012,6.542262560722392,1.1974711220249372,0.29797534890643146,29.290986306761344,High
40.81600705397281,44.22389101646204,44.66283799296087,0.16784243542317628,0.08392376543089847,0.46074726449411985,74.7810177382776,28.838680504604703,5.816007053972811,2.5061770987741028,0.1511015731448977,33.322709729894186,High
39.60556500522319,68.42386565416662,40.43484619760255,0.056273272617533454,0.5144480931764259,0.8888615535800529,89.57500795415294,18.57870411988526,4.605565005223191,4.575124451836187,0.1985233835692949,39.89342875189573,High
35.738923021438616,50.57575482561958,38.36675641693106,0.5547374321833307,0.3720184399325137,0.6913839570248761,89.96382303492919,18.945405002553493,0.738923021438616,4.51050369864195,0.4544841682548233,33.123064186262766,High
40.03587688197307,73.716131090106,41.093709635149544,0.40813874032833464,0.20156173987319473,0.26131415192131036,24.856409214369375,29.240860660854064,5.035876881973067,0.8219478107164222,0.3804953569445898,18.18141639875234,Low
33.90869914184971,44.897640636341976,34.18321118569336,0.15741988072182042,0.3449737091729772,0.507635732393914,84.35321022080811,72.39140384824981,-1.0913008581502908,1.149360903290852,0.2135908309641773,32.17861574745441,High
36.052725573039965,59.18491243335703,36.6826389368683,0.8163472968454163,0.20995944884391585,0.8933152935567954,72.68167252130539,81.98932720409807,1.0527255730399645,0.8757954181572918,0.580114540239119,31.148827653724805,High
35.05854580868358,42.46979420110364,35.80591624064026,0.4737277791564959,0.4172573686668142,0.7789010165891351,31.491179058674586,87.88240942515291,0.058545808683582834,0.3543015908585717,0.47792269903526724,22.665744365130568,Low
37.32749655754529,87.17723691660083,39.23296516598639,0.2435146352903113,0.3036907459986709,0.13276185972253793,15.719192098328737,24.744620598198473,2.327496557545288,0.6105816179489052,0.3214968128754593,14.523171966667633,Low
46.25863426669403,37.18602371455731,49.32055116805886,0.450482856923766,0.1150838703552151,0.6504161972884966,32.77976768517213,79.9102913771978,11.258634266694031,0.40513718498868434,0.37203510757565195,26.922637217779222,High
29.530939229633006,59.64731065340541,31.070460501162486,0.5936962661880862,0.0816081521889877,0.34374264799019105,87.53770012642968,32.90168258857365,-5.469060770366994,2.5821048821905292,0.3931625052431184,27.27938909817929,Medium
39.74504076149805,64.50665321398148,42.525657279610684,0.11099137437885158,0.3826869774504911,0.055934922598295904,63.820187366140644,14.591446283935175,4.745040761498053,4.093282060170294,0.21758073049631763,24.6281180771373,Medium
30.549136515241393,61.20698646177247,30.101951908796863,0.2697630520383136,0.6316891233002724,0.39295882367294965,71.28964617631911,78.95211866921407,-4.450863484758607,0.8916542471033918,0.3800749220367507,24.68044380472147,Low
35.11227253684227,52.220685116834375,35.49032677362122,0.6955723927071948,0.24077038059037986,0.2495412584662256,31.857949844273147,59.06897894470758,0.11227253684226923,0.5303561073278409,0.5577165999571577,15.35950623932138,Low
41.35580238786947,53.05268950399861,41.26934858655797,0.4177318963221289,0.5131000750558362,0.7460388799424008,71.14799322385971,19.002126166890246,6.355802387869467,3.557021520123787,0.4334211670861685,32.331125882111124,High
37.25712007638185,55.657172079686646,38.72878696269413,0.48726171362583587,0.46106294845783685,0.33673101751890067,12.390328033623518,41.53565688860522,2.2571200763818524,0.2912927397846943,0.518285584679229,13.767417757961656,Low
32.689020888282776,52.79496997557267,33.15058331051365,0.3962528017675754,0.6520884400166367,0.7533951398607446,41.902314390706174,29.41690406455075,-2.3109791117172236,1.3775995841582394,0.4914758986748301,23.006721223959516,Medium
34.138785162960126,69.45818675192365,36.233444568511416,0.0851199541144041,0.5746867121093986,0.05050824800957601,63.27403462609816,67.62753834036675,-0.8612148370398742,0.9219919023218167,0.26020395147536385,21.72290161597035,Low
39.7183909957387,88.15784502387027,39.32188842829004,0.18259982385612472,0.3966236812338241,0.31164627752220125,22.418208071012216,43.54037960306278,4.718390995738702,0.5033232377182221,0.30612879061280984,18.928039846648453,Medium
34.07853347313145,46.637623224882496,35.14307993311337,0.40643331099351265,0.4599213487638751,0.25499043216159767,79.95530382798945,89.08879533404271,-0.9214665268685494,0.8875166276951644,0.4018810873972807,25.75807130694315,Medium
37.8658343583279,34.45295530631383,39.89612122484628,0.21734837232634224,0.6288705266088244,0.24853225690831932,29.977660399013086,9.653323492065585,2.865834358327902,2.8139256656704306,0.3890925209794396,17.580761891079685,Low
37.18228735961525,53.67576927473118,35.084333197054335,0.089983222927743,0.27966314921085433,0.1079586268006433,65.44389458956793,35.17629762158097,2.182287359615252,1.8090268737320254,0.17244498393033417,25.37887241077462,Medium
34.393598609576735,90.0,38.57604557057204,0.7249197312414589,0.22875629410044415,0.20905562984892645,44.44175711890302,45.96151420434808,-0.6064013904232652,0.9463442112517795,0.5591369698561056,16.95862685543088,Low
45.5757763573013,42.944881480454036,46.15104852998149,0.8349540233312926,0.007567758544637437,0.522217134402777,60.66370561560001,47.76635215360718,10.5757763573013,1.2439664427742685,0.5425790359465668,28.311983060502282,High
39.535676089272044,79.58675208166102,37.49811621875779,0.6845142991973916,0.578585751934025,0.2976569119120828,19.133296973457192,31.854544902779125,4.5356760892720445,0.5823637804168376,0.6651510081251852,13.358071421187129,Low
28.899429653369573,80.1655122111466,30.13657050123475,0.7330279373637336,0.5606864902823554,0.40478556497977575,11.437587993336622,66.98542117329328,-6.100570346630427,0.1682358922831775,0.6965851215096102,9.160995557954095,Low
37.74581725907771,46.69617637438008,38.79598246103744,0.2435817042536363,0.07311816267010596,0.3703368482951102,87.3129763273256,79.35350124656286,2.745817259077711,1.0866107260143867,0.18077149502588796,33.1103883145784,High
34.352854140926446,63.534746187779135,35.230012571567705,0.8185015804105598,0.40380016679289016,0.7945191862499105,32.91855074521054,84.79114066811836,-0.6471458590735537,0.38370571237134404,0.6793224475389923,20.380936239446594,Low
40.409733339184896,79.42594934692806,42.896520008574896,0.2075405635627427,0.32478718871682116,0.8195041491589382,79.67254523633902,73.43293702795972,5.409733339184896,1.070393678089192,0.24228794951635296,37.14122741016456,High
33.829917046269195,49.313083885187694,35.95108450340978,0.8111438482894658,0.08309636685637802,0.469013425907481,94.94477554013702,77.29931677106094,-1.1700829537308053,1.2125875353133113,0.5166704434904559,30.193033201612252,Low
36.5410542341324,51.946294598464576,37.98786852066817,0.8458554351727609,0.6863977589425064,0.3306325577682637,27.97165692990745,51.79635055269962,1.5410542341324032,0.5298028488159809,0.7854609318565009,12.74070278152289,Low
39.019949115921825,46.274786290770344,40.695182566841794,0.619378244596839,0.15028712122434879,0.14078059840200907,32.53951300058523,75.20049924627924,4.0199491159218255,0.4270249318894599,0.48417357012482276,16.52786983011676,Low
40.46302077668049,39.778649039607,41.30648310252336,0.8349149854334575,0.0470639260633928,0.8603924474747808,66.34308194894658,30.79783227757594,5.463020776680487,2.0864026632322417,0.5487250871301458,31.688397233994348,High
32.1988143717769,45.26083682400989,35.86205064563697,0.5056318236536829,0.41639316565133666,0.10119290316525284,92.06313394105281,38.87069477928323,-2.8011856282231022,2.309042630199881,0.43623390994655786,25.07291860223883,Medium
35.66199505663621,36.64089599856615,34.443201029099555,0.25763342654087223,0.5172066739931228,0.30300273593303834,87.84421959621324,31.937606174576267,0.6619950566362078,2.6669885823098474,0.3218978385262469,29.319792319206144,High
35.100218755356174,55.51125202388839,36.30969626668002,0.3995967085324966,0.02271041223303087,0.3033562709945035,52.744419205574715,44.72792351307366,0.10021875535617397,1.153440067981548,0.2938267295838325,23.51538641776202,Medium
34.38668306970515,43.450401534120374,35.48422001648832,0.5248487483030287,0.46110234710891546,0.32234109321918264,77.5843740147716,29.27426738028409,-0.6133169302948502,2.562716812935922,0.4756555790997202,25.33960019477361,Medium
44.061816961124386,58.50678867686121,46.281737570221274,0.108465249621612,0.3726043131660181,0.1896438167815479,21.53839751349159,86.73697259162797,9.061816961124386,0.24548826882530048,0.255322046209281,19.42335221086902,Medium
38.61992684384382,31.66156530694559,38.35414602770647,0.5478746116937968,0.07228550621253388,0.7156872162851426,93.08224565734105,31.591793380481793,3.619926843843821,2.8560025700544944,0.35732817322269717,36.60902661161168,High
31.95646418265982,59.96320348321686,30.340955279065014,0.8349422694098356,0.12076671386245344,0.15412318267109082,91.97002489305885,13.333785739429885,-3.0435358173401816,6.416310845226635,0.5452253509115785,24.639406636045308,Low
40.671447788219105,67.50293442413387,41.90668231236639,0.2020861198269821,0.3975820081212563,0.5896706602801884,23.91696141972953,49.77945911428514,5.671447788219105,0.4709967738313557,0.3166093129128366,22.8857263240163,High
45.48862478805053,25.093965361428168,46.91047052637843,0.6840760930307066,0.20745032945930186,0.15526912269994483,35.45096560826406,9.853421667839992,10.48862478805053,3.266340025589311,0.5372297890479505,18.784253486193,Low
41.12986104220459,60.61084854771358,44.36426015637606,0.7763190350236955,0.6568210100559212,0.10995529195401307,18.51317478807519,14.396169136229345,6.129861042204588,1.2024533261661237,0.7443245492429185,10.366029658854483,Low
30.922520136183948,73.41503488709938,30.01697706669632,0.8049612742561766,0.5731181606388355,0.823015078132995,33.09599590634527,23.648098081680935,-4.077479863816052,1.3427403524876032,0.7218162168390113,18.826969345480368,Low
35.063063708535,36.855384719631914,37.795104358610075,0.8181084835243577,0.6884970445595641,0.21160945137089981,79.35624210029256,44.469771239982045,0.06306370853499743,1.7452527236493725,0.7180579613821912,21.21014001095151,Low
42.06764459674649,80.08858580256555,46.61876614278717,0.4671677109771775,0.18176958726528977,0.7480626313757487,42.15682660904705,41.82632924626737,7.06764459674649,0.984367031940318,0.39267467615684637,28.09321805421226,High
34.16932213752488,61.28528514049068,34.60267480624116,0.8318463263932029,0.6788065429585839,0.5129362404410654,17.51374220747446,72.97380827023726,-0.8306778624751203,0.23675598995112124,0.7852360165160224,12.240834032399976,Low
38.775277712584916,44.424822163623865,37.83886438334508,0.6558481657075511,0.3018637088540905,0.11617804166745416,39.08916960620689,67.85534558014965,3.7752777125849164,0.5676998536113067,0.5449788424745509,16.41322685441219,Low
40.098536213717345,54.16346383513441,40.48807466415729,0.17933714898956948,0.24326315671962823,0.8621309627223573,93.41758341050881,41.23705498920961,5.098536213717345,2.2117447211784627,0.18716365299912133,40.93329698991239,High
33.292278113687665,63.374903687825835,34.31328556474474,0.43152008517437596,0.03524466887854727,0.25991699194310863,63.52310559703225,33.364857643928545,-1.707721886312335,1.8484902878174814,0.3059623461711575,24.193256875285435,Low
36.7618985757528,56.14008087118617,38.60758038826317,0.6246649402976032,0.03693568050172183,0.7806985435497156,45.37368044452341,31.89984664522738,1.7618985757528023,1.379145651765691,0.44050598788455503,26.830466930048974,Medium
25.0,63.08133988669554,25.112907905242928,0.24787225265526663,0.48440787916265826,0.19348850491687952,24.15577364726795,70.78958241999077,-10.0,0.33648020831141445,0.3698899416946895,11.718679750186794,Low
32.90244943466284,41.1898961038095,36.235247235883854,0.5624921468391099,0.3205502961038195,0.775851449820575,93.82502776911406,9.426154528807928,-2.0975505653371584,8.99900605826159,0.4398353491654977,34.157563396899576,High
35.98972739442736,57.54041236054117,35.31792892191527,0.5832803832372954,0.158565138225274,0.06124449096949989,79.77216578736595,6.089840208401496,0.9897273944273621,11.25161688310486,0.41776560562259346,24.148965317235426,Medium
32.008867272140606,33.79428254642529,30.400059543881405,0.1801597950468527,0.4297792144276628,0.4850133880840585,33.92557070832815,72.62127331376509,-2.9911327278593944,0.4608120612603563,0.3031040706480823,20.550790502975865,Medium
43.52964521572654,53.33160907976949,46.18971085215752,0.502068249962205,0.1770006827750778,0.7040261925083233,15.955839136301105,45.55744195906919,8.52964521572654,0.34271296843002297,0.4383853156735452,22.576355770526625,Medium
31.27943448815747,41.44138537802815,28.86750294134817,0.6673015287828862,0.4043422280410958,0.8445761898688658,14.813172377092432,16.124896777053955,-3.72056551184253,0.8650079804826003,0.606870413304968,17.441166313557297,Low
35.239822053212066,43.9670508611535,35.93362739990299,0.4491165316287535,0.2514461228878832,0.822821815775514,20.232142707970375,25.023104440532606,0.23982205321206607,0.777468451321955,0.42467161313564666,22.040034355757154,Medium
37.52296230914437,73.54139762815656,43.19948400295644,0.05968249342088594,0.5764865586282732,0.7466811391154982,59.36532960722584,84.26283601327752,2.5229623091443685,0.6962626671013054,0.24939013403378768,31.009565474791412,High
42.76509315626446,71.36965180891403,43.747027826824564,0.057230775263433745,0.5744873125367455,0.8049626472121085,88.94489080246686,78.05775292811633,7.765093156264463,1.1250622172798215,0.21773976811661702,39.517126478177815,High
31.256551395282244,64.13707181360766,30.57539991923787,0.3356234751760097,0.3341452786856809,0.219336732961515,52.22319138050868,65.33172926903767,-3.7434486047177558,0.7873033306382595,0.3493944773308014,19.938237969220978,Low
41.65265500861984,38.61530852991132,42.56655881293965,0.7909552547454256,0.2455733765345109,0.29155665135496944,81.65036600877676,45.98914457867276,6.652655008619838,1.7376431671802746,0.5665947997988319,27.392929303446167,Medium
37.04093224407835,50.25387325457797,37.964731061149045,0.232941423682887,0.2537918575913662,0.29562324618289976,47.90036268808367,49.22750822626779,2.0409322440783484,0.9536679078782754,0.2680020487990584,23.22366943475192,Medium
33.073965395808195,73.19646549968775,34.31494030633787,0.5574909510973497,0.5640001679677524,0.370495841351444,70.22960139026515,87.89578549913648,-1.9260346041918055,0.7900217203316949,0.5334650196584704,23.25182321041006,Medium
38.848413897053085,57.12575370459857,40.84180837029251,0.22766069655465643,0.22972563795832837,0.38432256982741037,72.20918266935257,87.09048773016441,3.848413897053085,0.8197160048715035,0.23330492665093977,29.98673010673016,High
37.796238782293884,89.7899430997254,37.237572029742275,0.30733599172763887,0.1463415615947922,0.5128720259564742,24.786915001783786,23.297868891795915,2.7962387822938837,1.0201271194673782,0.3035171485132372,21.56023915268429,Medium
34.59913249136482,60.89976759091558,38.13045457422001,0.7284336716811871,0.059281839312714774,0.18589779886147517,40.703365012944005,73.94388813595204,-0.40086750863518006,0.5431178715882211,0.5141413897895827,16.814430126162453,Low
37.27920833996008,57.880736747350475,38.64687976651901,0.6330891538159575,0.32668518461908586,0.637559664218091,64.17068330573204,21.76562662419643,2.2792083399600784,2.8187532179557175,0.5136883643695682,27.469760806143462,Medium
35.45874561255296,50.363253036962476,37.54893668215566,0.1263194218505685,0.3374924692438893,0.19243155840883053,16.009211695671127,23.150685620135867,0.45874561255295987,0.6628884971416005,0.2610301821878368,15.382939773539436,Low
37.45406938100499,57.00311357173423,37.51184528137153,0.3929616167891469,0.5886360972820349,0.3137622097888654,40.730915959851316,62.46790790398903,2.4540693810049916,0.6417560827980487,0.47163688329824727,19.286742485354054,Low
39.648522698084186,52.712952454291845,42.578095903577484,0.07333581091621158,0.15486708751224476,0.4778433610152309,55.45795463390136,39.425093379941615,4.648522698084186,1.3718695492591948,0.135003658169499,29.617261864367315,High
43.34406726458141,65.62163015032885,43.95848865136181,0.43471211728240716,0.2666938915678799,0.7269744772949558,94.67908190879429,84.18127460405422,8.344067264581412,1.1115011174567235,0.346156355931014,38.59961055309184,High
32.0487380046926,69.35053475191876,33.4650667749329,0.5799472093608544,0.5658840172255836,0.6785488482529182,50.33535282290746,12.565827466160751,-2.951261995307398,3.7104520862045733,0.5673981779612802,22.586965313051056,Medium
45.532133498625065,43.21015809238076,45.1324743828444,0.14480209887852125,0.5765365275242814,0.598704202948944,79.3648243547175,48.47967946880691,10.532133498625065,1.603988247432986,0.2804773932296797,35.32431575311375,High
29.19164880190999,35.03150569663333,28.6962513623068,0.2811079511273325,0.2692277531851377,0.18240727149314462,46.725719230662506,83.0743300876653,-5.808351198090008,0.5557667742572678,0.3027073774012783,18.387863421084624,Low
36.39285961985767,27.456919403450552,38.42516757953699,0.3682693004017255,0.3213868163006766,0.5149885437732411,77.69321142267526,81.84966114075793,1.392859619857667,0.9377613662254806,0.33968441370856306,30.344546114134424,High
39.35326882593831,62.619869903688155,39.68785858062723,0.7856248197248398,0.21230012359449804,0.12432952652990263,60.610258137709216,18.304983140338003,4.353268825938308,3.139617253074069,0.574454670775544,20.496128032335246,Low
38.12396747094013,38.449500907391894,37.843232839683566,0.8446040123383712,0.6527884148935184,0.37075870027715313,85.36061252770386,36.1642045081988,3.12396747094013,2.2968502530135537,0.7172383193433742,25.45152270682886,High
34.50920192071762,22.706641105712755,34.54442690767708,0.08592903919649268,0.08305063601910621,0.4014890507464653,44.930116949759345,57.62531900396918,-0.49079807928237784,0.7663944130814433,0.13154249737386814,25.023136222464625,High
36.1675109985709,60.82867906796446,38.21594060614703,0.6588063387963137,0.653624596101029,0.08383972352889076,61.3658756848257,18.548565205569183,1.1675109985708971,3.1391498577779613,0.6300053064232712,17.770630009098593,Low
35.02799626136467,90.0,35.08443946955926,0.34737925312187456,0.4787065162847402,0.28288988454947606,63.55158785260033,87.28188462388779,0.02799626136467026,0.7198712184651775,0.38848791890594647,23.50736283902839,Medium
34.64254097222315,54.9089363269016,35.466058574819904,0.363966548983584,0.37210050688071183,0.8623020471765159,45.47755005304023,82.75369294185113,-0.3574590277768479,0.542991579901015,0.3845325314013237,27.408923288812158,High
40.3984083880841,67.57736161677462,41.42095001351475,0.6534119786776181,0.02286134254914711,0.8605877166552361,22.26652371343593,19.19076521792988,5.3984083880841,1.10280732171868,0.4766390662578791,24.335197583879197,Medium
38.428061943860186,56.22744037821347,36.55203861484474,0.7847411457163269,0.33291733427540576,0.3494779961146584,17.95254958754852,15.298214207183761,3.428061943860186,1.1015040886893963,0.6527673381248693,13.85866128504452,Low
34.228361618957386,53.51665520213286,33.021672010897106,0.8107428756020387,0.28542367350191256,0.08663509260607545,11.417081800968813,12.259721038702551,-0.7716383810426137,0.8610348413548496,0.6606557456108282,7.838591649879936,Low
40.598399501733006,68.78614724481653,42.10281633560435,0.5116980688306566,0.11285316838258579,0.2022306984289543,84.25041246084325,82.30271144311365,5.598399501733006,1.0113765926860228,0.35662437935232644,29.185404689994275,Medium
38.22919808350644,50.64588183717023,38.12365404177739,0.3356969274404022,0.4594867224504598,0.3833851244185091,30.100367540289035,21.458023832614167,3.2291980835064393,1.340294576434479,0.4091638056590902,19.377446324461108,Low
40.25144847535584,59.010884711078546,42.83653584227647,0.6800392686870234,0.6798056351578,0.8556127432738453,27.978073688950285,40.38421892627015,5.2514484753558435,0.6760565842452128,0.6839871780706037,21.87945830414599,High
39.51851536769445,59.8254670929402,41.968726024070264,0.2508011066098402,0.3935321677451676,0.1700192040066072,72.56300903621556,43.15236608042026,4.518515367694448,1.6434681870513446,0.2959773052532388,26.620653097719124,High
33.68401995631171,44.978643195354266,35.762772955844866,0.5012592230668141,0.500327293510762,0.6989884671179805,37.201369612428294,55.91593875815324,-1.3159800436882918,0.6536195382896883,0.5136523522808888,21.705956105614597,Low
34.75927583921212,69.88063524304785,38.48893352018102,0.3368627692198985,0.04791531679621175,0.14238015846848828,53.01379885500611,11.097504218531121,-0.2407241607878774,4.382209577889533,0.2634784577157965,21.78221094245127,Low
39.98917442049305,52.37560364956887,40.86454042887828,0.5753048589663009,0.2923668970718963,0.8840689407825854,23.813440550283786,24.274482479043854,4.98917442049305,0.9421930031615294,0.5090795439510656,24.0331399894049,High
39.44148106173386,43.66382260760733,41.41480395058962,0.2423191303148055,0.0814509396151471,0.3743740242427647,91.57838632426738,84.17668288810872,4.44148106173386,1.0751579331231786,0.17824837374916006,34.57522276405811,High
36.91639362414341,63.047647653556055,37.039792159249366,0.20327435658786058,0.4289570848755573,0.7089493580641977,82.38441900146518,82.21485911782841,1.91639362414341,0.9900205308863484,0.2682673204139184,34.590145445758964,High
37.469309533235126,41.52298027313444,42.14786440253821,0.7845912693403496,0.6569375107499081,0.341202420389462,83.42211795202527,71.40970502948383,2.4693095332351263,1.1520847643013792,0.6844138968771569,24.894590108103465,Medium
42.1106595831537,55.42271736053692,46.08611006180773,0.1314429463596295,0.46324441273014694,0.5835185455849874,44.575768628620445,6.649105877548312,7.110659583153698,5.827578980107915,0.2732633230062013,27.64582223829227,High
34.63371444465668,54.86321505033695,35.65153509643337,0.45476632618794527,0.053762133820095065,0.21321367202903124,74.8007031651097,32.79557532216868,-0.3662855553433175,2.2133282967383936,0.31418773269368594,26.067553473504603,High
39.188389524680154,71.28843348747367,40.76826886953794,0.22668222637040714,0.24826634348955798,0.17411786640241816,22.229473208131314,58.376492504147166,4.188389524680154,0.37438171691564115,0.2882597656609803,17.3968558900687,Low
36.191229390264425,62.12047349319929,39.23017578931163,0.08114397066053396,0.38546436560859604,0.8473545186329117,10.732615220301323,28.391168000745434,1.191229390264425,0.36516463789493214,0.2535930768585979,22.86948320556722,Medium
36.12927518709112,54.624595618822845,36.90856592986996,0.07881505463314112,0.2822454292932765,0.8300001862187685,11.697699269132391,82.31486907957107,1.1292751870911175,0.14040350057995452,0.22026496229873524,23.357448440828033,Medium
41.39510740794876,67.26649448800431,41.4101713017492,0.19017741768466184,0.5835508073326205,0.80434859918095,59.86114767938764,58.88060425575756,6.395107407948757,0.9996750771537505,0.3293105451311957,32.170789949123396,High
40.30166539595212,75.8531132352597,42.61265002246245,0.7434162836048002,0.5702697032969924,0.5816184326416045,48.70856694607497,11.112070971897875,5.301665395952121,4.021489558564127,0.6684221142059029,22.690556042297327,Medium
40.254038544002555,63.36715459527793,41.37169741312806,0.27598299518162134,0.42828171407225496,0.7370279795338365,54.031304657224176,82.26547505103476,5.2540385440025545,0.6489040580637715,0.3400430066734251,29.896743131795244,High
42.22191522861732,55.15528929765071,43.49640690308521,0.8103673364602365,0.2614205615928937,0.10868139637466867,10.63436693546365,86.41016594497891,7.22191522861732,0.12166052793170012,0.6540122034185464,10.878203340375906,Low
37.084015366531034,35.32245651474761,36.83260835192909,0.5152978343913548,0.1787354616342709,0.33457068560707726,45.928362670881185,11.605555563296667,2.084015366531034,3.6435016640289812,0.4168709764542129,21.58880041644405,Medium
39.727811885179854,39.02329505386941,38.15130366263476,0.39929135181501285,0.07411202274919051,0.31664765604358275,71.03579370207316,50.25061996321177,4.727811885179854,1.3860475005583035,0.2907726242116917,28.704743348413814,Medium
35.75893297362617,50.421629434679986,37.11314658844483,0.5140710677355637,0.24842837844058782,0.5902985236597212,47.62896466723205,30.785963988204486,0.7589329736261732,1.4984275664852187,0.4353421895062825,24.32247611974242,Medium
38.29666540995377,45.85731696761076,40.65410847219507,0.46335870818101416,0.28922076204540365,0.3525641074500444,72.23863253653889,38.391321500919204,3.296665409953768,1.8338717713457058,0.3925428209856907,27.33731662233252,Medium
36.479427782529264,52.19543045521831,37.1407176589152,0.6570210030058601,0.4730760475728515,0.1762307643971287,29.806611973730956,20.27035352620406,1.4794277825292639,1.4013218885624366,0.6063288041016406,13.638968913187334,Low
37.38798385997087,55.849748873456605,40.54262813930917,0.2759968527782818,0.4607118770083014,0.5569970141015121,79.11707038094667,54.13612867105507,2.3879838599708734,1.434940614945295,0.3246946043885128,31.49813532256942,High
39.380628101747654,62.94539131535096,39.32475361362434,0.3324403132802419,0.04907569774887986,0.7422263325687193,60.016655438543445,86.42824502615571,4.380628101747654,0.6864675760172059,0.2541702418542656,32.32569924208315,High
33.72711726706611,53.94251832911363,33.145060584617234,0.7652754420266006,0.2766815208018104,0.3748049702909772,27.91486345154203,47.76117102308677,-1.272882732933887,0.5724813999714093,0.6142548580049614,14.949552443210203,Low
45.36954910274184,62.297524657393026,46.268703641947646,0.8071652105203243,0.12724520705215334,0.16242840783370943,30.1212404475758,12.047739418530899,10.369549102741843,2.3085409266218533,0.5923514479802647,17.243980259232977,Low
32.97593047400119,55.9671162221518,33.852041610974254,0.7640465819891796,0.10976889372176397,0.21718496771589957,63.38258948841065,57.70011334557971,-2.0240695259988115,1.0797694565811864,0.5279760278216263,20.653711826503624,Low
32.14324554884907,25.368001504691932,34.298198645851905,0.38555839516585083,0.5791115048160721,0.25186080939397637,80.54486542305769,33.91895452835685,-2.856754451150927,2.306623050745953,0.4245236231212744,24.72012365630918,Medium
41.63244349400027,40.90996909271868,41.46999925790429,0.6742924024055054,0.02934065170138027,0.3049129540453558,45.32836147247819,77.75364111526031,6.63244349400027,0.5755716285693715,0.4680492754812391,22.24454316641449,Medium
40.16665077585174,52.83868666417577,43.21879213107409,0.431068586640879,0.2934280131314849,0.5963758099303628,31.95553647584534,41.94764260689997,5.166650775851743,0.7440579863331396,0.4147140194481275,23.203978225382695,Medium
39.49647926820862,36.85457885738339,43.446854711971,0.4480318817168817,0.11774255903656272,0.5608036618570612,83.69598658740104,21.391366760090875,4.496479268208617,3.7378685939161205,0.3204459101536968,33.62405892650706,High
39.51338203705712,63.998930949943066,40.45466599660461,0.21374408724582716,0.6155311509749318,0.6416678823319834,66.88780479882097,21.24397792874732,4.51338203705712,3.007007335337155,0.34601799284115486,30.547356792665614,High
36.95101290861234,77.96126248515546,39.82557853888882,0.5229042426068131,0.38992835929252456,0.35812668685178617,48.08726641906151,70.34495536129863,1.9510129086123413,0.674010743654437,0.48263378693278375,21.15546777146023,Low
33.41098251405668,73.28142777545975,32.82623690811879,0.19890871820267836,0.1619664454637936,0.7503980040979816,51.471516598740656,27.57494585612559,-1.589017485943323,1.8012813342813996,0.21646364796200443,29.066474637053684,Medium
37.3032182327749,51.79835693604688,39.91605054454778,0.315251759253755,0.35169910101646346,0.2234745119823962,27.361799774593695,70.21483850353395,2.3032182327749027,0.38421486799041044,0.3672989860825983,17.199034036684427,Low
34.291353153951555,77.36089205274928,36.86226776679075,0.734024161295948,0.512040451792181,0.44868463539043085,63.27822355551174,22.500421415160947,-0.7086468460484454,2.6926420780985967,0.6307484087597114,22.20079278868526,Medium
40.900478933671,57.23001185803167,43.19563485395582,0.21566064736868418,0.6706826062436037,0.7307979133102158,40.49311339614553,32.3433413396113,5.900478933671003,1.2144287815582666,0.3901080568981461,26.577896335908505,High
36.411770473991446,49.94371043322941,37.388425840686004,0.10692662813874625,0.15431220297179324,0.20313485057272634,94.6298400173197,44.56639265737445,1.4117704739914458,2.076746358415204,0.11581979775746602,32.635762575620454,High
33.698011212829954,45.7989600468859,30.266637800966908,0.10520607409025304,0.6203272404905416,0.14338364667966552,50.81559879726047,85.17164722394331,-1.3019887871700462,0.5897020706265558,0.2984062178040538,19.85903750930879,Low
35.714456633388025,50.462954702678076,35.75186591790983,0.8026276164024863,0.6540128799172431,0.8011313725347913,51.30027652611712,84.1971711040751,0.7144566333880249,0.602135914389103,0.7264801572905475,23.484485760989262,Medium
38.651725817102495,49.17734772188157,38.71285179057559,0.45553635036946766,0.6414943811724463,0.3414902133453165,58.09740192990711,22.584109410894463,3.651725817102495,2.463413009060649,0.5076727226435074,22.79221755515051,Medium
34.7451017887841,57.55624333563232,34.27771938169338,0.3775296574536146,0.44479004980333686,0.6312896061726773,87.92426026509347,35.44861850566119,-0.2548982112159024,2.412279638292384,0.3720305491480764,32.581335076332806,High
33.711118417734276,57.40860971574797,34.89448292455488,0.6987028648063347,0.4408744581042954,0.07154631362434771,78.06953848807878,17.698948018570647,-1.2888815822657236,4.175076502193861,0.5734145178270107,20.86248428755811,Low
37.974748845967646,55.04569030230122,38.346303677685796,0.7186607423284128,0.2822474432286759,0.6365398551480322,48.34605593281652,48.348731741647256,2.974748845967646,0.9796818322691656,0.5675246224328339,24.1159286883959,Medium
37.97986628443489,61.55407254619525,37.742948269787355,0.31575282649248365,0.5266785176126515,0.3186861148149249,71.08943760768766,44.14951680904666,2.979866284434891,1.5745337410442317,0.376365813571598,26.492878369519424,Medium
34.97222729851548,72.85969412179512,34.384027076143745,0.6048944459790362,0.37190581284565233,0.09737972554932547,59.83001739636474,81.56461380831226,-0.0277727014845226,0.7246447919597887,0.5146783940447527,19.0272921940489,Low
35.115846777526706,69.24331203161985,35.04257729929886,0.6668982526815093,0.4742066498598061,0.5683408473158995,51.85119913960616,84.05045711224118,0.11584677752670558,0.6096522099955098,0.5905497474272412,22.392276647093972,Low
37.92819974943055,32.726530473251444,40.61044856720544,0.5737205494927636,0.2999205326941568,0.25468324366219725,26.346840686669793,37.60322823561983,2.928199749430547,0.6825035596986454,0.5078616488172354,15.925271810745604,Low
31.207662634010703,20.0,31.21612505206946,0.1712760598400795,0.5120475248301973,0.37878615574409796,49.43458239366573,46.7977251566141,-3.7923373659892974,1.0342455050253605,0.3069453109594411,21.69961727448653,Low
31.370144902493777,69.01479866858911,31.59773684284387,0.7507064668136456,0.5771300623231843,0.11849369044353655,30.894579896918845,81.18008117742131,-3.6298550975062227,0.3759375684993485,0.6926683188882238,10.123689013082533,Low
34.12622311499025,34.49681952376868,34.441176692455386,0.4812756421888069,0.10250537962197127,0.1750887634307035,87.76158273739065,73.57016365833023,-0.8737768850097467,1.1768994250770537,0.33175541646248485,27.563009966082603,High
36.14621139315261,51.62851897160975,37.65470166386674,0.27597794109600293,0.5830508009019596,0.30328065017146716,38.509579147189484,5.310786464295188,1.146211393152612,6.102183834783004,0.40199242578100014,19.15900938145483,Medium
38.24363026239202,37.448304609109606,39.928004495184815,0.3901825483501551,0.37820757225321505,0.12629557547613357,90.94244123533664,32.20506295560451,3.243630262392017,2.7388124924481416,0.3566293594507209,28.33504655846397,Medium
42.901424867798205,27.970293436299706,39.33444005893346,0.08005687231912591,0.591266136363157,0.824202324983368,55.309699658050455,40.8508105645707,7.901424867798205,1.3215920769972742,0.27010426464237214,32.823210473422336,High
40.43063849280808,63.12194092307182,42.96309131354949,0.15229344097793404,0.30191119443871023,0.055139986706381657,63.681272187473624,24.525884113074696,5.430638492808079,2.494772439825316,0.21826815073089986,24.924470964279266,Medium
36.360245880146294,66.3873274045397,39.51479793151192,0.6624374004126887,0.2653283397681245,0.46128118603466467,56.14993778159286,21.963587351154793,1.3602458801462944,2.4451727390393643,0.5209110043964577,23.427166237867297,Medium
36.92393516838924,46.35234398909921,36.34865536234674,0.05000930780429291,0.6405425127620556,0.15476033941266873,20.997352442169575,8.211683060632772,1.9239351683892423,2.2794262789939297,0.3011709860690229,15.479569667686034,Low
32.989882541448765,20.0,32.53143517434651,0.3832526627858337,0.1758184872838809,0.3115272260562562,41.944803615674985,59.686426630929645,-2.0101174585512354,0.6911727373695332,0.34075234024098944,20.07602253103211,Low
36.92594745603044,46.806333276212754,37.25056737436304,0.4680081448684707,0.5909486277003001,0.8371506258455257,18.427419543598035,27.31337469106908,1.9259474560304426,0.6508379783286878,0.5396620556875744,20.6091441163843,Low
35.84536544431945,60.877060081038195,35.71135941513454,0.09370753600077783,0.33881440075658287,0.18744037028288885,62.95109375558745,9.449510166661613,0.845365444319448,6.024310494134763,0.19491774807185408,25.08222276137666,High
38.290874241352356,32.81632646838807,39.62676455227226,0.8284625303778662,0.35986680978588176,0.8709574717605827,47.984306592037306,24.63324139488541,3.2908742413523555,1.871956256051628,0.6570532545704468,25.872832673124663,Low
33.69107622579071,57.750398796687335,31.771288296252415,0.23090026499973754,0.2159277970426388,0.22492522044100843,76.12872258352964,73.16268599107076,-1.3089237742092905,1.0265097813838024,0.2271897755291045,27.017795478534058,High
39.07738605696469,54.77035226240507,38.400494644909585,0.2933589757090247,0.40112954043331095,0.6803311921968052,28.739990884946437,77.37658043995647,4.077386056964691,0.36669105392986445,0.36761425667046166,23.723383179402752,Medium
43.130955652010314,63.689372494016325,46.439751452272674,0.29315400980402184,0.2276478373933479,0.514675675162715,23.98811496649347,46.06063084143073,8.130955652010314,0.5097278667453619,0.320198642133924,22.99000915053934,Medium
36.56495940617257,56.7937055262123,36.17262945515054,0.23433332969387993,0.027488589969156617,0.8018069184572453,44.53823963192026,40.36600698473833,1.5649594061725693,1.0766869436625175,0.20430833517515468,29.83302727671013,High
38.606846888395765,40.40396588677667,41.47198930555015,0.051179057669049136,0.19039902374104922,0.5208942671776613,88.7597575735624,88.11756394765145,3.606846888395765,0.9959850072394345,0.09906738415018185,36.43968821414865,High
39.76057596684445,72.94857252496737,41.29358326022965,0.6334758352703971,0.004465330384613475,0.5043753362828624,70.385854276055,22.04799606498594,4.760575966844449,3.053881737813371,0.41103924600156727,29.524668730691296,High
35.39511811245666,52.62205640459545,33.68121654057427,0.8234763998394282,0.6848483509397996,0.21613930031313988,45.60850810739809,23.30553904264172,0.3951181124566574,1.8764656084105917,0.7539318370781988,14.61141946125899,Low
37.896369927241665,54.590431907351025,39.84936372006597,0.229434786628036,0.6760230468738232,0.19129495774390992,53.9681344291164,29.808710048093978,2.8963699272416648,1.7517167821979358,0.38649965160985217,21.347667198077346,Medium
37.05036960312718,41.00098061390206,37.8738686498379,0.580437753442738,0.2766087082306135,0.8290157784481871,17.158105950053358,19.68437205389242,2.05036960312718,0.8295202728585863,0.5140871585847735,21.025621089733924,Low
37.390704394195325,48.35076623212734,37.707503809820714,0.6435170615669721,0.5098595980377522,0.32866246902252894,93.68895119196961,37.24607584735586,2.3907043941953248,2.449635658463162,0.5453791651595392,28.557141687202844,Medium
33.907960864578136,41.727959289596484,35.27539650433614,0.7287403032724198,0.24206426888729746,0.36626991671846154,66.64462089906812,82.42090929412907,-1.0920391354218637,0.7988958818956241,0.543218841730573,23.099210822417106,Medium
37.09804069703577,52.405809101148655,38.80999092538596,0.38810335761088727,0.4697652099601832,0.6958501096641302,34.259345819390916,57.30456645342881,2.0980406970357706,0.5875928405497332,0.4395322317351964,23.27470854675976,Medium
38.9919931649818,80.67562720213516,41.053380897943725,0.2923447245123434,0.5638010301321853,0.3379999600593862,59.79371350829577,40.01545663204241,3.9919931649817997,1.4578336660912186,0.38475343023876585,24.81934922564161,Low
42.804574431180164,34.421482856029655,45.57195370250217,0.3102361072184249,0.6627293712845684,0.8592530796431523,19.30600111586449,84.42491753855326,7.804574431180164,0.22599964591304952,0.465654474600561,23.94304710906433,Medium
40.83708330434083,30.796579031848882,42.44928717350837,0.6200970664788102,0.28014859309477036,0.6772386036489803,92.0961168486446,9.119459760444897,5.83708330434083,9.100892639410588,0.4640067009670727,35.12621410779553,High
45.61272983004623,77.06755491240412,44.549278696866686,0.7034235732045089,0.5483085880692333,0.557814856187407,24.856723970086104,22.873475121658217,10.612729830046227,1.0411858283478754,0.6616899963733892,19.891266197496005,Medium
33.9306097484478,51.86014484272201,34.22014156197101,0.19529117420528214,0.18614991544248313,0.7987608864630397,65.0825770346932,53.100531433649515,-1.0693902515521998,1.2029933035780322,0.20793710212122102,32.48130651593134,High
40.48928254688271,44.963908920101254,45.90385504978565,0.34675280652621215,0.6932326126555538,0.09216502209706035,30.86362931580909,57.32197297142023,5.489282546882713,0.5291938482762462,0.4851578383965844,15.429228418559664,Low
37.73336802295341,70.59857031094114,39.820104613526,0.77155215739932,0.0180387191350458,0.26850328836082743,70.99271752512554,8.362388057822116,2.7333680229534068,7.582757421148799,0.4973501926549802,24.884678641399013,Low
45.75921173287069,45.91576690394704,50.313142684087936,0.6953548157557914,0.4224701645507846,0.44528088408777344,76.02981621542389,39.25829442210623,10.759211732870689,1.8885503548226614,0.5679241226032863,29.460186459764326,High
33.76680685857939,82.39014570320404,36.85995798187817,0.8378867222099806,0.46165418715592893,0.24293175855079285,67.24067695747178,60.17808701062418,-1.2331931414206068,1.0990974095969162,0.6739876125152953,19.710743421527553,Low
33.6411126312769,65.16888807008904,35.00381573861052,0.6533986077456646,0.48163188995189016,0.6823194092068292,62.23245412169136,64.33599644428914,-1.358887368723103,0.9524987374265561,0.5742962775112744,25.441223852518615,Medium
34.60242941822391,47.68132887781446,36.05454002289559,0.36455616082233777,0.08427130515236231,0.8313268263956665,85.85987298592099,59.241891713882886,-0.39757058177608684,1.4252519391939078,0.2581552150531904,36.51888249157906,High
28.504417102760772,87.35962319898255,29.449547042945504,0.5225102671957101,0.6569708484311912,0.4102046019412849,16.683270434129433,32.24787407067859,-6.4955828972392275,0.5017845772233138,0.593914144412654,11.237076350934437,Low
34.89697991327696,45.914276154949924,33.29027298950721,0.5788114033978562,0.12682829533505796,0.34081271009511066,38.12775509131659,12.949210505822307,-0.10302008672304197,2.733327099437084,0.4472075755479145,19.124425861939926,Low
33.96346935378521,66.13143058013961,34.99054023248755,0.11276465305369916,0.43592738226788874,0.8673181223169314,31.104435768621908,41.304557945643396,-1.0365306462147927,0.7352502254860485,0.2673325707439642,25.924206147268663,Medium
37.60157514590483,59.48938870609738,40.41758697471813,0.485597567283092,0.15587325538615945,0.4281245679034097,93.98118677556083,15.944127176284715,2.6015751459048317,5.546534548389041,0.3441393302101422,32.886997723417494,High
38.36702390310864,74.52611934098198,38.467563910876834,0.6174566627780876,0.21505149191488962,0.4656911403818907,43.098131271684245,85.5480109742567,3.367023903108638,0.4979678999729247,0.4918913139696352,22.1630414447884,Low
44.504683356863545,78.42266795090279,46.12261285545626,0.18385704320084828,0.38252097920968703,0.3489023914906195,72.2720794354339,45.3895236119234,9.504683356863545,1.5579396770709228,0.25279844024798115,31.100802235566967,High
40.801695352744204,55.4800622359865,43.079081921584,0.6745053739404457,0.29203539299520354,0.8231162020603177,68.20163892988539,31.967029820333742,5.801695352744204,2.068783245004962,0.5241122033329431,31.69090641566216,High
34.69238537735039,43.69873194480725,34.327864718381676,0.5170182244112893,0.11215792068355439,0.5336121607895732,28.026905185577107,70.1358460451065,-0.30761462264960926,0.3939913102011261,0.41583140566626275,19.97944164255528,Low
33.40634131460657,61.89958214408675,33.729387018091074,0.8117774285580757,0.1196554816945938,0.697848399104398,30.314802817981864,47.32563036949243,-1.5936586853934287,0.6273027912144804,0.5926482988252416,19.79167688985511,Low
38.967676686026024,44.834269453718406,38.44080945031028,0.08393783856551336,0.2927013517139597,0.7400357105982535,33.9091879020079,31.352892041058254,3.9676766860260244,1.0481037633042076,0.20426392075148803,27.577930255177705,High
31.71906717191743,85.20080871289935,31.48581876188332,0.2622609100443736,0.5300980847928505,0.34057168562966944,44.94581865204724,74.01725810321814,-3.2809328280825696,0.5991397151600123,0.37144015281243203,19.730536061654362,Low
44.325835063417415,57.04802996624106,43.394427137937825,0.5312431034398593,0.6285752527934519,0.418640181622323,29.917630580294777,78.70793283509536,9.325835063417415,0.3753406908969801,0.5774008073216563,19.60337111876789,Medium
41.71776048288515,49.52017673031837,41.367087790818104,0.28724792976474456,0.05888936358156798,0.771201008245325,11.670376033482064,62.205694134537545,6.717760482885147,0.18464121299958972,0.27834519089983506,24.12649768762935,Medium
35.12329739158118,57.77020458797362,38.25248091277794,0.6215393312569938,0.2751727352915807,0.35876704892443867,84.74840982861161,8.99197590465172,0.12329739158118258,8.481646737074032,0.47072700951305885,27.690015503445867,Medium
30.14746188363649,34.793105657054554,29.77424634000105,0.6572042260175448,0.07017189460601364,0.7248448634340736,92.07683566737515,53.13744481415523,-4.852538116363512,1.7007975899760228,0.42329726832495584,32.74764841751207,High
42.41548949666165,40.42578942234023,43.60517832525269,0.13201277125317956,0.011614736442818518,0.8498434741882716,39.03348289768327,69.88006751976894,7.41548949666165,0.5506975975551457,0.14365860078707002,32.22699186410868,High
36.541840618989525,73.00620861916639,36.78753748848309,0.4610835713654141,0.4632030778507696,0.579728817107806,38.77308475116519,16.602756027104483,1.541840618989525,2.202671257356685,0.47683798142331413,22.016729206232494,Low
41.95126524789384,45.14658581542906,44.719564153449255,0.45711244447284466,0.4217146093766114,0.6803831943341055,10.602804085821534,24.437013867691284,6.9512652478938435,0.41682581693634413,0.49017904541086865,19.77137720267408,Medium
30.62228936482253,39.296335259770906,33.589032809727954,0.3454246161724328,0.11411337967042033,0.7343327152349647,67.82130850808178,80.0120839307916,-4.377710635177468,0.8371752116143727,0.273667475096504,30.299970400095958,Medium
34.60249990818491,63.049791287909294,36.89860488139333,0.7963398900557377,0.16366898316514486,0.7682837015621462,80.16239113863344,6.710346357511293,-0.3975000918150897,10.396730240340053,0.5467422378443526,30.956005373874476,High
37.020974798872736,72.78556231994496,38.48017662852687,0.712005055898577,0.016595427551162865,0.3857953371782766,22.46170553060027,68.98180671520797,2.020974798872736,0.32096492767053764,0.5097199562738948,16.849108943458827,Medium
37.18792237505897,65.784299659976,37.84133306979762,0.6077675055277094,0.5844630439860826,0.09357394029959845,23.57163969620781,45.27072986372595,2.1879223750589674,0.5094287417905387,0.6164277768162426,11.419203512868949,Low
35.199738114083026,69.94071528708724,34.41192605779615,0.6214613085879981,0.682283417233986,0.39159483055122857,77.1570762475722,42.97563350136658,0.19973811408302566,1.754541551861316,0.6004047340754224,24.573882070753942,Low
39.49139972939,43.64807367145809,43.40669305107329,0.41937291505049523,0.09482167575628356,0.6226927953164764,62.384713610102295,5.60320526206541,4.491399729389997,9.447641127937471,0.31768553814707984,30.463187327102784,Medium
32.72951828246962,33.67283999887235,32.59000875584079,0.7867956168772606,0.16203264963570868,0.4327978279136738,13.813147398355946,74.64884963215188,-2.27048171753038,0.18259560410400683,0.6068740176187131,12.91680335269848,Low
36.43048205991482,77.5200047793323,38.42595158046409,0.6056763418026283,0.6078866667628537,0.6866186782313388,62.91649418929394,35.585116554108154,1.430482059914823,1.719729226398461,0.5828553109211392,26.334695139386735,High
37.4811825268476,50.15980241736796,40.070530885782695,0.6331848493246531,0.6485246585693294,0.35343506504836425,36.25800644172011,50.96507866054615,2.481182526847597,0.6977379304776953,0.6382103007238706,16.796443823063687,Low
39.057755336235,51.23750475317429,39.224834590877,0.7393527230298762,0.29373916796476723,0.5895325199384251,41.3416382150219,62.57055833853105,4.057755336234997,0.65032680686657,0.590391745992334,22.293857247369036,Medium
39.84645951235556,74.92291212773587,42.4034783033295,0.2692572714737528,0.03543573058835189,0.2084568341258784,75.42717055523481,64.72351399722285,4.846459512355558,1.1476436052768266,0.1967579115055224,29.440797177949985,High
32.501431632648526,63.343450141009896,34.64775143765681,0.6956567230933624,0.027574283584973578,0.6869640211482134,78.9294913771719,86.25830500021614,-2.4985683673514743,0.9045499036106236,0.4467368275543376,30.393152770088943,High
30.863543317057513,61.83831658122411,34.45548907013016,0.2061924823651936,0.4017649062483073,0.513841573491072,44.0303132813856,50.163896025111775,-4.136456682942487,0.8605738949155682,0.30021464801222275,22.47605433690516,Medium
42.11070728759404,87.47503517351626,42.406687587953975,0.3262735617959102,0.2750265762252253,0.2234547302646105,90.50799956054016,38.97616183282634,7.110707287594039,2.2640492586314203,0.28776411038457356,31.81134699647812,Medium
38.32925604791836,45.347226544297854,37.40046002199879,0.3184883634158741,0.02005669930435816,0.2981244974731362,44.549331025926136,86.06480825179517,3.3292560479183635,0.5116801141637797,0.2525606968149058,23.56271581823001,Medium
34.006053853773786,68.91760192121856,34.24781922060702,0.8328203747113124,0.4082766746187897,0.6863174022945575,75.60606299455934,59.57936997716929,-0.9939461462262145,1.2480496747168746,0.646569164217865,27.314762792985867,Medium
43.20460790209009,55.855196873456265,44.51788821589159,0.7352297789983414,0.00791177561231573,0.4602110503122926,51.12956748796202,30.342780283507228,8.204607902090089,1.631302871840847,0.49238183259473756,25.546382171678452,Medium
37.462698537171434,59.02888418294886,38.55001762779902,0.6109358892722078,0.5511603707044911,0.23362672433411136,86.29024775437715,15.749460859303548,2.462698537171434,5.151822406656565,0.5456193970202948,25.952507069997807,Medium
41.71718873625531,77.92702639618798,42.12703189184349,0.631645409292312,0.2145029758923601,0.872180511814753,87.15970571026519,76.6171326245404,6.717188736255309,1.1229441588867415,0.45617843263283003,37.12535814827267,High
37.27007392564044,62.61753634434436,35.40627773717458,0.4996582355220568,0.02818060210646247,0.6578562668443547,17.43042866904213,35.78543623750288,2.270073925640439,0.4738404774243712,0.3908186932761307,20.865475166389277,Medium
45.24299169952795,63.07444118574449,46.94871619372161,0.8076725336868152,0.4118465546882073,0.8635646076588267,89.60193316136919,61.13992631597665,10.242991699527948,1.4419381945474217,0.618555553457182,36.4332145467518,High
44.021363369772814,71.08761005964703,47.979880088396115,0.4470070023058892,0.27837909010313827,0.41303928855629174,80.17046152923533,45.019395646101344,9.021363369772814,1.7421015726882363,0.3715474668852397,31.86011262441133,High
36.004143406083706,49.52570905685672,37.70052026326821,0.35441416789591557,0.6816602893500047,0.4538352895879624,77.26141071657668,21.90903128257826,1.0041434060837062,3.372530674194506,0.43988517682597406,27.660265749324772,High
40.88628380381742,42.4118549899149,42.79998708239769,0.1804282695452728,0.3809390637525915,0.8132619337572663,27.07746387326941,56.143361732739535,5.88628380381742,0.4738514335210302,0.2954612169796717,26.6335589376033,Medium
39.58150379834059,39.327862089684494,41.440171757573246,0.6789645218088464,0.19266742672590578,0.4962919392085769,78.43513274414651,10.158060860807996,4.5815037983405915,7.02945912579175,0.48674380835893305,29.688631071159847,High
42.47452623012939,25.504651159359973,44.07009623495299,0.6375551456604731,0.4966072052437823,0.6511870751198171,82.26128244822813,40.134109089051336,7.474526230129392,1.9998313873807374,0.5492539665211904,32.19347949051617,High
33.14030615767958,85.84310694910484,35.537805107981725,0.35748403081930785,0.19004440177989793,0.26434694587120044,34.57777842860283,51.46226987141204,-1.859693842320418,0.6590980244155447,0.33692596059695124,18.187647424254124,Medium
39.744205839993754,38.451874514174754,41.33726636177225,0.0701547311673835,0.6329703039852955,0.42971749839724444,90.94210666079752,42.06399280007922,4.744205839993754,2.111789937430749,0.24104182323522122,33.77935010244102,High
41.233697947398355,51.68119564621342,41.76468219291844,0.7211978621744085,0.2623053793551635,0.15493238593880185,14.238112443928962,68.63713489633423,6.233697947398355,0.20446149120185114,0.5971722186672652,12.495560731526357,Low
29.965042054307542,50.84780050166619,29.77105868929441,0.05913438676325891,0.38490799394334363,0.22508303049541745,22.742286526006872,75.37362113635156,-5.034957945692458,0.29777672169563035,0.22821074371495156,15.481712034960573,Low
32.2669659493369,59.61110046713651,32.89350546641589,0.6129598237032408,0.0354011726769602,0.05080190297748643,55.694396734378714,70.55566129282013,-2.7330340506631003,0.7783366924171947,0.4227018492906538,18.293136675203133,Low
28.8430712889596,67.23605818808946,30.3142655336356,0.8262056877808456,0.2982848665665615,0.0833752939013612,58.94236004539632,8.29910056400318,-6.1569287110404005,6.338501195864277,0.6262665125930794,15.237771142792987,Low
35.92237266222177,67.90710232539618,36.44824822053731,0.40012906251856273,0.5826544777626964,0.8806912497003899,64.83775708057678,21.50094548790764,0.9223726622217683,2.8815570045899452,0.45003602375936974,30.634782111445148,High
39.87016902318385,46.25383842146592,41.34167704788099,0.23797872399676218,0.5639541637543393,0.25600064086624796,11.442375991814648,50.61163828742082,4.870169023183848,0.22170146834117202,0.4005311075325444,14.838431118557962,Low
43.009428208384115,52.49317429320383,44.66815340893474,0.6138968080347054,0.15702299119746838,0.6138141030784017,91.63117584288108,84.4598734377231,8.009428208384115,1.0722128661898285,0.42381380633718263,35.66287031374304,High
37.2963791216791,59.2386992573245,39.546148268584375,0.7037025136124682,0.15825534970739386,0.7632347439796698,13.78998788240224,75.97132587942993,2.2963791216791023,0.17915746837989083,0.5559081251972968,19.283118968183526,Low
43.514462182285165,51.2696331072468,46.438654635543635,0.4871442528622778,0.5721137185492657,0.5180613903510797,22.160265981489204,76.61543320990314,8.514462182285165,0.2855136545016632,0.5417604013006572,19.62373185027273,Low
31.479594167140434,79.1101836402999,32.59660529485872,0.8236282202049169,0.6512788941185278,0.18017282507136279,11.191233989714844,30.772696469572367,-3.5204058328595664,0.35222802069796966,0.7783693663687936,6.074658947704638,Low
30.186470242579382,62.36462427457377,29.224805394857892,0.09133497732636889,0.06675264489110248,0.6688989717357414,58.18296682999805,41.50307125168972,-4.813529757420618,1.3689120601534173,0.11664381303315402,29.54431954319588,Medium
36.77780920441352,66.02316679074727,37.26015305918474,0.4538364786436225,0.31504104759835766,0.5602136985846456,89.24268513328263,45.01000552185468,1.777809204413522,1.9396364795238397,0.37757151633239816,32.74446265269037,High
38.53626179575723,64.94321903001119,39.602355646867125,0.62476315785804,0.23621799527496026,0.6715630009452689,66.60550911683946,18.376584584742385,3.536261795757227,3.437422566683208,0.47911778418047263,29.336517303388682,Medium
36.86922100762363,72.60210786227987,35.115567873357996,0.7401123769193432,0.6094819188202075,0.7042846294285241,79.92588482083632,7.640791070778787,1.8692210076236293,9.24983420686188,0.6469861169768318,29.094709763695978,High
28.730231599840494,57.7153233805556,31.813228379994218,0.19340448952623202,0.05846744027601313,0.8790988125320334,11.128902293979307,85.48674645414394,-6.269768400159506,0.12867754598538345,0.22245402350456384,21.527225802563642,Medium
36.643519841948844,35.5475207806623,37.85708671071454,0.6900027854109452,0.14778815979062618,0.5375287880227034,56.07130037077672,25.46056978139807,1.6435198419488444,2.1190511328367223,0.5022668188129782,24.844640179586012,Low
31.78212199798059,60.99531927628962,33.354151249851014,0.4921656605748362,0.526727836310546,0.3403949457870115,49.06285308796936,25.395656816508662,-3.217878002019411,1.8587471957615365,0.5042548941500962,18.866368503360718,Low
39.67869019532015,45.22964659312257,42.72697988910955,0.3672429455919705,0.035905694286850906,0.6011948733652015,52.41227525876741,12.08721957034456,4.678690195320151,4.0048441899403,0.27870520038247015,28.951081973806524,Medium
38.46639298438739,47.07074977375365,38.52117873917387,0.15537202286327484,0.34477476650000244,0.1081746028562322,16.138120753490973,83.92315891522118,3.46639298438739,0.19003203554405773,0.2805175229144746,15.15388022696211,Low
33.24048085469058,63.7954602813264,35.10154375101663,0.7422366071271299,0.309474924275804,0.8127877205733484,68.17700569089114,54.27765476988062,-1.7595191453094188,1.2333556113172703,0.570007435868128,28.31526676965429,Medium
34.944532330653225,73.57424607150453,35.77973614600032,0.17581856654377226,0.23408082529212404,0.15147385963746726,52.77373526298393,61.69813285565508,-0.055467669346775494,0.8417114331694804,0.22294165225091664,22.189713238254843,Medium
32.763145912444195,55.319073651040924,33.48701561192031,0.29783028736727934,0.27620062072324664,0.3286664122029455,75.03765223820744,82.48403541735946,-2.2368540875558054,0.8988263667786751,0.28652070639913413,26.968231410662945,High
36.74928361090731,59.63249518898446,36.59099502920074,0.2820364255699495,0.37095841085116305,0.7433835735322027,51.24970389524581,34.37771435656711,1.7492836109073124,1.4486437246540886,0.3292596747020728,28.43441946598882,High
40.82056928200495,80.53322416952857,44.318974102534746,0.7471312273526834,0.11295715087186818,0.557715521581105,22.697439079246728,57.82812144673715,5.8205692820049535,0.3858263449700147,0.5594684425939238,19.62986112481042,Medium
33.05709581465783,58.61129769232853,33.49384575454447,0.5881623953671185,0.4003971147985149,0.38459019223582575,65.10184109661486,8.297953651955435,-1.9429041853421722,7.001738611906655,0.5079147305632107,22.984525618155075,Medium
39.01618606207138,90.0,41.06538243241493,0.6873451177530978,0.5638026305099904,0.4524203104687682,24.65284077893913,20.875664899645994,4.016186062071377,1.1269527528435526,0.6568950190259166,16.267385622674222,Low
34.87896952651024,63.482644684473165,33.06645844530234,0.25037431903399915,0.5321126508531113,0.7763652842218532,84.15353788515927,75.65589343264512,-0.12103047348976048,1.0978091066031612,0.3257048487911736,34.20454231706305,High
33.828508670950626,28.588558612662734,36.5984914654853,0.5498992796855992,0.10772993328564157,0.3390037281509083,62.114880320885526,70.17531028875854,-1.171491329049374,0.8727026277635488,0.40014366747616636,23.83760643682598,Medium
36.571878560181766,66.30012431656799,39.15019529411735,0.507396786514999,0.10447462881903173,0.7892022320903457,23.36233010234111,34.80462877385749,1.5718785601817657,0.652494688602915,0.4124181304523678,23.00980237470351,Medium
32.8590307103225,60.71737577324167,34.00518187576846,0.7162643014306169,0.18772205742143933,0.12491426633018776,91.79873488590258,37.02890336080806,-2.1409692896775,2.413920117941365,0.49427646319889934,25.111243507083916,Medium
34.78540277861127,74.34629131124119,35.44498907940439,0.7748696483850084,0.25275230843872604,0.7102786716273362,54.061064383502256,50.352126852054255,-0.21459722138872905,1.0527521973773835,0.5866864171791205,24.790303339474903,Low
32.2084884296446,65.09772026904938,33.808488438064956,0.05972541718190945,0.2859189069859378,0.7704154880965259,16.196368409090674,5.020485398236437,-2.7915115703553965,2.690209731898865,0.20541455399583633,22.264903069606312,Medium
44.858900531665554,52.92316024024339,49.29208652298599,0.5892159352470341,0.47578805178334166,0.20454500491173794,63.280796875280714,25.50576856323237,9.858900531665554,2.3874348983436398,0.5329851798079422,24.115527349266344,Medium
37.14105420788692,36.635526455659516,35.49619915953169,0.09146863929578322,0.03967630251608478,0.4157945525163704,31.52190709608887,22.69970373169823,2.141054207886917,1.3300549008099407,0.13526216723620652,23.616785991134023,Medium
34.20109796802966,51.86465114070962,36.37413904939085,0.4890869320618847,0.02427089295824647,0.19067480846410728,78.31394340957071,26.291050473729893,-0.7989020319703428,2.8695833267742836,0.32241948371503404,26.227101621270496,Medium
37.85591964293689,42.2421931868605,37.48849368970603,0.2801061832349426,0.2743373940607363,0.6506135096450851,79.5148762531262,73.5019966153425,2.8559196429368896,1.0672851717473486,0.2708500519060602,33.81273265165096,High
36.550687801236684,46.29214825292916,37.52081020678709,0.2954212796177129,0.4880145844965863,0.5050456028524082,93.21052524764626,28.77227780644767,1.550687801236684,3.130782463257145,0.33044661787195734,33.09218329600141,High
36.11612160186711,63.82867606630914,36.74430142324911,0.33236680276188524,0.1354047400695378,0.590024844702073,52.65891013708281,21.279312374262595,1.116121601867107,2.3635787879124672,0.28738259354090967,27.37796042578413,Medium
39.4566668001737,80.0485675652711,39.81418941347707,0.5470339592396881,0.44905313687937615,0.21701392191277946,48.671334776857655,47.86239416740768,4.4566668001737,0.9960898479535114,0.5142649818307681,19.90875398064753,Low
40.03003084018922,60.920072947344714,41.01433314661013,0.31723997253501535,0.18187969655820962,0.22998398274455661,74.04542646295086,78.57982809168222,5.0300308401892195,0.9304547174648921,0.2708624660255212,28.405697594159694,Medium
34.87799540955789,37.06175406947224,34.176738691641205,0.6361592404722243,0.6202602761694614,0.08527272668342042,21.260005789063758,25.51472482618749,-0.12200459044210987,0.8018188357009135,0.6465136213451093,9.652712950311779,Low
34.69672703742128,61.66904002330211,37.240497691613236,0.3736219084590957,0.6269829609866315,0.32375740491637023,56.48781867241556,11.675580637387888,-0.30327296257871694,4.45642848942155,0.4557802146990313,21.551306640658815,Medium
35.89979321139342,72.94947229968477,34.20857794459552,0.10468256024796689,0.20810104299692853,0.5257829621336237,56.43104601112233,35.294402547221495,0.8997932113934226,1.5548140222917761,0.16880880303673634,28.597799436038073,Medium
27.79231534105766,45.85325643520927,29.60196211030017,0.6770078739872858,0.16099562777426835,0.7792446768977295,17.605215438882915,68.55040508802311,-7.207684658942341,0.25312886986929445,0.5368981972857692,17.106374724592396,Low
30.939235751205793,52.989742499906235,31.449431972403936,0.2786066596741648,0.28791278044636187,0.6168883303398787,45.52864726808765,51.808696299057544,-4.060764248794207,0.8621429889171527,0.3080091826703198,24.116452245999994,Medium
42.4674970697781,55.22032292093795,41.71110972906692,0.39621350367941005,0.1683721096261041,0.4200868748897887,82.52920787821216,74.42743641381954,7.467497069778098,1.0941536899839734,0.30571052721726505,32.80708966046103,High
43.57987085400514,43.2265253037664,44.88344590990318,0.5983551065775212,0.4706686903041925,0.8601520972350172,82.77305786954612,86.56533254678489,8.579870854005136,0.9452720096200363,0.5174406131682243,35.718460837396364,High
36.00385584177449,64.72420650765788,34.66842921171477,0.31596492571896956,0.5782452791837999,0.6613584204894571,18.435201518172885,72.37631052388745,1.003855841774488,0.2512418706603047,0.4446173376683488,19.294406765562595,Low
39.30622785222307,53.18577777088328,40.36579858480252,0.0952685249173725,0.47116449163785185,0.8406404224331675,17.711275033565624,56.32326170171904,4.306227852223067,0.30897186426212186,0.2807991874082134,24.737103640336237,Medium
38.245000618174146,61.292986658605415,37.11068525645681,0.3491368376102508,0.5770453130745445,0.49844977728134077,32.3291155451645,46.93403498445234,3.2450006181741458,0.6744501178682458,0.45026658094334937,20.578442693961005,Low
48.0,41.6876173329685,49.69190812647675,0.8055588661554427,0.27789451354523187,0.27006863357416866,84.35511531708944,8.405872339602666,13.0,8.968345760118286,0.5823485584397458,29.615716919203017,Medium
41.4782996457383,48.438125495148846,41.09176364529274,0.5633875178388466,0.10942187949620259,0.09490268341001369,20.95671973124741,88.6673681991935,6.4782996457383035,0.23371623537218864,0.44990235482092134,15.122516583610697,Low
36.48832963407693,65.83572036741657,36.811838608532966,0.5871833189337655,0.5165656631783144,0.667172123761273,71.19972822333293,37.59589541887861,1.4883296340769334,1.84474870839521,0.5360799620904207,28.363809355714608,High
33.177838237598294,49.4075027186235,34.61876231951304,0.5558257229101119,0.2523321535990877,0.15310754830470402,18.599077667113775,17.93939818293368,-1.8221617624017057,0.9820310807908053,0.4905960021586796,11.81554958056968,Low
30.57421471896971,80.90445776850108,30.415401551206358,0.20919371116754942,0.46988957766039274,0.3073588590311721,62.96671756856516,61.670252708698825,-4.42578528103029,1.004730551530474,0.30351638243008233,23.217903681183497,Low
37.81385454346889,49.005457215780964,38.72690854396644,0.3846670912818241,0.18945075938723596,0.5026002717013128,40.26572042512731,29.164504573114044,2.813854543468892,1.3348709350597654,0.34736976216013793,23.738239589956123,Medium
33.97459701886279,58.37027088627829,32.70385126699551,0.6507518386906546,0.05686074436467086,0.5297540996127855,77.0576868520987,54.791153029139046,-1.025402981137212,1.381181113282466,0.4304516396716953,28.75963006017827,High
31.310985161609302,68.98886247809635,33.25729856700354,0.1310983180425273,0.6948072568414343,0.5604957174390657,29.863688150155905,54.87527216679025,-3.6890148383906975,0.5344705625954076,0.35723747972779074,19.480505235056633,Low
34.41370846302989,33.724514006004526,38.06107917135605,0.2722822208717698,0.10934105555141949,0.19131703079724555,64.33215549814659,42.88703477674388,-0.5862915369701085,1.465857874094441,0.23183949369034113,24.71387001235998,Low
32.67380798554242,28.587867820288363,37.86212128740736,0.27105528677268287,0.6918946957744367,0.3727767940984014,30.03301543895022,76.07008232132863,-2.3261920144575825,0.38968448630602776,0.4401685653569905,16.609757679292603,Low
43.748566540290255,32.11515528144858,44.88531876028991,0.3956151420756048,0.684095952796513,0.5746150930494217,70.66112406453307,27.522200232212658,8.748566540290255,2.4774078959283505,0.47193674701978366,30.239318435576376,Medium
40.5265590277978,73.93876155140774,42.70886523899358,0.8342949927537481,0.5556726727356277,0.8743460349387171,84.26263293766364,43.1337702875074,5.526559027797802,1.9092552571135124,0.6830161645352735,32.93057187466467,High
36.96810943473353,46.7221278116133,35.29717092537229,0.10400203734705754,0.4615960734573983,0.6684864670447354,20.778152925774606,50.70383093023258,1.9681094347335275,0.40186873103874937,0.2801018915196794,22.362554077980924,Medium
42.919776555560105,90.0,46.17387804501849,0.464960795504476,0.40446493517575927,0.8342131935298641,83.6606335306178,61.408101265220466,7.919776555560105,1.3405412411936526,0.41665532432479563,36.67218277753053,High
37.30947323059047,46.53628602013917,39.47381598767663,0.19349174560976834,0.6062710817644842,0.6978802495670505,60.45389662521532,71.6376072929751,2.30947323059047,0.8322671805719282,0.33752247526999096,29.390054574442182,Medium
33.554863194686945,57.768269547955555,33.828963027260095,0.8265412363277953,0.20260766513364153,0.5529594235585404,20.804391723697037,38.55861904465176,-1.445136805313055,0.5259129925696874,0.6359026496130726,15.60497565923492,Low
43.092496309078626,78.13164928851813,45.94826750951214,0.14064280378197136,0.3273768487394139,0.21321986376589286,46.34105770557552,59.91399024821066,8.092496309078626,0.7607621421080157,0.23625767918543145,24.324128274304435,Low
39.155640174738636,85.09139332238684,39.77392605977062,0.372880801889273,0.4335729785565513,0.6166828041086361,23.673124946233322,17.801931010824127,4.155640174738636,1.2590794494780821,0.43012724975429584,21.183163194810835,Medium
32.85101538269417,85.92255364954596,33.16397760817234,0.640307987867685,0.28783333310864373,0.579872631065921,69.5295705536584,84.27508854611068,-2.1489846173058282,0.8153561812610933,0.5010052220995457,26.410700808447796,Medium
36.23864528766557,73.12549345889714,37.951647675806804,0.6136435424219562,0.29924051786318756,0.5620987948886765,74.50379142552572,37.5599985457853,1.2386452876655696,1.9321523401268168,0.48345448938660424,28.51198991441594,High
33.49752698646097,70.36093788717193,32.90249523671549,0.3881829095151458,0.23119926725145906,0.4663179877900046,18.99270422318791,67.00932086799727,-1.5024730135390314,0.2792661944096135,0.38327682166133725,17.284281979653088,Low
31.468801076142654,63.88790423801775,34.00123822274258,0.32721933436217454,0.3949622716791752,0.49935811339088426,53.02188747904477,6.7289919599851,-3.531198923857346,6.860129723714577,0.3617983946420125,23.43147792373275,Low
40.70471019012656,66.67541614249957,40.120725472236295,0.3680899028422964,0.5954021696105811,0.33427614805038847,79.24312976220295,22.440907146908593,5.704710190126562,3.380548767399286,0.4202314628263492,28.536041250244622,Medium
44.63766656188052,46.732214255071995,44.06258437714574,0.2614210105269114,0.14106986460441898,0.49141578874595765,89.5738585318347,46.40201626750413,9.637666561880522,1.889663469721244,0.2095997071656378,37.014645460375654,High
31.405729704723434,42.72701674866539,31.041195022110934,0.21426635096543983,0.6541031271274089,0.21792251982670652,53.64901867305045,79.65145975724946,-3.5942702952765657,0.6651958790891958,0.3711417300444361,19.568327361219282,Low
39.25187694676228,54.94938313883572,41.391127003036466,0.43643175804711193,0.48236135762376076,0.7343982377563203,90.7737340069696,49.816687745807556,4.25187694676228,1.7862977307972725,0.4157937281084258,35.38783673124258,High
34.397429723512694,52.447230662126074,34.47226668123313,0.26482700485408583,0.5762912488760211,0.20791041149390166,55.533562488762534,84.03899099497971,-0.602570276487306,0.6530364699651829,0.37625001508649525,20.877034263869973,Low
35.05149846494122,48.201579260090874,34.02950478839047,0.2799693319178001,0.3893334848410081,0.12222134640604645,43.506192040992175,46.12273620953769,0.05149846494121846,0.9232526703783911,0.3412754525619903,18.4505922874149,Low
34.63042430304452,65.44581171185072,34.721904303140825,0.5754048507796456,0.5456616909968444,0.42080912240358376,82.09726592699612,46.68817322255575,-0.3695756969554793,1.7215435270262232,0.5268441518398446,26.756370885678038,Medium
33.544036921280735,69.32957812855766,34.49597336526001,0.8248298653599138,0.011340278137627046,0.6095613235801526,51.90353038893757,15.178477022545211,-1.4559630787192646,3.2081839543121635,0.5463964722682988,23.49771016410019,Low
37.19408651177931,56.32610329437771,36.42262778628273,0.5329097604475,0.5728662973456746,0.42205930119351015,50.11171339798446,73.22578075293869,2.194086511779311,0.6751254468414666,0.5414940320742179,21.454859533553904,Low
33.676199534355845,77.16295121582893,32.94867787080433,0.11158357365197302,0.02809720135975656,0.2852410121586123,51.6765615998354,25.99206005970031,-1.3238004656441547,1.9145097293625821,0.12370274299927536,24.7101319997857,Medium
38.081827303119354,37.87466328799742,42.24877180426873,0.11046689108325358,0.6229393634540037,0.5244455063068746,81.97672515892836,81.46706159664679,3.081827303119354,0.9940541541286302,0.2711852185272249,32.33635491631896,High
36.799047562203455,52.095108110804226,36.50819945648262,0.8111385766764527,0.6943739230670503,0.34495198510036995,80.71503104348443,82.42005872808367,1.7990475622034552,0.9675734142861663,0.7142802918825022,23.779163728814076,Medium
36.04420781253436,44.247665190957925,36.55964425937485,0.28783263224586686,0.20584722352374446,0.8429375366076381,44.299199357417955,85.18135950930272,1.04420781253436,0.5140229814155594,0.2901545470472255,28.824050954003372,Medium
33.36974535183361,27.0019507439041,33.818889850634676,0.12365358886598034,0.14722298940005554,0.8342483686630363,38.33048808899463,49.21959157376265,-1.6302546481663924,0.7632576627528864,0.18002856205061024,28.11009623573351,Medium
34.69291467772667,53.75978971235951,35.06087946607101,0.5292356697203052,0.5357543547006285,0.47701604697628114,51.81388204332599,62.55297170660977,-0.3070853222733305,0.8152865342398636,0.5264538261990457,21.819957836667616,Medium
40.02156490330302,53.17378737425075,41.95358501325668,0.5489190226322128,0.17711843864417726,0.3287013949155197,58.68566332765427,71.1738498052414,5.021564903303023,0.8131153248166125,0.4238012818449266,24.850962955168423,Medium
39.003668750497525,77.70174614863197,41.4258831762056,0.5688038560949505,0.6058936682205424,0.6765625518631433,30.25866290337974,16.136242585289576,4.003668750497525,1.7657699902868418,0.5927917512197532,20.864551279824532,Low
33.08977902080579,64.46217526832166,33.6308473735084,0.26392162228603305,0.07198981451023369,0.08120600196060665,77.4861822008252,56.081361574787266,-1.9102209791942073,1.3574690593058787,0.20246373552386474,25.75437288225823,Medium
37.3973292217169,39.63719763506192,36.54261179182838,0.06208854737158003,0.08816863746555077,0.45355365513710355,51.351035087255944,7.915321610781492,2.3973292217169018,5.759863449587284,0.1123526845753573,28.122185641651292,High
40.005548493487154,82.81138849501282,42.91720883526051,0.8220122955635775,0.6854060885704308,0.3358748851297835,38.39387161569657,47.2931170880417,5.005548493487154,0.7950174668928883,0.7604353322935792,16.287029700403128,Low
30.322378875514513,73.31550543288029,31.17936723871949,0.250714436552882,0.4716872287890032,0.8324555023371715,19.0797844019392,18.16162793771933,-4.677621124485487,0.9957287796190311,0.37285504616649096,20.59568884794093,Low
39.17344076951974,63.731465552029235,42.768923491805495,0.590821030442038,0.5928210571002669,0.06020257318178016,30.301838634306588,20.5484487067772,4.173440769519743,1.4062190298077633,0.6020370967609963,13.128341147148861,Low
34.349504964216614,51.60273851725252,31.981126117868868,0.6153038959029676,0.2270305641460626,0.5198926443605967,90.68889959925862,36.02904316887113,-0.6504950357833863,2.449128895544815,0.44660260718634076,30.908832671832428,High
39.28239467437264,40.6084114491478,40.57549950629762,0.5380059336635885,0.47353862466442304,0.6795640439066322,35.93347337965976,41.75715917090275,4.2823946743726395,0.8404083450921437,0.5289316742178203,23.02734573499625,Low
33.94696337382993,49.416898358934205,37.82487287464424,0.3003259153709185,0.415969279116018,0.46226528939543504,24.353039596198002,57.96965608523592,-1.0530366261700692,0.41297577793225776,0.3806332933611585,18.198070456661032,Low
29.780471597341922,71.33122929556279,30.250575394184686,0.2668770030112526,0.4222050840860629,0.12259257563831341,49.15718729067442,11.32641556727383,-5.219528402658078,3.987954732045941,0.33763053974189594,17.674406769668767,Low
30.48983024846735,83.26879458901914,31.151590113465396,0.5281346261621624,0.47777272167640505,0.8765921815237169,36.10245818562114,47.813799705182795,-4.510169751532651,0.7395953276259288,0.5241101340145978,22.499461188536014,Medium
37.192339786645526,78.14865292408284,38.635607324031035,0.7428765068893531,0.402751421190369,0.4903088666696832,12.988536273051503,20.523136071513598,2.192339786645526,0.6034685758569427,0.6535627942176712,14.15855610568528,Low
38.03889000688593,47.667258673205886,38.200696278558496,0.8073869831387165,0.3003436585118661,0.5720583076711597,37.46734346875047,53.78788987769806,3.0388900068859286,0.6838617722344863,0.6370679439680392,20.40068837594996,Low
33.382733499582365,38.205738500664836,33.91462560150327,0.13472464352300612,0.19314588606638278,0.25111831530138123,56.249233034854825,59.1793920422006,-1.6172665004176352,0.934692610311022,0.18252931889886367,24.096618016337597,Medium
39.5543698351095,57.113293703668056,40.04764719382239,0.17386289007817587,0.5380069316392414,0.4609733723407832,56.89555162169719,52.32028680699258,4.5543698351094974,1.0670526178459292,0.30882426191698076,26.991300587105027,High
30.35391975092416,28.473409516557226,30.4127886492846,0.8057890070264637,0.15839070100223032,0.41477706816457355,40.307508300035536,67.75511839065615,-4.64608024907584,0.5862473841004009,0.5906831062165118,17.034715867178104,Medium
36.73568080541073,59.847515712771724,39.57896563071157,0.6392281826678341,0.4846480143080899,0.11366146570168617,48.02073428147105,33.52678576047661,1.7356808054107304,1.3908255061622674,0.5809105796116564,16.664952017909833,Low
32.155935200950175,52.78596120551997,33.84755224939483,0.7563950598638184,0.16333297585452863,0.14023630051534713,92.06902304995515,70.03406028881612,-2.844064799049825,1.2961250233425112,0.5107679056246944,24.931707858514148,Low
34.39265556879136,48.00945247197637,35.76859791694631,0.2121061073082745,0.43773111896811767,0.7618516416759584,42.074620564576485,41.78520194519646,-0.607344431208638,0.9833918890571053,0.31650837951082356,26.19604768328911,Medium
37.189594685265654,31.07945399099807,39.40245119560083,0.5200686968875214,0.5229547869903202,0.2538469593756017,31.949279127098553,46.15568235742073,2.1895946852656536,0.6775276600799904,0.5369783751025103,16.0640117958497,Low
33.55834653886419,62.704001598545744,34.16181278905899,0.610911675533979,0.15309972223457743,0.21571453077383596,30.69469874567461,60.08868081719107,-1.4416534611358074,0.5024613125552511,0.48178222324508596,15.23345649473261,Low
35.4617778230807,47.009487405071326,35.30047209555135,0.5940895083575781,0.041960310602915794,0.47917473356261836,48.909992079851406,6.560462639934037,0.4617778230807019,6.469179785574357,0.4201318061155702,23.51783195788484,Low
41.02517123685776,37.451247464345684,41.121234779935925,0.37652135269335846,0.09168162009592185,0.7034350616581361,74.55921264094025,60.58950882072111,6.025171236857759,1.2105830046148318,0.27885808500385134,34.78127248613517,High
34.692432521907406,20.0,35.69510708356432,0.06231591335304679,0.4241978770897178,0.10265454079213973,27.508995656020222,57.579737671129806,-0.30756747809259366,0.4695991608985583,0.23713991548272317,16.33897353817694,Low
40.342768448260564,54.58727642424046,39.75395088570121,0.5163408454434105,0.5946124843580148,0.5402867316925175,70.29017080696528,31.337004924028793,5.342768448260564,2.1736759780969845,0.5178980817664856,28.085968501825068,Medium
32.48117258136953,81.58377395004617,32.73078105648951,0.252481231343687,0.03149777486479705,0.15132887641448736,11.797734984700384,12.292514216456606,-2.5188274186304724,0.8875472910982007,0.24914033628095092,13.568470246198865,Low
39.11921671166113,79.91888821821806,39.34504174885398,0.41020339691431223,0.5139058813291524,0.08099189320177569,45.60930312863541,12.729513242608498,4.119216711661132,3.3219898129447456,0.45468449941869765,18.17993025632757,Medium
42.7662744826316,48.14355615120592,46.95310882737512,0.8160648120670538,0.23892305216503648,0.09483235933788478,75.94853054223688,83.47401849374442,7.7662744826316015,0.8990756198944309,0.5853672723475064,24.028205317763906,Medium
27.113421999490843,45.966819094573296,23.95269958958997,0.3692282541139477,0.33496985894366577,0.7590394919771751,38.792301240826674,63.58874230419615,-7.886578000509157,0.6006046852271103,0.3832356089106417,22.292090397128884,Low
33.812418978118096,62.031613841125356,34.542989396009645,0.7218412853315413,0.6502016848918959,0.15027661108385232,57.91765362285896,15.803722170512934,-1.187581021881904,3.4467157356655473,0.6702476230436346,16.631516941015242,Low
39.30828850872216,40.02421841217563,42.896829197944314,0.2008324845994009,0.23238005331509182,0.08837865975044816,27.423234790202418,35.32146939125704,4.308288508722157,0.755014465268398,0.2627902719639657,17.679137281902875,Medium
36.18781845582803,59.52687849729199,37.37058515202671,0.587968398420023,0.3257358537576402,0.42221490407147544,73.06960824572465,55.3610544816357,1.1878184558280296,1.2964556628288981,0.47743218693358125,26.518902152639807,Medium
38.48458349348523,66.49120417577035,40.61470970361687,0.8316055635511548,0.009577690332476773,0.7673944511507211,14.443723777844568,76.02359493270514,3.484583493485232,0.1875233659304519,0.5873929214525913,19.665849439376714,Low
34.584059253136715,73.40399835826462,35.733798725786365,0.13151448069834942,0.05711910400338685,0.27304712001590664,82.46612481441753,8.711178940605725,-0.41594074686328497,8.49187573607554,0.11357829480560817,30.73878057642564,Medium
37.3463591498916,53.49768885280071,37.34535907806688,0.056655953781753615,0.1810141137943488,0.4084557248970289,26.846692845841794,25.113816174950752,2.3463591498915974,1.0280647097299414,0.16145111356151504,22.21627061050838,Medium
36.37729105843168,51.94489374734551,34.01441715666831,0.39686623410609145,0.01949656857475208,0.08393415267918855,84.32383269520811,80.6286641751073,1.3772910584316804,1.033017427730034,0.25964487834087235,27.57201571931312,Medium
41.67112824663923,41.830261198651584,42.97931177719368,0.12410038644109375,0.44196272823377564,0.43171673701464447,39.96498551054397,5.779071765624401,6.671128246639228,5.895347754422675,0.26708406482424496,24.8337846616385,High
38.017683373204854,42.5967946894021,37.854273466301265,0.6487074797409851,0.29847884976113576,0.5409711185415637,71.42810383033137,22.11892373748043,3.0176833732048536,3.089594681889626,0.5073400389426004,27.996248581594454,High
38.35041064830081,51.602816621477096,38.149907539052855,0.7816389310788471,0.3837016419096154,0.5352709956893231,37.13415031182602,86.5170549577021,3.3504106483008087,0.42430758587310025,0.6469597009083669,19.759561042747595,Low
35.35249213551013,60.510482602242675,35.604011251541465,0.397216778167007,0.12225303012743068,0.33256268834821034,87.00249205494504,57.139156954384546,0.3524921355101327,1.4964525908624096,0.28800348388348834,30.34051327588048,High
35.049575103710026,68.70376939349875,38.66686721364527,0.2569693137243528,0.20715242060563127,0.31820320356366516,20.76415566906182,27.24206616418805,0.04957510371002627,0.735220842141908,0.2955631587472392,17.434690508695887,Medium
35.269767248721514,42.95231573979483,39.87702356210247,0.3975226552052878,0.46467713239690756,0.1406300760961082,25.174182088170888,10.694243023647047,0.26976724872151436,2.1526987285338537,0.45274255075407405,13.832325329863863,Low
38.57780856951319,77.39032853439282,39.90362047580579,0.6287582542800008,0.6757119065412799,0.3617785725493281,51.9075606384982,7.396263938013883,3.577808569513188,6.182221166665327,0.6280609638918861,20.31173084408945,Low
35.31606207671895,50.93314598436147,35.61891124085136,0.05724332926429679,0.03529174152154643,0.13457046854201996,16.964767318242423,25.80333176913882,0.3160620767189499,0.6329350195849736,0.12796875269679958,16.829922370185404,Low
38.15909942758565,54.67949058477346,37.39325980140884,0.5215631915877578,0.6232690245986863,0.7016065530052439,26.658315699649762,79.92629466505738,3.1590994275856517,0.3294147570945241,0.5732603066326107,20.42936079224886,Low
45.30160319458176,43.79182481278265,47.00441343690086,0.5406333479099033,0.4038168409178459,0.871333153085958,90.22014248802122,40.35266061528831,10.301603194581759,2.1817252178126196,0.4553049185332745,38.717419715368834,High
40.484498813726766,20.0,44.15885721382448,0.5601505975167484,0.39474369672893656,0.8745632881667009,93.00162119757042,66.22833637910941,5.484498813726766,1.383369367838021,0.4615118463311596,37.52709196138192,High
35.695905871328634,68.26068094541574,36.3248952907909,0.24361766398470175,0.3501949746454322,0.7853104344690848,41.98204299308587,83.05422800729642,0.6959058713286339,0.4994637865146007,0.30924704779136486,27.12824873133333,Medium
41.80485568865578,66.0526584563865,39.23636162752594,0.6212421787025014,0.04857586013292837,0.5606733269386762,88.47931178618452,39.68343923623941,6.804855688655778,2.1748237967887976,0.3988387534751948,34.433782794066474,Medium
35.36769850791379,50.780086643226795,37.37277301563708,0.12311318906542112,0.06291379621531247,0.645735842657298,56.3100974322417,21.25857653817875,0.36769850791379355,2.5298157470068445,0.1364319548716047,30.474494098367174,High
28.847501859288585,56.00486075837308,31.32560142646366,0.20941626917344064,0.42063840396136026,0.292424932278352,32.9281095992702,48.955024122838154,-6.152498140711415,0.659155113573778,0.3189131730932022,16.663745185476838,Low
32.96765475633038,62.73908826556149,31.58888629575161,0.7519760373235855,0.2386710000048908,0.5861548571467275,69.70389129185088,82.18711340008763,-2.032345243669617,0.8379169374060461,0.5530830311037677,25.97321785746856,Medium
29.51683231589658,31.56181214670186,30.781558591391008,0.640978520581253,0.6420876466043764,0.4373021170238958,66.00665355886287,73.37182520170455,-5.483167684103421,0.8875223026979044,0.6112067527712018,20.980721347753793,Low
35.593946063834764,47.06420983980558,37.27078508803891,0.060996443209076205,0.28461337615163057,0.4597147388103926,94.07565212424234,10.595536685868073,0.593946063834764,8.113091672496363,0.12790622664669254,35.13890557749433,High
37.073673516758205,66.9139701943274,37.964012563744795,0.24870100829584013,0.10029702109184875,0.6941100763188843,32.52901942978908,63.868688006594454,2.0736735167582054,0.5014594934690559,0.24678069187526963,25.7912229031312,High
43.70574924910113,36.18565865246126,43.519592870473105,0.22152518639453161,0.5003031834514252,0.2896306022576639,67.12505772624752,53.61128940901107,8.705749249101132,1.2291425170996169,0.315881009145899,28.179451495439583,High
38.30770949505665,59.40336898249944,40.83161533040198,0.26664506242957803,0.20534739500870688,0.3203336699403419,14.422019177502985,82.13436998944617,3.307709495056649,0.17347842028915172,0.3071692367828559,17.269698089759327,Low
36.12359788476454,34.65127293064893,36.51852826581152,0.2480478162239091,0.3678292151491252,0.8359455224593412,19.65991328922115,15.410920432275265,1.1235978847645427,1.1979774912902577,0.33951754098986187,23.32505625082864,Medium
40.317622324733954,61.996449736502896,39.089843080684055,0.10002103659427658,0.488482949853619,0.09779065062332641,10.333061870842927,50.393069622395814,5.317622324733954,0.2010594414142571,0.2962244450418087,14.207590796891875,Low
28.15545876396846,54.465377765537745,26.08124703546394,0.4171524132774562,0.6301848778414493,0.4627891536513393,94.95415789007221,79.75432894851085,-6.844541236031539,1.1758398481722907,0.44439275342883633,28.350539077256975,Medium
37.94245823243426,30.77302276141736,40.83373251243323,0.6361867798289321,0.5545338363611733,0.8258806803466825,78.1932642575356,39.85202187304815,2.9424582324342623,1.9140610592182974,0.5698789545481756,31.697951706669784,High
40.08346077554787,72.47109031685757,42.008456740254545,0.5353853797739491,0.4734527475109068,0.5688085566454335,76.87145625235097,45.9695680072937,5.08346077554787,1.6366225944512398,0.4863955958652905,30.130955394120708,High
31.085655016880633,43.981126348029264,32.21761533757439,0.5882973348784638,0.4757432276766005,0.5144460130803122,53.326716399495275,10.989157601691455,-3.914344983119367,4.447911869301963,0.5423746528305632,21.184951549339697,Medium
41.575016172827716,42.84621344478428,41.91460421755151,0.11491934282899131,0.6621472508224605,0.2622825523449519,35.5057020469624,28.64220943815742,6.575016172827716,1.1978088921150762,0.33209007889717057,20.758296648864338,Medium
38.35398562997766,58.008537958464146,38.56048800867297,0.8111925681414297,0.2070768682475752,0.341784165704781,22.857464179327454,32.583065179360524,3.3539856299776574,0.680624715381108,0.6259811371798029,15.148361275368835,Low
35.338848344396794,72.22956024143073,34.72524337173438,0.7207934670744198,0.0007784659373311852,0.774241153433989,34.19735280194941,85.33540814331539,0.33884834439679423,0.3960988143495233,0.49851226722390185,23.476238566108815,Medium
39.53112746442514,39.762672715324044,39.88394399758531,0.6940722547965301,0.19036819157873908,0.5253354120031895,41.95755386397683,29.026725645998518,4.53112746442514,1.3973403013914125,0.5315962564875629,22.63671516651636,Low
46.08277143121758,55.92519774771957,43.90264060853732,0.708387044033414,0.1525239657387208,0.48753086469326284,74.286358243325,44.17384249792042,11.08277143121758,1.6444551566926098,0.49650305789833965,31.004854799312728,High
37.72746502023398,61.432247504958596,37.623369540031206,0.796168406506209,0.4632842095797987,0.13464275650902457,55.87125205676796,62.06087600296378,2.7274650202339785,0.8859891520400396,0.6608150547208971,17.77421352810273,Low
37.992882345201345,65.39658410894717,38.526476070674704,0.48540317289095813,0.4435981198358703,0.06362393298685466,16.58610825721603,18.78558665466958,2.9928823452013447,0.8382924674766495,0.5077352314281199,11.55151523873782,Low
35.162556401839026,57.64662332915838,37.07737647262466,0.2102256142941007,0.4154229678933066,0.8691324103839918,11.53246576150754,46.34760290705933,0.16255640183902642,0.24357021376869106,0.3392297931829448,21.823736076072773,Medium
33.60062252214083,49.494582413750166,34.54073282708079,0.543426886282033,0.01137041024661759,0.3704382421938154,18.698235260395368,67.77581835545215,-1.3993774778591686,0.27187223223950313,0.4107690195828097,15.997789263902723,Low
40.32134326617698,42.5861466902692,42.51372793699032,0.6443051949343512,0.5101446381154532,0.5627311027845787,44.892390664277244,78.68269310730061,5.3213432661769815,0.5633894753510051,0.5947341177309694,22.742074908239726,Low
33.575664696364534,56.292158245695624,36.599367354034676,0.6403339146832203,0.22647128873984404,0.11775781220919224,89.32139794916655,58.23203834630627,-1.4243353036354662,1.5079912905738566,0.46282033748271884,25.15287408235243,Medium
37.28626494887757,38.9179148202159,39.87352008961373,0.467159219333504,0.46553919230464175,0.6306471428645896,64.17921090278384,61.869548801940574,2.286264948877573,1.0208314219809198,0.45577807838871104,27.9377340919468,High
35.089370212939535,20.0,36.79513498400737,0.10476697546686245,0.3896048999515073,0.8426817024000668,78.15520148941879,15.734095169688361,0.08937021293953507,4.670416936016164,0.2015864537761509,35.71206433665442,High
38.915919302985564,61.54839706236502,39.93371332175674,0.34689035074410224,0.239911647799535,0.5393154650478067,49.641840532886626,85.3910022659395,3.9159193029855643,0.5746181804914469,0.3304658642534352,26.48914730614141,Medium
38.33464842114779,68.55902261629294,37.86346640852745,0.7866132867706859,0.09420338697287542,0.157198024019099,40.74161707157864,16.268796586181,3.33464842114779,2.359262086866046,0.5594873710826954,17.159809076311674,Low
41.1501597770316,20.0,43.26007585410057,0.5175591278059408,0.06609322836233666,0.5444632983524552,19.21403168091293,70.84719966045286,6.150159777031597,0.26742909635612405,0.41114941351135254,20.838993887193094,Medium
34.95993440458101,39.854039429350934,38.47955547791331,0.4806655546045707,0.5820628331785564,0.7013951311389546,84.45430688582742,27.5093873511571,-0.04006559541898724,2.9623332780035945,0.47856387583048193,31.37897173257871,High
35.920500258826515,64.28731391507796,37.43365931830214,0.2650828115057548,0.6428782794570905,0.39545405608791584,76.56860246737175,84.35541721460639,0.9205002588265145,0.8970561560827213,0.3753445682732083,27.62655880158396,Medium
33.08494513687077,85.86243204567548,36.960833859509954,0.3447591359332631,0.45485163273500967,0.7978620857502478,24.290038295806635,66.19656084640576,-1.9150548631292281,0.36147740285886776,0.4190209330846541,21.55106284576967,Medium
35.22282695969555,55.31190561513112,33.93446939760393,0.7662768713225354,0.07240388040233836,0.6013805103537598,53.54214792948214,69.07416560316136,0.22282695969555277,0.7640782800425755,0.5279451389847406,24.44457946428116,Medium
38.50920197217941,44.07995588156298,37.7779568950101,0.5831704380214686,0.28141905182176846,0.8143615805458222,51.426858673305816,23.620029710090083,3.5092019721794117,2.0888219583353886,0.48290111968610594,28.162238637476875,Medium
40.027954466581406,52.256553383427395,42.3107567282038,0.6799096214018663,0.5102574400736101,0.5799795145602367,63.132781978354934,42.658398013988666,5.027954466581406,1.4460627244757456,0.5978902228848478,26.235475030095387,Medium
33.3113387032895,75.62314628722277,34.70777401851938,0.41347633845412407,0.5458746188070477,0.1615947762041006,90.4258859892572,57.51412154008934,-1.6886612967104995,1.5453685983699574,0.42142230272533154,25.933634814112853,Medium
40.478423680422644,45.310537313131974,43.44909694528035,0.5541977755649263,0.08275303560376202,0.3132379544394107,59.28057254981077,70.44775754756108,5.478423680422644,0.8297051521924826,0.39806400347027365,25.36878873384695,Medium
42.4225514352198,43.0121199002462,43.39934397412969,0.248706886994566,2.150319176769111e-05,0.22152570601458837,55.91846767618258,13.836546952553114,7.422551435219802,3.7689677965505295,0.19331211547808733,26.93524869432772,High
38.6537396128948,47.758847167269515,38.351776479102305,0.614368664226789,0.49849593211642346,0.822502523059333,14.277449299446435,86.80105189863491,3.653739612894803,0.16261136957595396,0.603892528871554,19.5653356203611,Medium
44.507183250232266,40.70007087611931,45.186793386924705,0.3920810669626698,0.24961732319034394,0.6963400571943603,15.347135461532034,80.66875699713727,9.507183250232266,0.1879192977318119,0.39478670167317303,23.162497326645457,High
33.904843203585706,56.84005473992193,32.60581724720011,0.4040364118517964,0.17813693213278217,0.6249386135735052,25.924477262777053,27.97963019212467,-1.0951567964142939,0.8945758483081724,0.3699384494881354,20.94236549392684,Low
32.02138118675433,79.3701768770434,31.32849517710878,0.5694578596615053,0.009028228852667807,0.3058213716868784,12.760015593798604,74.93462065774821,-2.9786188132456672,0.1680394987592079,0.4316231688589049,13.26617858848509,Low
29.885119004382886,59.84618909674044,32.3437850012599,0.7990244971751413,0.3782095847330498,0.20643805624268147,73.18499612345104,49.057533458384995,-5.1148809956171135,1.4620176238666036,0.6196925776015487,19.793534926778932,Low
42.98417724595673,51.21469746810568,45.29335836766114,0.10120507728689673,0.5958055147981872,0.6929834247905751,71.48307583948687,44.25355093277158,7.9841772459567295,1.579612524676389,0.2679816249721073,34.265304360221755,High
39.61746262541623,50.62283096626684,41.161969052625345,0.7097945898776061,0.6703421523908115,0.4530342539972177,21.56477992668965,31.72689899396946,4.6174626254162305,0.6589313558447246,0.7054146197171175,15.166825893162725,Low
36.77766131635818,31.552137869550144,35.196045034917475,0.28390648832975446,0.39602146542930244,0.24192111932803473,81.06670656759887,54.38232986368536,1.7776613163581771,1.4637648283691107,0.3080836260590445,28.000130776225898,High
38.119874505279284,68.24664665720738,38.58226914200995,0.4051355636051022,0.3601229294179259,0.5741286814404839,23.15681296191952,67.04057500480582,3.1198745052792844,0.34033829020821643,0.4279614040265196,20.310795813109806,Medium
32.49804381080649,53.83244204480797,31.660543977816417,0.06753066302000717,0.059539469842468766,0.08428377431768419,35.5999248947755,39.92929692183445,-2.501956189193507,0.8697907751204027,0.12278031386996943,18.743670169846027,Low
46.783007918467305,52.29280129614062,49.547807799148956,0.2908368622674504,0.38421096107981983,0.32724471600901545,31.163036428716026,58.48363140570483,11.783007918467305,0.5238926355415368,0.3586023692557002,22.594887734914483,Medium
37.51688472790091,90.0,37.641301527557005,0.4521049941041043,0.2659853552757762,0.44827344540246444,41.64610337870906,64.44159829820082,2.5168847279009086,0.6363857922439226,0.4094124996664864,22.342834165878273,Medium
37.43757917841957,59.48129362548529,36.80895761224724,0.0949408618779512,0.4249946966185038,0.17576458399299494,31.646420100646758,65.44535444629929,2.4375791784195684,0.4762773916154393,0.2528165060116751,18.792464085311487,Low
39.90306649559477,43.72313424857224,40.94776074327691,0.4428765835065321,0.27210844351358265,0.8869563059522136,51.560828747268424,9.41711834115032,4.903066495594771,4.949624940286007,0.3957976544107256,30.68307625344762,Medium
38.924036926946854,48.60463605691685,38.963805241694935,0.7916885030867419,0.1682093864152567,0.2277327599011721,44.62966991514826,78.0785634832307,3.9240369269468545,0.5643712777434605,0.5808462478614738,18.617295700998852,Medium
37.895536097116526,72.22668563795132,41.12115196242209,0.13431457448624418,0.06647569265986354,0.1608001605367757,93.85840671624275,43.95153175502907,2.8955360971165263,2.0879912886559664,0.1066730457734628,32.70538321200288,High
33.838102178218755,56.69905615806647,33.73588583191747,0.6615525824604035,0.220442911212227,0.22300464280386195,14.753739760899181,27.30536694417823,-1.1618978217812455,0.5212347110707106,0.5483106830790111,11.517782825090514,Low
38.88587342854398,33.4258303252395,37.78703103970703,0.37773684270079405,0.06765138400142659,0.7037019631857656,22.085416992924888,25.549983135772933,3.885873428543981,0.8318429763206676,0.3248521038279795,23.652130398134354,Medium
44.52809798590013,68.78843401862805,42.29872771226386,0.5741389716194705,0.12382786557678875,0.4116798103810664,14.490200982231212,46.05619959173579,9.528097985900132,0.3079339408611324,0.4671415416624877,18.703690506244648,Low
42.38168018461991,44.97783871691509,43.33550043099979,0.25818927838818345,0.6911353110056822,0.5306035487896573,63.19650157350194,80.38068085486154,7.38168018461991,0.7765541023945205,0.39905765876111277,28.71333659624829,Medium
43.37274650655759,83.09946664326318,43.5298513357707,0.1775938100330866,0.310872489834633,0.06785778343840664,14.633288580166164,37.15954444302499,8.37274650655759,0.38347650093188984,0.2851847443900757,16.069025261887155,Low
34.95513729427526,71.20072098571973,33.81178038450767,0.17837009141698112,0.3723102365535116,0.07926661228731738,81.09737767697048,68.72668847660118,-0.04486270572473927,1.1630751359170752,0.23761774813927167,26.245279373586982,Medium
33.041580718965676,48.29017156511873,35.825420410849354,0.10639355651451571,0.6115329701160507,0.4289517173529637,53.514783607963864,13.229592133913581,-1.958419281034324,3.760809382611983,0.2937812413355607,23.773789915703684,Medium
36.49685231960141,74.2152454260267,38.49772004074527,0.1985173639209944,0.6968982303434814,0.74415695672138,54.795648089430365,45.46481968284025,1.496852319601409,1.1792932473095714,0.3733842393662107,28.061618507638954,High
37.222899649154776,56.01783265791105,38.18057283074893,0.5813755079911747,0.40790011454127706,0.8024530469014305,57.73553315553651,89.29332193338253,2.222899649154776,0.6394219629900557,0.5134598060015514,28.20596771193916,Medium
41.37676607388379,67.79160512683329,44.423255440140096,0.7553524894748064,0.5687316747309201,0.12370058245629419,24.519165036027914,70.48721323734864,6.376766073883793,0.3429867234385047,0.6993118310681319,12.42315636905294,Low
30.230141481140723,62.27099225941712,32.22394553123864,0.7013005484729294,0.22885871703567268,0.5076086367858693,26.80367576473144,22.894921517452104,-4.769858518859277,1.1217310651200454,0.5626342684297281,15.882344932443573,Low
43.11820127784245,42.3046501751369,42.8839174255648,0.5981074478995873,0.21402077021310376,0.82624523333738,37.0994724442054,47.62252526432241,8.118201277842452,0.7630099885294882,0.4859712273594781,27.283420642490764,Medium
36.367968405684046,45.346752515238066,35.809138159697895,0.13834549072888214,0.2818926046961921,0.3797768412382034,60.44719534485737,24.858104910128155,1.3679684056840458,2.3376498608442606,0.20712788050132955,27.118384322490858,High
35.29247572021032,70.44941226371742,37.51944803689111,0.28134995703675986,0.47075508387155435,0.7551309567141133,27.860010954918234,39.812678817313284,0.2924757202103194,0.6826312744533605,0.38217648842860397,22.899605554850204,Medium
32.95158249895933,49.97837001840189,34.54613293366036,0.2978455002579752,0.4775341824785691,0.16364130623952078,19.888196806327205,71.307142017472,-2.0484175010406673,0.2750516235522281,0.4020793580920286,12.934697399567556,Low
30.380573312536924,48.94527305137005,31.635194964492918,0.24996555711809698,0.22066760425461554,0.845085316217629,92.45993534556673,70.55410929968431,-4.619426687463076,1.2921680704363776,0.22371968020167612,36.710674481562826,High
40.29268233584766,40.673161309759706,40.0229356315443,0.46200452776777845,0.09324694689564007,0.6887098199016073,11.868454258817948,24.388532121702735,5.292682335847658,0.4674730386902717,0.3933083464705411,21.153733725343823,Low
37.293271868753614,61.353985983901914,39.20519321926224,0.47844305190373804,0.44267737952585595,0.8501342338688664,78.22927945356184,83.38898204316311,2.2932718687536138,0.927008213152154,0.44163976554643775,33.52346918122966,High
31.840156401035784,85.93787378864718,31.706908076334862,0.3355087801368881,0.08982810353213516,0.6251246485196306,76.98298771387688,55.368295535010276,-3.1598435989642155,1.3657143077186509,0.25127071142789653,31.389254020945945,High
31.819684911745536,38.9870062861859,32.66670492985502,0.3330313269891488,0.404944755760531,0.3588933421995129,35.26319967683316,37.293564731771234,-3.1803150882544635,0.9208649005083652,0.3860390232448154,18.15323770075021,Low
35.65686120283949,55.36329185009137,38.827277422419954,0.7128444783248651,0.48539548963941626,0.8474539966460141,21.52826236062164,47.66452436637316,0.6568612028394867,0.44238102891019965,0.6517970715261223,19.60541781555975,Low
43.67608610115757,76.18330833123144,43.68483474744235,0.6814342786557485,0.4904280474761161,0.2842317598628017,22.378434969960992,56.43105654220822,8.676086101157573,0.38965737907876113,0.6336105464663229,15.752316800383673,Low
35.96163459454558,53.805379131314275,34.602150708936286,0.2962366653445965,0.5274304774617177,0.33234664375247264,69.28168746516135,52.59069520689176,0.9616345945455791,1.2927932208696509,0.3666894549801118,25.73831527063607,Medium
30.987428187527577,61.78557694374601,30.408607399722413,0.7810307550986074,0.6110015950959652,0.6456871553014794,64.63856024232476,46.344428020575144,-4.012571812472423,1.3652833700775486,0.6872803713456292,22.931662716648717,Low
36.01702774365622,39.0640970777968,38.50847598368766,0.8122520136020048,0.3499712943753519,0.7005188545965784,76.53338231136787,47.91928834759901,1.0170277436562216,1.5644827407863178,0.6158092141624406,28.82737528111869,Medium
35.90910572100932,61.42460645811473,37.29120242707963,0.3113940336240326,0.5111744326706998,0.8399929612717808,89.6858996539239,19.995012386370327,0.9091057210093183,4.2717716952692415,0.35050285032170564,36.113951533501556,High
26.212453428233715,52.192836024931765,27.019137360200585,0.33353995903444383,0.4334209147560857,0.22408204769777806,68.81382587766032,74.08229686589775,-8.787546571766285,0.9165119975027755,0.3613364239698317,21.069495205097336,Low
36.78282053392875,69.78594993519795,37.019179825961395,0.454507322737567,0.1306479578583778,0.7282983299363404,23.247380606872696,51.04962719498631,1.7828205339287493,0.4466387534301495,0.38865140039318086,22.565147722630215,Medium
36.07626187916529,72.81079077347127,37.80430174049507,0.8028966500269388,0.017982751408585716,0.6777641453874189,30.69262242505991,16.141788244899764,1.076261879165287,1.790514617644513,0.5564401930136791,21.1256293278176,Medium
39.784825459253675,90.0,39.51116818276834,0.7510555465138492,0.19917896997385362,0.10422537281555819,81.58646712421474,70.12335363453613,4.784825459253675,1.1471122065396804,0.5288005517762508,24.915988047053077,Medium
44.39582437978138,63.69449759820363,45.854322732745274,0.13205437006687182,0.3101235944363336,0.3791396700286759,27.79101644590773,84.25773816207482,9.39582437978138,0.3259647399169452,0.2444786839251154,23.29496194978027,Medium
41.50626011819103,59.886944748732496,41.40937826497159,0.36418459461713293,0.4319741611000594,0.2903506385010838,16.16439694113092,85.52108643514178,6.50626011819103,0.18682609762705799,0.4319386081591666,16.498198145727795,Low
35.92444523778068,57.91576452366004,35.5779561598681,0.49269695179981743,0.5949715313522437,0.30881686070092584,69.77880459359129,36.36650725494968,0.9244452377806809,1.867415761325891,0.5043308258919722,23.71944271544322,Low
32.57389636503332,49.702505607839676,32.6176652127958,0.452505978041232,0.13737200169431593,0.8855048476214957,44.21474021666207,16.518934252664096,-2.4261036349666796,2.5238259119522843,0.36850044711637187,27.231967522581954,Medium
47.293439212999445,60.077257651925365,47.7303280432735,0.20509045434951412,0.08788485292893396,0.5963608014579388,88.2034044664018,49.06396826381054,12.293439212999445,1.761814085563827,0.16121632402198685,39.67029196378837,High
37.23687373605795,50.56897884791456,38.1636289821574,0.7370534169345238,0.6744359632320293,0.6600247341244747,65.27168104296123,14.571784494683758,2.2368737360579516,4.1916635222665155,0.6792911580873618,25.43747074959939,Medium
37.055717167651785,57.52691464404421,38.408900860318454,0.5915526263974699,0.07563119156348497,0.8801249917177578,17.685613112291165,84.38893057357247,2.0557171676517854,0.20711833481803543,0.4599353201952362,22.693385371809885,Medium
36.90349965155999,74.7639630341194,32.37095171441732,0.7203266998814428,0.3349437490750324,0.3706215150889929,90.56780821656116,20.60426832518741,1.90349965155999,4.192125688004549,0.5421113364348142,28.585386465484664,High
37.79233904307142,39.90186152080538,37.580863206451276,0.7370114234795777,0.4098946101553113,0.731564143184885,31.9773674094209,26.485098095848947,2.792339043071422,1.1634438159145744,0.6331978697249191,21.19028520989685,Low
36.42255835230423,72.09817841693568,36.83520338627017,0.6486846829325918,0.37896209463520675,0.41935131880882104,38.663061684534284,39.56410478522248,1.422558352304229,0.9531348439524604,0.5642363764655828,18.96245365015313,Medium
34.70535197247906,74.75672601009798,37.96294503039155,0.40136848099977385,0.06022250992306024,0.7891036210427328,44.19213516310107,37.568979827525695,-0.29464802752094243,1.1457947646196822,0.3146957064136813,27.53771932890844,High
34.81256423503843,53.22897209513382,34.19256032246523,0.5384374040123396,0.03991883980253355,0.2035589101146077,14.354065194366626,72.54634585382057,-0.18743576496157033,0.19517033820954904,0.4206840291537972,13.361822168464156,Low
36.868986919136006,23.172176514871083,38.113181846285876,0.1782923248957945,0.07383839922272496,0.8555332505046377,52.203810889601414,43.7869297468318,1.868986919136006,1.1656036969869379,0.17692310381469278,32.33268879809377,High
34.82630091546494,45.882670193583515,38.0688463800687,0.5889163339799262,0.4099113787108287,0.2359559521492477,20.482071741399842,19.515302100283634,-0.173699084535059,0.9983802159616586,0.5558411422598044,12.768639672154704,Low
34.148616869291345,74.45491819841664,33.17916407437043,0.1934026045914246,0.38104142134402474,0.32728743093379176,44.0824777685099,27.712841116316298,-0.8513831307086548,1.5352879079409416,0.2862715113895523,21.50387770347054,Low
37.42572091076759,54.656979065516765,39.016683749564194,0.6051596724081254,0.16361855442572096,0.6927633989907634,39.81033197932717,48.27463774093937,2.4257209107675877,0.8079274410626692,0.47237103779326434,24.363820886829085,Medium
35.98009113031658,40.01046651557634,35.7766833794148,0.2336785286031749,0.4464418992919141,0.38469187033059565,75.69140709125278,17.533582981221464,0.9800911303165805,4.084013715423757,0.29844827985822636,28.555163232010422,Medium
43.01597195433075,47.42837618157674,43.2590213408969,0.144041040120176,0.5740472514389545,0.5669796702514797,78.26949348878215,56.9907324299112,8.015971954330752,1.349689686768145,0.28036930601500976,33.846190701819594,High
26.396120766427952,67.60930039756829,26.19145451549798,0.18222759211436595,0.029105271892615633,0.4278874759090142,23.04009500307248,53.088521056847405,-8.603879233572048,0.4259701421463749,0.19502804183333178,17.683021417406135,Low
41.36602740768985,63.20100352302069,41.26824144506602,0.051593708175256214,0.3486909604836297,0.6810144465263146,41.15685092723423,65.7496968924919,6.366027407689849,0.6165848362356177,0.19440666212300842,29.091752745984657,High
41.98434076999052,51.416018512454585,47.06720899185026,0.6249916942828242,0.4825172884718832,0.2440815645133192,41.73501868770569,84.70489230724625,6.984340769990517,0.48696191739076533,0.5780151844235538,18.992518413973713,Low
28.706439070367402,49.49763382277969,30.9731228784749,0.6359208392467033,0.17661834894878095,0.09968928915134545,22.86988773456723,82.54163769359823,-6.293560929632598,0.27375436208763404,0.511668120498089,10.214849296839676,Low
35.629249623678604,49.12362776434267,38.28185641635792,0.4619466799306075,0.21543963370520436,0.3049399878521063,77.8685479293512,85.41642753585066,0.6292496236786036,0.90108501531201,0.3639313501405746,27.3138985343035,High
35.51423653601683,41.163847232522464,37.252226766271576,0.17909024084430697,0.42954653209256866,0.4531623651381657,70.11440790851097,25.800825747014578,0.5142365360168313,2.6161286435855886,0.26620369622584383,28.62648446674001,High
31.369953221128714,79.23063534204162,29.96056803852578,0.11684347000855179,0.6285547054106158,0.19281704436377678,26.182451835247953,16.183051064345143,-3.630046778871286,1.523737067253241,0.33249004179306785,14.607087496874636,Low
33.8887332496365,50.1651929618299,35.481170205121465,0.06530317314982961,0.5669470942120295,0.35157769620793033,41.17136223047292,30.69351954219812,-1.111266750363498,1.2990467081339954,0.26809466992303366,21.16554101638262,Medium
32.55769661813669,73.25737781238244,35.167091039897706,0.18259854157217653,0.40819115336970846,0.38998556554953323,18.993427112803708,81.08223968513674,-2.4423033818633115,0.23139508845837442,0.31302304384141477,16.658253979637884,Low
44.00908177369449,77.81974077883677,43.72898256263582,0.7626844279865174,0.5111552024300744,0.09878306713503252,63.39756075290873,87.6245453429965,9.00908177369449,0.7153499124598746,0.647559656768024,21.041569888513475,Medium
40.74271357258984,69.9746634722194,43.19070357333153,0.24322947336134543,0.2553757291454591,0.5458111609565739,20.31661358663267,78.04262084099047,5.742713572589842,0.2570336531161267,0.3022337891738123,22.04481228375277,Medium
42.08622037997664,48.52569530922928,44.14272469475775,0.3334170617737725,0.44867586966913037,0.8016919137755945,93.80440433311801,14.351506295841206,7.086220379976638,6.110436495637569,0.3408485936318846,38.76819961016142,High
39.88668825617294,61.05595135504914,43.66474832339345,0.13427638758506655,0.32632711378928986,0.17898147601009456,76.3579763484683,85.53137983508242,4.886688256172938,0.8824310497994681,0.20210599033935858,28.830496133645923,Medium
32.48379291513108,54.63706590413626,32.857118396360654,0.2278890437985362,0.13295529552029262,0.5581368113912869,43.17027671463958,40.985432324816806,-2.516207084868917,1.028220368928354,0.23344973822056994,24.606148699524393,Medium
34.901918934880904,41.44447208904808,34.255502461467316,0.46537965662416403,0.49121679171408,0.6150283241742194,59.17793424374513,5.791374714800063,-0.09808106511909642,8.713690044930368,0.4674148972449773,25.79268114488345,Medium
38.95749824491167,59.865389225824046,39.41505608085285,0.536202146476522,0.3895252461441754,0.40643447835639507,87.46405437839475,42.60346796359646,3.957498244911669,2.0058967431539276,0.4511148073507711,30.239223911558177,Medium
32.11148876443222,37.31440313260296,35.26484525417765,0.24628185133296882,0.25103510736751394,0.6459329492596295,57.09843883364522,8.915879422414745,-2.8885112355677833,5.758282891638918,0.26598120417639026,27.630581278190853,Medium
39.85199372068955,72.81519082692346,38.1093848994266,0.09618572738009376,0.6379374330550415,0.39912181196736024,24.83237134382619,51.22962329869499,4.851993720689549,0.4754461122917318,0.3242602950007425,19.992614599972676,Low
36.03869840736746,48.03074054052411,33.936134834220915,0.3628262953019189,0.014653882478713286,0.47894169478081966,42.18978522439854,33.777092332149365,1.0386984073674626,1.2131487250702837,0.2799021567003668,24.24380604506061,Low
35.50071676980161,58.01739483809259,36.634809688199034,0.2373626967410673,0.22104120587464718,0.056250087871262934,81.66731352752836,45.24196935549414,0.5007167698016133,1.7660864073434026,0.22706266627950614,26.576413418395784,High
39.843839872813966,59.24931807319213,40.179955933652735,0.22564313858384155,0.039816978444352585,0.6379620970144855,64.75810635911752,57.11948066316495,4.843839872813966,1.114223761468674,0.18257287032449318,32.98008300838889,High
38.77705324594416,51.11642539443884,39.788645085707685,0.8178902421707642,0.536569121355139,0.6121412771030158,65.31157266837303,78.84809314451472,3.7770532459441597,0.8179478068457757,0.6863933090406271,25.469026710486332,Medium
35.55613533672368,63.80040702212912,37.974102993577475,0.5430403887405792,0.4914752178796548,0.08264074572739288,83.67982628352158,61.26163400011393,0.5561353367236777,1.3440030546478825,0.4895869723247224,23.683442941197395,Low
41.63731921345699,47.876445150662136,41.80846519427871,0.49550275453767667,0.23194655311542192,0.3630125912858631,85.98770988431289,41.89415382064536,6.6373192134569905,2.0046487044331482,0.3808979087729197,31.432257668036122,High
32.67574668960041,68.06945946185866,30.866237943204478,0.3826200828186575,0.4729640315449511,0.8821770646729173,88.18236860125208,74.65136756198103,-2.324253310399591,1.1656414344262107,0.38327889055342773,34.86572759115734,High
39.463742427777056,34.81030479629877,43.53046476357697,0.3931554667441154,0.2771560583371649,0.40762607818332425,18.06218142651827,81.97448169371624,4.463742427777056,0.2176835703920539,0.40097791612110045,18.18562582005049,Low
39.372405031873534,56.89569369319618,38.87656260071537,0.4827240030704646,0.529377653995704,0.47665359436206545,56.25071016686358,15.179597146736764,4.372405031873534,3.476644669005785,0.49219698787412636,24.721335431047272,High
35.76181424274404,84.08393498587427,35.173258559725895,0.6071438456288858,0.31792856391569424,0.8234406344357608,72.94330930355707,50.214303091987276,0.7618142427440375,1.4242761279508538,0.4867215672484827,31.255083114323718,High
38.30453208896847,39.995030130916376,40.96011210955237,0.6117168769454635,0.28859580948216584,0.659672594485893,74.33878183579617,29.183516578107753,3.3045320889684717,2.462893335951267,0.47927008717613173,30.48939440487006,High
31.995545694458787,44.83382544212723,32.41881201289651,0.18735512616435962,0.6543109408418106,0.54475961145559,61.57087716745033,9.000201819540528,-3.0044543055412127,6.156963457191434,0.34713548078370865,25.645393419303765,Medium
40.696108076827606,62.708617744883725,41.60102329877539,0.45009020166130154,0.17561536992349014,0.7281339791399116,24.176923490612303,61.82646908468875,5.696108076827606,0.38482066305560353,0.3985618084832156,23.926943902183805,Medium
36.26039145422804,57.69372672909397,37.98457664031852,0.37956647602728155,0.0843131379975958,0.7847113264875772,77.78074708504147,78.33551608403417,1.260391454228042,0.9804026106372605,0.2752530799306062,34.78786374689023,High
34.90910791792384,60.25945148910339,37.534482572588836,0.7464215730155074,0.4091801792816207,0.4383548609766768,71.20946334877038,18.846725630578494,-0.0908920820761594,3.5879703621768044,0.5993975342450203,24.295453509211473,Medium
41.196036903347554,62.337806952214954,41.695845863574895,0.5551351369747011,0.6785252685989251,0.45384211019206006,17.321540581668085,74.05516089803155,6.196036903347554,0.23078413761847485,0.6193171221828301,15.999807539601129,Medium
34.182625237828965,64.52082202842655,37.462553246700416,0.4760032531327854,0.26448744960903064,0.3781432953040604,49.423835097321984,77.53863735064004,-0.8173747621710348,0.629293259528639,0.41552435166505847,21.683015397464246,Low
31.366154814545762,71.64549762934334,29.162455041443554,0.1423157137431339,0.04342573454014706,0.8717002190156915,24.788078959353307,82.7189376266511,-3.6338451854542377,0.2960868790511535,0.17362906964857117,25.547526188883584,High
30.773483305904385,61.147279853927685,32.913164161334,0.5345103114587292,0.2375136871166972,0.6425913161467979,38.685548885602614,27.549232572314455,-4.226516694095615,1.3550468926831267,0.453274744124644,21.343824614498075,Low
39.424039805382556,51.38113518072186,39.164748468356066,0.14376312454418672,0.3541521580236909,0.12073960627686145,11.536892837483261,81.83601054114058,4.424039805382556,0.1392738829660737,0.28096662929613603,14.766053353641457,Low
31.87828259001487,65.08860551804096,34.93668956492686,0.3197652604526016,0.11334610464254959,0.7835156798160657,44.02803881491445,32.256334152596736,-3.1217174099851306,1.3238993393827394,0.2818349488494114,26.791982690581655,High
44.019176727937456,83.49822902342824,45.232243446183276,0.1642735718514655,0.4606715526395444,0.45847594971082783,56.739538298277886,51.94873114371774,9.019176727937456,1.071593918733781,0.2800260706044647,28.95015933373532,High
28.672282368465112,53.010493804261394,28.66292437045101,0.6036589176194951,0.6984245723071404,0.10844082045911435,62.66452039030238,9.293135020743982,-6.327717631534888,6.087991682224433,0.6090582018735368,15.904148419080279,Low
43.78582547316015,40.38206042994038,45.7800871126926,0.21500169106892209,0.3162176331870106,0.5172596668888144,66.39667933594035,8.729892511343206,8.785825473160152,6.823988986366955,0.25746962526151607,31.876519769952328,Medium
37.84406986881047,71.60621003930459,40.18385238962135,0.3634874985504208,0.24830998971114884,0.40458963712934676,81.08476161370909,66.23172308223724,2.8440698688104717,1.206049137168877,0.311500734429888,30.552041053258417,High
36.61314755251843,53.19428254069603,38.57598873680639,0.7665398220950229,0.28049291678412663,0.7960869941332311,28.314347118437052,42.78079812811224,1.6131475525184271,0.6467298068797889,0.6157574211738146,21.277045244100947,Low
34.8203236527642,22.409956809789456,34.27577929331461,0.21345310671917622,0.08060232487664079,0.22339541306797928,20.240954907269774,26.784851906383494,-0.17967634723579806,0.7284888534035868,0.2320116065872282,17.02383699849414,Low
38.596544457408285,67.71132515725633,38.870518771975156,0.45624405116702327,0.6182915209983566,0.7524949180683556,82.38065961132368,21.185147162117367,3.596544457408285,3.713324911001456,0.4768532273883972,32.87782096946763,High
36.84946119030061,46.97007721069116,37.843351934618454,0.38541732893281755,0.2903779588649464,0.5240353875076348,23.31208926587524,61.94604672303353,1.8494611903006088,0.3703503314266877,0.39505169575329924,19.767651852304834,Low
41.41320752806609,53.64200076543759,42.351318049091,0.06449923283658379,0.2710920879973889,0.0964187577314487,92.8546069135766,5.034131242153889,6.4132075280660885,15.388231244442084,0.12717255918759032,32.43157380292025,High
37.45691059464816,59.979704958535216,39.58152880780568,0.6842064908582502,0.461783191051332,0.876068506126662,81.61574949888414,73.5007493817326,2.456910594648157,1.0955023966362427,0.5674431023314657,32.94346029779342,High
37.60120704584751,57.857495196685996,35.5788551970876,0.10523672505167977,0.3094233946517864,0.48572295748771993,52.57451150061593,11.73621652104395,2.6012070458475094,4.127953651992919,0.20339454192592785,27.41046932361978,Medium
35.54555115114458,65.6417772570856,37.04704173297483,0.4294040167815628,0.4537634281654922,0.2972453260968451,93.42082111837215,21.276617267190154,0.5455511511445792,4.1936717769068945,0.40035061740021316,29.35132643609641,High
36.772217505115734,48.46770444145235,37.337245473460776,0.4985426359511599,0.04301240309155125,0.4489958156908693,18.277021974180357,37.830093600422614,1.7722175051157336,0.4706921946225089,0.3937522805239809,18.18399643267099,Low
38.231207075568236,62.69658697264124,37.973456150992305,0.5527411652916696,0.5696063406055591,0.7791791159898657,35.76058969988364,46.21299287586881,3.2312070755682356,0.7574311121073063,0.5667660116567859,23.279188923583607,Medium
30.159326429373497,51.106799836241244,30.045596262719098,0.6009053034463004,0.6583527670155818,0.309167655727304,64.24907527845198,35.174584844185055,-4.840673570626503,1.7760832793297365,0.5937999368940028,19.47162139163726,Low
31.607258311577148,66.08215721331254,32.285451814800204,0.25261790681817203,0.45413577031157015,0.21377493701369527,39.75058382022019,32.26053402366498,-3.392741688422852,1.195127648640203,0.348060891364154,17.519530733073093,Low
39.97305637609086,64.23051226019581,35.57142871940158,0.057983021326759504,0.6681961502011675,0.15971055989124924,88.9116669183673,86.93286102622102,4.9730563760908595,1.0111312867649604,0.24633699093803865,29.99343170298934,High
37.68346175251177,40.96841946933107,37.631527396324444,0.6287549298839296,0.1060026200589743,0.30318048863167957,15.578217495114494,59.53427290568851,2.683461752511768,0.2573454135541551,0.4934755264529356,14.848936145873667,Low
36.264066654589286,71.28973174262549,35.950344417619846,0.47852527947806284,0.33419133263624756,0.7130408739840369,56.70000572518199,6.991801206227998,1.2640666545892856,7.094771786990368,0.43067256175253,27.685539139676404,Medium
37.073735732261575,46.96054832328928,38.872910546245514,0.718894162565799,0.42126471376181307,0.45088241041597243,60.22363272858473,41.564952217766624,2.073735732261575,1.4148643329957122,0.5974922789394386,23.158534394155595,Medium
38.390326821446685,67.12086697421718,38.1820367976809,0.7071106903205554,0.40721565319483066,0.24335936313950896,65.48189052106406,79.37573947823746,3.390326821446685,0.8146972077164396,0.5809492196297183,22.235576087584693,Medium
34.840961278762556,60.50930970102011,35.51829057850682,0.7246609342303065,0.28102324536233025,0.19125724966828683,31.731628983204228,30.623775844906778,-0.15903872123744378,1.0034105079300586,0.5873719051636787,14.091304631522375,Low
33.88678109839075,82.57275515192684,37.200196039882705,0.4380757279836321,0.23665908655638296,0.3328200550338222,40.988146339188475,13.037289305823,-1.113218901609251,2.9199473948425085,0.39285501641790566,19.74938994753808,Low
37.78338102039073,51.64801026442222,40.274908300113864,0.3169027166694925,0.08877681578529316,0.8489357169528525,81.7128450215231,69.46270558514301,2.7833810203907277,1.1596609063327277,0.23506182971576034,37.35779436940437,High
33.08650888953987,49.760248058227035,35.43991598945505,0.683246562073096,0.2742197153935947,0.3415727057015207,26.570135362463585,56.51117571456691,-1.9134911104601287,0.46199951630850905,0.5656437164994724,14.668516212584485,Low
38.633011022857886,54.708705911684014,38.88320237724161,0.4110352904234039,0.11386257057383958,0.88990546456144,80.28376700973577,53.47656316525283,3.633011022857886,1.4737303960640404,0.3004961784164584,37.05004803592069,High
30.189665583048637,50.452303257485866,32.004214001983115,0.19675375712274762,0.5140559735445529,0.4624458874005527,57.8257109467331,9.554007566629673,-4.810334416951363,5.479028755822583,0.31444333539028135,23.86616568977718,Low
41.116622549302576,66.99912852913076,41.765775848622184,0.7339792156491795,0.14618165484621298,0.20228933054662823,74.78593845149697,16.942415832618973,6.116622549302576,4.168108639837538,0.5094560873918745,25.640869822788236,Low
38.89038992965217,30.755340873451182,39.59625011363676,0.7560479014178778,0.040995713699173694,0.807469078024483,70.65662613239508,57.91669867811467,3.890389929652173,1.1992631582842124,0.4952708288280837,31.960987348033356,High
38.0241189372555,39.194763712804686,39.63864695287533,0.42304780491213606,0.386656296472064,0.44130206716460285,27.638477107714717,22.665026524001043,3.0241189372555013,1.1679039142290335,0.4421870947811861,19.246272869938565,Low
40.93076393578205,38.9829561763121,41.03527355315065,0.11055978184782997,0.4166608129035811,0.6532206419788458,58.34908259687919,47.84595677861607,5.930763935782053,1.1945529670210786,0.23298503038289312,31.2483394932585,High
43.66189777785031,69.25461387960364,46.90140243451511,0.36026087193354495,0.6103391428963538,0.886154845727779,83.75646798843285,51.31494331249844,8.661897777850307,1.6010046591873641,0.4155017980406003,37.35624113754806,High
41.05748026007252,80.65920058872888,41.817285050675615,0.6928301275700827,0.4038871286923773,0.09264904777197791,46.72988012816399,29.09811117302985,6.0574802600725235,1.552585139297294,0.5901343350215988,17.6585456135704,Low
29.63650307467342,53.433261721937924,31.56404392406292,0.7714192228369829,0.241836597606412,0.13219037581943205,92.16021546898192,85.61613822102689,-5.363496925326579,1.0640074397430148,0.5432422975151314,23.462371708365552,Medium
31.881692133057193,52.46767415214984,35.06509285194314,0.21277819399807668,0.5621083170684243,0.6623882302433428,48.43828350864604,76.60944908102388,-3.118307866942807,0.6241286864190558,0.3478611280107273,24.719723786013315,Medium
34.50072568921728,56.050782446697724,37.04820635108005,0.10357888962021722,0.3781952252311947,0.2895512528011512,22.1367791167702,66.40174814878787,-0.49927431078271667,0.3284303408259345,0.2534691222247185,17.454182676286877,Low
37.104364200843335,72.42817453912286,35.99098554680755,0.7518803625062709,0.055496199241834215,0.20665618740758418,43.101947806602226,11.629478644799772,2.104364200843335,3.4128049952679236,0.5246751294697105,18.273535659204214,Low
39.07063608187649,41.089702987141386,40.73797992439132,0.3615239511831002,0.39609539221927265,0.08345759784677007,90.89470454319566,14.021051641266652,4.0706360818764935,6.051154520598596,0.3448482838324462,28.204976915410917,Medium
34.097024747386136,58.57553474102178,36.3731038390771,0.4834087714140506,0.6356129817951637,0.06856970518827153,37.17627219388761,46.88641439852123,-0.9029752526138637,0.7763427824121165,0.5435528851930918,13.42270372063487,Low
37.74706705790831,69.62796444673644,40.08486159114943,0.8244526496406072,0.2774188378487544,0.7083127626518223,83.78834358870034,18.66063468123378,2.7470670579083105,4.261731370690537,0.5941088975502902,31.25256265960743,High
33.97846827058671,62.51641254909768,33.308526019414764,0.10325178233137827,0.20742806132986003,0.1642684132641175,84.90630794296064,88.1525644000053,-1.0215317294132902,0.9523708994169503,0.13927317985482435,29.115551974964312,High
34.55392878803221,57.843724248981154,34.56837593250622,0.5686544059616765,0.10042861991261404,0.4475625235754782,39.765854568216696,18.474219892329803,-0.44607121196779076,2.04197419912461,0.4315553749825734,20.874526389872447,Low
31.37335561260711,70.01569138850712,33.865192966219546,0.10928433805989365,0.10601186535475011,0.5650122929025606,17.07690093430373,46.43476601443779,-3.62664438739289,0.36000811997483045,0.1802972615080575,20.109016450332287,Low
33.307067015556385,20.0,33.164426459532415,0.35037514277320025,0.3029400390392732,0.4140990304835193,71.58742227849956,35.95028983152796,-1.6929329844436154,1.9373981261012287,0.32951967509720254,27.00868202619327,Medium
31.593261577534665,65.16812979296361,32.143717492538194,0.6930516361547574,0.41697587691307064,0.07304065448579813,36.47854541618881,59.34784582359833,-3.4067384224653345,0.6044713762081677,0.6044451993505868,11.983592160721338,Low
33.09650698809067,45.188864753088644,36.46032070234362,0.3967777862045075,0.05643078361872122,0.7159762771997226,76.54850721189365,15.968094755601118,-1.9034930119093332,4.511320116633908,0.2784473995964272,32.585195038579585,High
41.21456718643136,27.540506547153146,42.142868310854176,0.8477458831223603,0.6576980123176159,0.05893624086040547,47.625662102136815,41.57689638360323,6.21456718643136,1.1185799376508316,0.7583312714665642,15.040349761427622,Low
33.202404444672226,62.66803899287471,33.11224323792146,0.4972474279572817,0.5285935322116371,0.6976064102208615,51.247673099122835,28.34992778860721,-1.7975955553277743,1.7460919654805998,0.5056788433387372,24.218132932482813,Medium
47.52952825934956,75.60487817744436,47.213102224055206,0.30692972210876274,0.4106367427985638,0.8093088197199043,76.12229957362563,80.45887959709349,12.529528259349561,0.9344874364849689,0.33122655653120114,37.62099842218774,High
38.97327160352356,52.93827228058462,40.47235059790134,0.22608906072380247,0.5799070696572936,0.4179139328985964,42.50088314023837,8.449785531449082,3.973271603523557,4.4975500236269434,0.3671246741912312,22.769542546798387,Medium
37.739344494779495,69.29311820804408,36.73962248206368,0.3304164274289294,0.0561307297684793,0.5052111021331285,47.665824352447736,82.66683699054903,2.7393444947794947,0.5697098882539572,0.2674232510354537,26.298297365767112,High
33.566568879275145,79.18417386982968,34.19556493343052,0.3480266190076406,0.33378721441318704,0.4554358837250057,41.97618984541788,75.80450177700503,-1.4334311207248547,0.546532935885607,0.3669759458831226,21.557349908769208,Medium
39.80123951763596,74.72371680376071,41.301085320121,0.10497094217916877,0.44106518880316437,0.38082732582992296,41.2239437985688,30.293510897469314,4.801239517635963,1.3173320160091897,0.25407817814988176,23.942956153400793,Medium
34.697448695048905,79.59946794057089,37.64617342587041,0.3456593595414185,0.5800570342828024,0.8043108550648063,54.70545903662405,72.0897056475539,-0.30255130495109483,0.7484700964650127,0.4267072669730677,27.646354170927353,Medium
37.488039258581445,66.13191236607838,39.48936137913644,0.4213908157913799,0.5484286920344874,0.8098434840694919,78.7479527825978,7.653152628793542,2.488039258581445,9.100492752267236,0.4386151443025763,33.09087326928393,High
47.24033815307518,56.13150458352389,47.16924047610191,0.6281902017910437,0.19394847479937974,0.3354439099453043,40.750306513418096,87.18357177493846,12.240338153075179,0.4621076884640233,0.49434835700102203,23.19605964314651,Medium
36.6157604011014,30.970512821542474,39.383389377446974,0.5753835877772864,0.658616118691443,0.5728092909124933,54.56165124570762,49.760570120132094,1.6157604011013973,1.0748825538519313,0.5882533370280971,23.27950502414632,Medium
41.59709330514271,51.30906267805077,42.14782074882149,0.6170125241833234,0.08704208900160924,0.8378714278239845,67.01182266262107,30.778887215562847,6.597093305142707,2.1086900308392122,0.4293083185478557,33.371935660740995,High
34.18729429949645,42.35130107025712,33.33373976642234,0.05669094550148568,0.6125935330348065,0.8677497241001488,32.902352935810676,35.81957307054755,-0.8127057005035496,0.8936103868659382,0.2848902742755227,25.90474538680258,High
36.86004603801215,87.5641407624672,37.60198399911394,0.2241339196644288,0.679658174723233,0.4826151843587404,33.589438416703366,10.644455044142276,1.8600460380121504,2.884586551227271,0.40478836579892374,20.5722983300298,Medium
44.08320254254204,52.36171281351495,47.24045634426059,0.5793474307198851,0.12400746625583789,0.43490108449167775,89.34011579699366,89.09470869357334,9.08320254254204,0.991624448233179,0.39547058251168876,33.76826454375608,High
34.49213176884893,56.848072101767286,35.739991843946314,0.4371914945437977,0.5054462449426497,0.2868901685392469,71.50043873314253,8.339815337808858,-0.5078682311510718,7.655444582902931,0.442448331475931,24.152293538674485,Medium
44.249794231987714,63.272280640607015,45.26857702848239,0.05425078053467676,0.028199863144598922,0.8650410922118486,59.06086747898126,60.66710546756802,9.249794231987714,0.9577369819967075,0.08194955978520448,37.564734959906986,High
39.8310077418219,55.654036695586804,43.28682520887618,0.6935957139454578,0.28379597759740843,0.17139215880193726,65.05620462575202,42.632553855048954,4.8310077418218995,1.4910015316058338,0.5362400170207452,22.473547877234306,Low
34.750132896422926,80.4257656064613,33.603100625841286,0.6682476586322699,0.3613983094383718,0.5428551396405663,12.490452663790562,85.65787854604078,-0.2498671035770741,0.1441352231713642,0.5968776353470829,14.627477305079331,Low
39.529630956222086,45.66025957398322,38.60123228514293,0.48873533039485006,0.40645165813674383,0.29016772739084307,62.53875207274423,25.909977926077588,4.529630956222086,2.3239986388892557,0.4526379436051889,24.272444572967018,Medium
40.89021779850692,57.91911182855864,39.466448092056666,0.10317066062101769,0.6551560737739917,0.28715704679562715,53.308254224057166,50.22738003473096,5.890217798506917,1.0406203516150039,0.305140964280751,24.5131298357066,Medium
39.48723984886878,43.86294121452927,41.04621212858886,0.6632120396260677,0.4705754811059362,0.3942232992697602,56.388722781252035,46.000277729534005,4.487239848868782,1.199752969668486,0.5827111453261695,22.69910204150129,Low
30.719101120438175,35.19966233168941,31.968840811110862,0.5169708701850911,0.3368945658534659,0.8989739954433064,40.551025280619456,64.74364774425862,-4.280898879561825,0.6168052225876189,0.470699866586475,24.53731103566307,High
34.09145129670053,45.82346363642072,37.40555584762019,0.6755679817263673,0.5667725253861224,0.09672136081384876,16.92528130560006,10.780869715955744,-0.9085487032994735,1.4366750260107573,0.658447265346057,8.625458735259938,Low
36.00992545779398,54.44444804427382,37.37513807349914,0.6513975939166723,0.6653729746680862,0.5417605454730018,26.433834857024436,21.472076051985162,1.0099254577939831,1.1762969649922173,0.6640166138934047,16.449900872329827,Low
36.70226628359981,48.5604666322411,37.09603054438086,0.6924016575662697,0.01544630407760359,0.1201863343299856,90.8133006230771,23.238009707892235,1.702266283599812,3.7467309287159423,0.42926158513996576,27.240538550865132,Medium
39.48268839020271,44.61368530189216,40.48538069951987,0.4644064531236998,0.6877648905792271,0.18134270549194115,44.73946279302939,67.74281416154362,4.482688390202711,0.6508238473899679,0.5402338762549587,18.11174446250221,Low
37.71080400373302,33.90523804492249,38.88736513142445,0.16225961455481197,0.06029249734457623,0.4236285005069639,49.66806824562345,21.076789187772906,2.710804003733017,2.249786770312225,0.1657754496906366,26.909341710884323,High
31.658622565159597,53.75341641056958,30.150980655167345,0.586925978703751,0.5700707454881329,0.48389111164447507,14.480332137542314,53.74679993073302,-3.3413774348404033,0.26449641176951316,0.6086964787311481,12.772924653151463,Low
38.52079140402385,32.42919438953497,43.58628887052619,0.5463790280415765,0.19623432678598873,0.2699735471098454,13.19312951123835,23.295724742581065,3.5207914040238535,0.5430226779000284,0.4735045853495042,14.416557888287322,Low
39.44234298113529,66.40083945534404,41.222149508288155,0.6438025497592698,0.09252576042771021,0.31898856124325375,70.9604229989744,78.23812075713816,4.44234298113529,0.8955338960708747,0.4430788349849005,26.69311373339983,Medium
39.23916179172416,56.23659629401755,40.55417425375804,0.18590480484058824,0.3078989477996844,0.1239219672175431,55.73804645029446,85.08576363161927,4.2391617917241575,0.6474711276165284,0.2481745207939638,23.496559732078804,High
41.323122902218486,33.13672750802604,43.24586887863636,0.2059801599202314,0.45076960561332946,0.3077368162676129,53.24000865838266,49.07190287009044,6.323122902218486,1.0632711282515415,0.305578968977755,25.15910572332978,Medium
40.33568861819562,50.36186384425205,42.39980508907553,0.7623276137754628,0.2666662915164325,0.8715746734734625,30.66558508592684,34.94625515778016,5.3356886181956185,0.8530954045511921,0.6067308706342804,24.09450289107398,Low
38.83672031691375,43.71765391614125,39.6258900886601,0.6499822387616566,0.038195785797889265,0.8530012744216094,73.30381218854339,24.894910876487426,3.8367203169137483,2.83081925009069,0.42814426680781736,33.85028475919674,High
36.71933715416541,59.78761765628771,36.77247544980436,0.7765827909602583,0.4196227977611016,0.3346465466164372,24.30010922422181,9.23138512945872,1.7193371541654088,2.375055666143943,0.6675364046802637,13.972386760500271,Low
30.356156265936036,75.10675669034717,32.25533229541859,0.6569722569311366,0.6316822932774723,0.5352258458369473,26.144453211186704,27.822506476787108,-4.643843734063964,0.9070846504013369,0.6575435889307369,14.45816501490591,Low
38.71847287653034,26.87241295531383,40.29703913732752,0.5277242447922414,0.26825075616307614,0.8231560824443027,49.16053456460342,60.61004129535202,3.718472876530342,0.7979305569514719,0.4479492391596643,28.373837833502897,Medium
37.83075074865244,56.72539118721126,37.615915600018326,0.573306189622299,0.15143294434157892,0.055256249244762176,34.33378827951498,50.35743916128292,2.8307507486524415,0.668526095541741,0.4550798087963381,15.741262389615741,Low
38.0863153487815,52.59800806650039,41.21486876583239,0.761302339152008,0.30980414215297075,0.7390810347869531,31.03435340481744,85.24350865387883,3.086315348781497,0.3598456729000631,0.6186882927322785,21.516805733469013,Low
31.893005696718763,65.07010114675698,33.33303375120324,0.5130454036095524,0.033853897734146605,0.8561141198705812,64.84519978703318,38.68356731179455,-3.106994303281237,1.634056718680133,0.3531382116989422,30.815908433898095,High
32.67577383836695,58.19794942356533,34.770502881768394,0.55591305946271,0.5743413091361923,0.1276268741835235,65.33259834357628,63.97838409791353,-2.3242261616330495,1.0054512627634598,0.5405176300749073,19.057321947786452,Low
41.212611413331615,43.72046002391771,44.300492744851496,0.17518137280288043,0.5784385676651307,0.18723053312798288,80.08395093299399,46.59243353538532,6.212611413331615,1.6827034253974635,0.29855644304827345,28.575532711017388,High
36.84177938457338,50.214190965000725,37.87461261632063,0.42913697609288215,0.41160032440073985,0.8666343573556521,45.50522819270295,48.56897835355799,1.8417793845733783,0.9180182788543725,0.4354570547832483,27.55206894738661,High
39.7260027894905,43.05961214794766,41.20143079996667,0.6231176895664792,0.24717202225687263,0.5069091220942944,16.21223273722277,27.760816741349988,4.726002789490501,0.563691667139415,0.5318099876797265,17.57366876691195,Low
37.11327350452184,71.14010707897897,39.32831436228102,0.2667541586530923,0.5598483551120483,0.06206713930096515,33.2616427183239,43.67081603156998,2.1132735045218425,0.7445944729287477,0.39474535900714597,15.61791554605105,Low
37.11902455798298,55.319674730079136,37.03173293228291,0.21180334441962795,0.388280917351857,0.2689871989489998,93.30046437172943,45.016724746080115,2.119024557982982,2.027533790954497,0.25026581748560445,31.484161786595934,High
40.75313522390399,83.5178602862951,41.83421271817299,0.30106144657953243,0.5781526159850113,0.43245212312853065,60.681978894779675,65.06461434865938,5.753135223903989,0.918524682132063,0.3934006738484432,26.656920717157412,Medium
34.935821087130506,54.090087792780686,36.12414396710723,0.24320050239426677,0.4420211548081144,0.6389725743710526,70.32765220808673,84.95439993081968,-0.06417891286949384,0.8181972332386693,0.30819899567090764,30.246115459753604,Medium
37.384483107763934,44.37389849634306,36.950395280238844,0.2219301096291167,0.5490838312489581,0.6731863214162797,10.625415518160235,32.99230858601287,2.384483107763934,0.3125829330265722,0.3872577996339972,19.214586230589756,Low
35.15089884517983,32.294284110807595,39.62735402819065,0.3898806742944695,0.418994095252432,0.8961082859866377,54.047487235514275,8.587039829410369,0.15089884517983165,5.637557389686818,0.40557914591689703,29.294590084278088,High
35.26201509027074,27.952904856160824,34.151074925032134,0.7762708111068273,0.2898987477509663,0.29438451947619515,13.189935890203266,47.185085667554375,0.26201509027073655,0.27373482287040457,0.639542175099183,11.387974131031815,Low
35.76331150612544,31.237960854917652,34.8161556505947,0.4556477173909746,0.6705621019482962,0.507487086588204,58.38456802777308,51.27921323267933,0.7633115061254401,1.1167836013124492,0.5161726929913005,23.76749282487728,Medium
37.88853508653485,59.00689976517225,40.85987495009022,0.20033630465225843,0.3787796774151913,0.5033250156806642,88.26552221906641,19.317446846212796,2.8885350865348514,4.3443215521697915,0.245570163796846,33.80923374814089,High
35.08500551334609,62.63087534844901,37.1549048895409,0.11157733550469925,0.42356266297837686,0.3947984705301519,92.31562609253467,69.63949153346567,0.08500551334608986,1.3068557557326113,0.20169957410379794,32.723214698627835,High
42.023024502294085,31.282139469518,41.48407727607292,0.6069249161103402,0.15434134759032447,0.1937876097660572,55.94697740805855,88.71897421752679,7.023024502294085,0.6235802169607194,0.4545103765352429,22.99615557071118,Medium
33.42157079112199,68.42557471114173,35.33250431377453,0.35623901154911025,0.4379555525990935,0.8808380787062662,48.94740844643836,85.39085094571918,-1.5784292088780134,0.5665809273853876,0.3961826642627558,27.6359371003949,High
36.252513423354564,47.75408422474841,39.45428909085053,0.7074647572682874,0.40012535463806065,0.7753196086665982,90.32645301112198,21.754013300010435,1.2525134233545643,3.9696932501608657,0.5541900077412687,33.13855295602851,Medium
35.2410757669033,57.20189517978324,36.19568118050782,0.5776086149126162,0.12938687856291745,0.4735830740501016,67.25683571971908,79.40587539156466,0.24107576690330035,0.8364666809755914,0.4181243967967258,26.726533083327034,Medium
42.78791153741493,79.18330942383136,47.6861458875268,0.6869931604330948,0.0417109681472006,0.5627586092814254,15.516438760764803,64.88195909499319,7.787911537414928,0.23551878198388307,0.5091927479432522,19.75253586228179,Medium
37.786219106046296,68.45258973798298,36.20012638974424,0.267556831534759,0.4230515238003397,0.24317189552571294,49.586674101737295,43.576957923587486,2.786219106046296,1.1123835365064012,0.33786288195922004,22.06022634602268,Medium
41.12737815787454,50.97204028141252,43.16811333866319,0.6038871379688465,0.5345845885452243,0.5122190098329849,30.42082656946583,50.95193451760197,6.1273781578745385,0.5855571472349864,0.5922868327754094,19.679408814569094,Medium
31.057758507852114,41.63211661877069,33.807551012183616,0.26124958775497503,0.36638095964540573,0.6407246131532545,49.93336732313793,77.21601487350894,-3.942241492147886,0.6384033679533565,0.3167306732234688,25.07466990040216,Medium
38.068201063477034,22.722768980060422,40.40521691588491,0.8012547835602333,0.15874083772375197,0.48789197412860047,48.71457362054075,45.81146986926172,3.0682010634770336,1.0406546463205308,0.5796605478327247,22.362319707612105,Medium
40.55852318249375,44.212700211363696,41.25198959252528,0.5590994252266995,0.4665653836851244,0.8917423949972001,59.48230823925307,36.72262637393578,5.558523182493751,1.5768336925859439,0.5159469620023039,30.712652091562557,High
37.3291359571017,51.83304641758458,37.89347373408497,0.30960944014027364,0.056074008626721565,0.5696404078105672,40.32549167968635,46.9260369072088,2.3291359571016983,0.8414109382288772,0.2622623749924943,25.64836017436929,Low
41.26192150026141,40.19230709273224,42.928139256892294,0.2656094898338181,0.3092835933613682,0.3653276557033437,23.962988203753884,54.22603334297917,6.261921500261408,0.4339074663380703,0.3281877837049474,20.262376721573588,Low
34.93084619959851,53.031145493615426,37.154477929576615,0.2027412680573148,0.11435673087889413,0.7063292234734624,52.816151940146284,21.071600571159653,-0.06915380040148733,2.392946164908388,0.2031356281579108,29.525798686482684,Medium
42.63738976074232,56.15277824438152,44.541099915165866,0.6057127671149822,0.12912133574191834,0.19489313484439574,80.56724516938978,81.5771570726942,7.637389760742323,0.9756601949672951,0.42159681582217506,28.284247203620758,High
46.195592494477,51.627160272878825,48.75567933066708,0.22497249039834183,0.14160576441074255,0.37683844165032654,66.4410393857462,62.30589065051718,11.195592494476998,1.0495238073900064,0.2110241841764817,31.771823270804,High
35.54864575824136,45.249961287648105,35.02034082264126,0.5262426127419912,0.27069493993078453,0.3449151078209479,38.761268603643344,58.827857973686555,0.5486457582413635,0.6478799328013932,0.45819278102078675,19.205424288656136,Low
35.21798991439691,57.529820079500915,35.87633344571146,0.2617080215402859,0.03580514393427833,0.41703603084161067,89.51945693450287,13.457179225354242,0.2179899143969095,6.192041721216843,0.17824689916995215,33.30130236123609,High
42.813537908470806,61.629109743541136,42.40351401028518,0.5795751558350949,0.2784554086503687,0.7145128520394174,87.53764355618048,56.354784744670305,7.813537908470806,1.5262483146938308,0.44374407253998704,35.684586917678544,High
43.31828858292285,38.64401383835731,43.739119418793635,0.7019517828324313,0.35819521298029056,0.4615470773388963,27.794613947648397,15.28165629027185,8.318288582922847,1.7071121912980958,0.6008350196458976,19.43404782414419,Medium
34.90855989138693,76.16398569619405,37.431391229108385,0.6724201945157225,0.33830599947642764,0.7249122827260683,13.350494735230853,11.68930239160892,-0.09144010861307095,1.0521062800157683,0.5915934218171309,17.214816986857397,Low
35.31925273161657,53.521178015736076,36.48122861270441,0.6586810647446254,0.2679488702821284,0.540015567668886,73.01124020981479,49.82142612960343,0.3192527316165723,1.4366232073776026,0.502582059721599,27.434328756894505,Medium
35.87286156455797,55.28274434417271,40.783150309282625,0.20017792455380162,0.5874026256495267,0.340759019458922,80.34687221467803,39.23677039395207,0.8728615645579723,1.9968519199730514,0.31598067021246096,28.446016171366274,High
31.62219795586289,65.62321634884836,32.912307506647466,0.12070795758761496,0.10172868469435287,0.7384819321309516,92.2684881058652,55.048872963278974,-3.377802044137109,1.6462148697676027,0.11067489185500963,37.33853795198307,High
33.32539221406321,58.49824196895253,34.41493003493281,0.6091590627899085,0.35398772064696177,0.2525462199701278,85.63609349750641,12.583884284865281,-1.674607785936793,6.304241975391335,0.4860556603705272,25.609302149890876,Medium
32.98343693299173,69.29704950869868,34.14271131215205,0.34467777103548103,0.043428991869588006,0.24072553282982617,61.04545529754526,41.63356034201696,-2.0165630670082706,1.431863883940809,0.2587899048846197,23.960134904314938,Medium
33.928809739583485,59.30686247802736,33.972096700293584,0.3958769811226778,0.04980897521453682,0.47882748544661036,55.05444883305237,19.856870778838427,-1.0711902604165147,2.6396312954535404,0.29741443240491533,25.653194509054558,Medium
36.861260450452875,45.81343938039343,37.77450553188648,0.07491927423471285,0.4017060947739674,0.2717218590677756,12.366489357319836,88.90350730354992,1.8612604504528747,0.13755291343157125,0.2530969036156981,16.200837236839483,Low
37.93685893014608,60.42255287809152,40.628540970813546,0.25766115942003937,0.39621289742147464,0.05772397970853388,30.965797981806116,52.69776805698982,2.93685893014608,0.5766682508841317,0.34249476689665986,16.279086785511353,Low
43.20200197125631,37.844106890190076,44.37295797344797,0.07694112309957121,0.6146234589911198,0.6010528982039813,49.06725389729875,63.43213317997372,8.202001971256308,0.7615339035919029,0.2814844576597799,28.797136978746845,High
33.006583837044836,56.62839558664785,32.81639424221963,0.7533486180809981,0.3905115729620512,0.4844297482515383,63.42283150710327,32.660553858021665,-1.9934161629551639,1.8841885898436854,0.6057398112301109,22.68956999711283,Low
40.937289593906335,54.50155014033309,40.549662663188386,0.24471734657482436,0.6718537142833951,0.428690142319187,57.366405832064906,13.052807756244253,5.9372895939063355,4.082202420123096,0.3910201163978483,25.965310632541875,High
36.14404462309796,51.8782471409119,36.4687417855992,0.4958697356584064,0.034086393879950834,0.8719232374255681,73.12405912294369,87.94902333660062,1.1440446230979617,0.8220895112724044,0.3346237004360854,34.284812923654826,High
36.80214516139027,53.07193732841604,37.912940313006594,0.08118345652890432,0.06860537934651874,0.5355193063684767,33.78018912539847,29.33201800757057,1.8021451613902713,1.1136809003926897,0.13551149859589973,25.378877140472873,Medium
39.699277968666415,26.772264317535413,42.48965777188081,0.5834779130445265,0.030846103099266973,0.7839168411209768,58.020971650460226,41.023695739753805,4.699277968666415,1.3806727521009827,0.4013196071060357,30.767587269807215,High
32.50911191375081,46.76912638388558,31.498378951701152,0.3084218766032751,0.12969379523347802,0.16853270077438615,17.49209068821733,60.23843334471888,-2.4908880862491927,0.2856390951373975,0.30646917384379113,14.021633016444122,Low
38.5296389847362,56.39267351711672,39.04989956790307,0.7683353495661326,0.3788890776591746,0.5338254936600135,45.16156950457259,7.099270303319459,3.529638984736202,5.576004727989294,0.6295063635328593,21.533545706280485,Medium
37.66580883285222,57.397845879961004,38.88227386200484,0.7604945511472286,0.4519005269991996,0.7877826827212675,73.76367080114109,73.8720260939694,2.665808832852221,0.98519667022985,0.6181032179869559,29.81983901714213,High
38.9698050560326,39.58487288611063,37.219246404588446,0.3102324946893982,0.03190961056406816,0.5456398936879133,68.93907254146873,50.60914615243272,3.969805056032598,1.335791767177282,0.2267733074413906,31.761453186013245,High
38.15667457563127,73.98561761297051,37.90627715118166,0.7707687165523743,0.6621796228919195,0.6603120514079514,94.20463265963521,28.648460900849884,3.1566745756312713,3.177386946819044,0.6669104841393652,31.357999787394974,Medium
46.82120055964358,42.007377276782485,46.8013677500393,0.846926138799023,0.5895157636552667,0.36623703264037627,33.62074570895926,10.236678749859886,11.821200559643579,2.992053653698918,0.7513896666670344,18.3900073864028,Low
34.44904006299473,69.54185800790106,34.255084502218985,0.7103325312991584,0.2076287375099652,0.12858208948150662,52.34609042978823,18.812365315327522,-0.5509599370052669,2.6420919257576734,0.5361420496026964,17.76802055423112,Low
34.87601217999273,61.40791542807527,36.1638464975252,0.7258970782041831,0.05403127115852757,0.43921525085801066,38.01008517078972,81.07787800254214,-0.12398782000727238,0.46309780535033407,0.5137375430992784,19.58442749055652,Medium
34.50743789430094,45.30659035234295,35.266598480048245,0.24920698888727194,0.11892095125334008,0.38530748221302885,47.451264695029856,63.312059034550735,-0.4925621056990579,0.7378284167443206,0.23774921401333535,23.920542556752917,Medium
34.77809152335898,81.62966338914268,34.94516236945743,0.511361919086205,0.08886108962848087,0.7870011550221052,82.840761038898,26.241646339135638,-0.2219084766410191,3.0409601537146482,0.35063471730136925,34.29847883744262,High
34.45045149077393,37.095447523652794,36.092395430602885,0.10380473117389427,0.08629864550926279,0.2573960069996014,68.15777139102136,10.57606502032751,-0.5495485092260708,5.887818638832511,0.12001466096609403,27.696633676119642,Medium
41.756066124430205,68.78731260415002,45.34067820089958,0.12593434945733578,0.3629931820660137,0.8717240934048419,85.00750126454444,63.702301552864085,6.756066124430205,1.3138249988694806,0.19945106302966115,39.753201032759904,High
42.68201699195942,70.00873477064468,46.14090176707205,0.8491140896266325,0.1720932097453802,0.8644174018338218,27.29844420821035,53.65465670726004,7.682016991959422,0.49947151538112516,0.6337979724913831,23.974790590823993,Medium
34.717014825002096,44.94069686385033,32.83285716690859,0.31131139954072873,0.2506978015704011,0.2604868966107229,84.23569501652223,39.384159578949976,-0.2829851749979042,2.0858597998515642,0.27776048517903534,28.665855895281737,Medium
33.670577707583085,75.88697950096493,35.5361859833358,0.6485471296390771,0.6926537333690257,0.3458441621557224,15.079793305162676,35.90697318115542,-1.3294222924169148,0.4085892720366017,0.6818446044889913,10.796340746494938,Low
38.885662225545616,51.24930228101571,39.61862729044986,0.6953320424214532,0.4790199742477413,0.8112223797428023,85.53093883715796,23.429213453974207,3.885662225545616,3.5011744851426467,0.5753742788900363,33.246359103757975,High
34.791107822876114,59.33040443919786,36.02384083717415,0.7364186168057834,0.6642864669329009,0.8716288877616915,37.97127125416188,61.916956805689,-0.20889217712388586,0.6035141110119376,0.7031658389091784,21.82193112515228,Low
39.53172727102204,58.90482758156831,39.93430272070822,0.8481026379217252,0.09978958852318091,0.4269232374106374,36.73994884019565,87.50678236247899,4.531727271022042,0.41510885222024474,0.6020585104697939,19.66091705350097,Low
37.8116920834052,52.98536887794178,38.988075028236004,0.24319718820549424,0.26749763238279844,0.3228474887947631,53.527529019386435,19.935795896130198,2.811692083405198,2.5567467931458263,0.27264007361874965,24.813724569548445,Low
30.937023540011072,67.16212409739673,32.1641346341191,0.08228066148775977,0.388312262297648,0.4971799112638107,89.9586659564747,55.754912701317785,-4.062976459988928,1.5850375178955383,0.17590340962547557,32.47577404845001,High
43.190020805320245,66.9023308082832,43.32159316929686,0.37895321439566876,0.053730643322116606,0.6346038254108746,14.061415997919458,41.055729738407976,8.190020805320245,0.3343519678622453,0.32942970563611673,22.75053597450381,Low
44.183510692382086,28.772020401427287,43.83895937064432,0.15406453586315755,0.0029312105395705055,0.28245333806873285,39.93963288101335,42.96854134829652,9.183510692382086,0.9083683846737559,0.1533784517987523,25.81268197272403,Medium
34.548845238062455,74.56510364317229,34.87580171413323,0.0679407113296441,0.46930403365784223,0.6760021984262119,82.80861903808353,26.602518810864225,-0.4511547619375449,3.000038496685688,0.1987470178570556,34.24777161800467,High
35.449193760256065,30.062620179464886,36.800582656941216,0.33834146171318885,0.4492736617610047,0.09390875354744488,43.664630582014674,75.13646443122062,0.4491937602560654,0.5735048364566493,0.39412234497420007,17.530074080181677,Low
38.14346156289962,70.48819306512486,40.041956075426015,0.6769906008601891,0.2875521669997282,0.09190031884975397,26.928336295750697,46.246726352515495,3.143461562899617,0.5699513675261648,0.5655316743202812,13.369442450336868,Low
38.3378271599481,71.90057705241375,40.61785062595832,0.5029445529800567,0.3427508532224228,0.3783445493737134,46.10750541317,51.18949743685245,3.337827159948098,0.8834632958280264,0.4584844823415908,21.88320904232471,Medium
39.634177090691324,38.63550354677203,39.89289205609096,0.3002223913682832,0.2908101004144627,0.35045221325161247,42.77196262679189,30.90467758777269,4.634177090691324,1.3406172969189958,0.32460450231851684,23.101288735411064,Low
45.040818155065395,48.83778568068123,46.4665850060195,0.5734736043941757,0.016803531391422197,0.31828823306207943,87.8103771246698,20.453719581690727,10.040818155065395,4.0930141176828805,0.3613148449292623,32.91989500256941,High
36.292211090023805,38.41442997271096,38.735964977953756,0.23561454424704859,0.23476012435222368,0.46736679826857347,74.76442193816325,12.302382997239741,1.2922110900238053,5.620378089675883,0.23703234191573302,30.556333543884165,High
33.80681102184619,51.77618454566897,36.55520336456238,0.061505156857668025,0.12395757877810287,0.32262354496483553,52.93482223824054,65.70012697861785,-1.1931889781538132,0.7936240099694253,0.12115554550979114,25.371066047031693,Medium
31.482723087941892,50.379485737213884,32.39447380674461,0.6614827091491419,0.06889693237095812,0.21341923069787816,94.01149817133354,21.679913943467728,-3.517276912058108,4.145143513580692,0.423547207029439,27.183388118296502,Medium
34.076279840232324,66.6949079840401,34.744882252822904,0.5489944678912072,0.6697043037225449,0.31304911672531077,49.54859015845348,63.656405106047806,-0.9237201597676759,0.7663369170801428,0.5807593816930343,18.283549907041614,Low
36.86749210850481,74.65463119179412,38.1541784592594,0.659842099600768,0.41955180752951593,0.8786686318886997,14.950215619723394,38.18199791399108,1.8674921085048126,0.38155827715934265,0.6068205863995921,19.830448475876768,Low
44.17823145407115,75.93525716184934,43.453670244725046,0.08115041335013248,0.5100593989656218,0.3994464044456213,32.29331735427371,40.34085808412038,9.178231454071152,0.7811477277168091,0.26941475034549234,23.755199440395806,Medium
34.92955480385531,46.567479601325466,35.63914053730205,0.7196957022645217,0.22075462028628223,0.4280058603295854,47.06599081864157,44.8800871678856,-0.07044519614468925,1.0258478944561829,0.5509778166259561,20.48712473078217,Low
37.895151806555596,51.86167189383208,40.012031404265294,0.5456209600290426,0.2752029906458106,0.540063241458469,23.33672305242021,36.25522319084117,2.895151806555596,0.626401375530004,0.4865967501587485,19.213266107562493,Low
36.93430841570899,29.748427116685747,38.897229109874544,0.5007162805701121,0.16584679572770641,0.8858396531520926,90.54303573754366,13.552698063920158,1.9343084157089905,6.221735333190407,0.3596407713228355,37.52400467449365,High
41.75357309379233,42.911949002557165,42.3481716872465,0.5496912384916253,0.06787596967579732,0.25536108497039856,75.18215631451072,31.318703850241892,6.753573093792333,2.326273871096103,0.3749953776832036,28.380131270793267,High
47.107729703494485,69.47277449646187,48.434307005125234,0.7415465974946912,0.12532214620910864,0.6290897939525688,32.804412036360674,61.41742065898477,12.107729703494485,0.5255650055709021,0.5497201903231866,24.724000015646592,Medium
34.876524908318714,79.23374235322348,34.63954939788268,0.5195492052471257,0.55825983170754,0.6585869895104656,60.218385349022846,61.59167412485403,-0.12347509168128568,0.9620829957176558,0.5189890873115146,25.7948799587058,Medium
35.04224222992711,36.48476692180117,37.09748045226465,0.5147603039105434,0.47428206362864306,0.566225754274106,71.32317835431363,29.32906611539952,0.04224222992711191,2.3516443956083246,0.47981762308060527,27.37512978229125,High
41.176643508276285,46.11303611270659,42.05991135407157,0.8425433256526126,0.3828502131898338,0.12529158869114748,90.00870895707783,44.108723257403476,6.176643508276285,1.9953725678171381,0.6303723503914398,25.746385869607845,Low
39.727565958505245,54.603913645616096,40.313638780961035,0.6553841336548544,0.3325629110067376,0.62534143445344,84.9390046799099,21.443014381014684,4.727565958505245,3.78465224135679,0.508060348815024,32.13102139468172,High
44.386829302944136,59.2024173822941,44.84424354880406,0.40383504436090817,0.6457039985592871,0.10448050438074916,53.79133922174817,22.88162693003604,9.386829302944136,2.25241518843486,0.4822208869625828,21.342381579636196,Medium
39.33571274130386,42.85594720117531,40.24137194095407,0.6159176000263422,0.05091446344506788,0.5567212521174124,75.8454726824065,6.95900251456163,4.335712741303858,9.529519879361912,0.4089794263669192,31.0216553299824,High
35.56283163685176,61.36091566696135,35.89101516945382,0.36138437735343076,0.19642056926654117,0.6786440006384813,57.782304075344726,81.22345674215829,0.5628316368517616,0.7027472009178872,0.3179744931166761,28.794016219464645,Medium
39.362619322769234,47.89240979393626,41.349833876773076,0.23310036998679917,0.24495649749949983,0.22932440702695783,56.979830653870906,22.91006653136703,4.362619322769234,2.3830895902828404,0.25636734058805855,25.06640271918189,High
41.43481432233163,54.78321593682581,41.84188900030736,0.5274815015102076,0.5476980685489514,0.765378706411358,19.75306645874631,24.340379539599382,6.434814322331633,0.7795094950286051,0.5610452550120636,21.325430530635995,Low
40.28192872478946,63.194263720055496,43.67137486883053,0.7925456784911612,0.69476023411338,0.07580073470305362,20.721700931372926,28.766121774836204,5.281928724789459,0.6961505125901458,0.7632337763973377,9.772630664488457,Low
39.02909612442919,55.09633404716407,42.22691187965126,0.7933116160123702,0.16846936033000715,0.7672409341095602,55.010357276908884,15.829686094111466,4.029096124429188,3.2686502273002254,0.5715174204295154,27.460582853558684,Medium
41.26669875835662,48.45421164210147,40.92938352357486,0.3235242224843922,0.6120151338959564,0.4412796930463503,32.85323132321556,59.33734507041584,6.266698758356618,0.5444924910911254,0.4448658423362067,21.043479655034584,Medium
41.67718236178269,53.35585294111254,42.78173876592661,0.47214197297735594,0.5814359323022539,0.2349497489418978,11.788136709139835,11.387151020094858,6.677182361782691,0.9516422856245732,0.5459278267679499,13.433268571384192,Low
42.52863596415011,53.67455561191997,42.55265103214582,0.21930871885588893,0.1572601783492366,0.1637114232448728,71.44133233151804,16.40720623773977,7.528635964150112,4.104123967729488,0.2073219524867863,28.788565561151707,High
39.59483955035857,49.449834551768085,40.104868205575656,0.8465048875991067,0.2795328061394558,0.8603110924450167,12.761360718664022,59.80432176015789,4.5948395503585715,0.20987588298412566,0.6790014136826367,19.417903954230432,Low
36.331527678732584,51.11805905999346,40.33516888019978,0.8348943262943486,0.28677100850476334,0.11176574944398321,60.59853149384464,33.87115274092263,1.3315276787325843,1.7377840057099674,0.6263693668341934,18.537250364643693,Low
37.58685474573329,78.97970755757075,38.12549762005959,0.5696071437659579,0.6847544679685907,0.21922940694553683,55.831472500821725,65.17556526960107,2.586854745733291,0.843687126409314,0.5913591541493303,19.36623532990257,Low
41.82603586603343,63.41379171911858,43.36637492164957,0.6935312477419787,0.12662433096522882,0.34564899531808907,92.34924869911337,52.381103296962074,6.826035866033429,1.7299988759199922,0.46175679923564245,31.594968721519503,High
33.732257316051054,50.56779522956259,35.544239257063474,0.62208012902696,0.5594105797733474,0.5771996216169524,51.15811684454954,26.761799710228612,-1.2677426839489456,1.842752176678976,0.5899131345036307,21.790254833170742,Low
38.47469323549161,65.45431606766104,37.973749176766745,0.5245265752315745,0.23393489992117691,0.5130809224846836,15.406122092112776,60.32037579159289,3.474693235491607,0.2512398512441109,0.469490293023185,17.857254768060464,Low
35.426644750690556,49.99270765365985,35.14400153907675,0.09267839759111815,0.5116092420433123,0.15679696855046688,56.893477263549244,14.883262824894855,0.4266447506905564,3.58197669400625,0.25219633390411533,22.48484903018243,High
37.11497929173927,72.59686956379961,36.30594573462709,0.4138114740421288,0.294007703006964,0.2962687861774824,81.49317450236862,50.594882561802585,2.1149792917392674,1.5794817326069608,0.35499602082499787,28.418612909450214,High
42.11380745042919,60.544632882971406,41.784851349582524,0.5898290417339285,0.404851834181578,0.2529390054231205,94.7321891639224,42.15758892882795,7.113807450429192,2.1950296926954644,0.4806207861309081,30.400031024311346,High
37.764396272079615,53.39046783993657,34.48935110810384,0.5920252911069477,0.5828282413282917,0.23151142631679017,46.57916976357116,27.769254539482468,2.7643962720796154,1.6190607128748034,0.5834844772990849,18.072934586958404,Low
37.18574619262459,61.715753887154165,39.002619793815036,0.3484980947379068,0.5629158954887189,0.39947268600798896,37.22539311222312,56.34042480785751,2.185746192624592,0.6491998138653835,0.4407482323771367,20.0251831769852,Medium
31.560575436080324,31.43685771897251,35.64186619796443,0.8033535893264244,0.6064962284777901,0.6484267347029083,87.06553024091991,79.06335534892402,-3.439424563919676,1.0874579245583667,0.6768954918982717,27.50700857226132,Medium
39.985014264108884,38.09848796635292,41.206745372663676,0.1838856257894248,0.04173212774126131,0.23483499238465055,26.255580971470316,89.90689947986152,4.985014264108884,0.28881835286095836,0.19659543282456293,20.59350575941331,Medium
39.5819367245643,37.091124904014166,38.45753343555339,0.45028755697244843,0.48443538712782136,0.3616770477475342,62.311457777798765,56.659835343191084,4.581936724564301,1.0806735296228518,0.4531916925440167,25.03759889306896,High
45.65301889322184,57.1441464214556,45.68885431887192,0.6027071812406583,0.097991163705234,0.3822798128149879,44.48572605538055,39.399999317979464,10.65301889322184,1.1011318516429478,0.4465359318005846,24.643939806059997,Medium
35.768887060188,80.98772499227638,36.0805717926505,0.6077086447134474,0.2910729976128877,0.8799880500200987,13.4920010212222,24.142603518377136,0.7688870601879998,0.5366190900381768,0.5384550850907126,20.20418147714618,Low
37.87660131065576,88.46950219288948,37.35022414483569,0.5689111654150525,0.3840118905382819,0.8614664033472086,39.51952031598431,26.8531675985845,2.876601310655758,1.4188519196643434,0.5170307460945317,25.742151370462178,High
37.99753473484302,64.57076652161136,40.28780869243576,0.2702305707614881,0.2819176393227815,0.7301169453392645,32.54442441272734,45.75367314273008,2.997534734843022,0.6960827294440673,0.31416920984099994,25.498166379156263,High
43.3098131190539,62.51266712416685,45.5252031856169,0.17496525494929757,0.3637281730621052,0.2554100826963074,68.31774808519638,36.21860460886029,8.3098131190539,1.8355805867298047,0.2457798568030137,28.883729964981725,Medium
36.61881787045219,27.984133987708915,35.8856401797257,0.5587522614613687,0.6975684161590333,0.10783171697791924,90.64719230381304,82.67423442312025,1.6188178704521903,1.0833345883445105,0.5538746894207182,24.61543713588944,Medium
38.11608610308136,46.859893003989676,40.20370766975262,0.5294416929115502,0.0946521195989983,0.319368517062531,32.78401092718421,36.305114750735314,3.116086103081358,0.8788074007073793,0.4132766406994454,19.445465489965336,Low
39.43158603886616,43.183243721376414,42.721805034232055,0.19348480823139275,0.47281923173549784,0.2767753670187562,78.97460482789295,36.74279024736202,4.431586038866158,2.092442140877827,0.27896204963159205,29.24043594650326,High
37.746436492625435,45.68728602623326,41.60027380046977,0.6141113164564507,0.27720067646993063,0.48003693012443477,14.70558443976481,37.60043355688804,2.7464364926254348,0.3809694110842617,0.5369214083750848,16.160993031154266,Low
35.214265541797886,52.47784272122816,40.51208357642683,0.4141375933869251,0.09310685923513014,0.7110687235576242,55.740285853384115,76.11271788125094,0.21426554179788582,0.7228416710615865,0.32067432794930995,28.789842908198793,Medium
37.77635997159323,47.91864133454309,37.423370997428435,0.5842084732825223,0.11111573436201666,0.7795744980470294,15.99675541534104,60.31700727198666,2.77635997159323,0.26088610855359423,0.46786304886277735,21.228616077284705,Low
41.294526999439086,25.310502844363185,46.53085763903189,0.7198936638161205,0.6644911743719318,0.7681344725989323,89.39280424610435,57.204352277105876,6.294526999439086,1.535843983290338,0.6418907463551475,33.211667856030644,High
32.89393880235576,66.218653841763,33.36262921959258,0.1857827428615385,0.6157210476982333,0.3557242270396076,75.13985884737816,33.402156902628285,-2.1060611976442374,2.1841612739588885,0.32104610117901494,26.51542737834254,Medium
37.531878696587505,38.9088546139029,37.64318051351673,0.06531589439746935,0.6349293722905153,0.6341491919415805,65.92574245239035,74.52185503075735,2.531878696587505,0.8729359524543081,0.26374260587324583,30.583654864119854,High
34.199516740243304,58.588702961667245,35.69012530256007,0.6732820691166295,0.6940729430791706,0.31590906789558704,80.03119243809647,8.260928215234596,-0.800483259756696,8.641811120665201,0.6321599319556324,23.404952461628717,Low
41.78018651569937,86.1112400462496,41.90709451455985,0.5377579401220928,0.14582077300596255,0.10176971174990532,65.03918262346386,79.01775964873961,6.78018651569937,0.812809342688068,0.4013618133515806,24.140734786115857,Medium
30.9072523808649,41.20923112620365,32.50581859183469,0.6097116556976974,0.24880753615484322,0.646330475762501,92.36027375981475,48.583741482484015,-4.0927476191351,1.8627128772128259,0.44810898050525666,31.55184893378998,Medium
34.76431261091365,20.0,33.784196829307696,0.720523979990914,0.46845332094740666,0.058353419684319674,70.68642556850557,38.85126996339009,-0.23568738908635112,1.773755908743752,0.6021639587102648,19.288015818905997,Low
38.508847500258085,50.70993667179834,39.150718597162935,0.6922487478596004,0.33866177790245305,0.39780519933971525,88.59598181449097,47.25921886100328,3.508847500258085,1.8358353886677292,0.5283518002720052,29.284683481275692,High
43.262096116937364,71.51439452497857,46.19046946847988,0.8187361175430597,0.2928726733648334,0.32997237890676434,53.95621082090423,61.73032009537564,8.262096116937364,0.8601296906961229,0.6251472617143816,22.45274629304636,Low
36.736998955708046,84.37521181330891,37.651407018561315,0.47874806308169454,0.25046787453491515,0.6393709077410246,19.950475103458324,6.085061254021276,1.7369989557080459,2.815850758119418,0.442438725106033,19.997231156165004,Low
34.77920189322721,36.55675608321375,35.99159557333704,0.44079650612792426,0.41564644236041653,0.7013086518463221,54.89510632095645,79.08190779895105,-0.22079810677279,0.6854869948749585,0.4342767300639231,26.533894067138327,Medium
44.52462827776236,62.45048834854782,46.23751618483833,0.371509759912584,0.40291540004805737,0.30848044057559126,20.78419038536293,42.97285965146839,9.52462827776236,0.4726595120285492,0.4229962855766047,18.795563281899636,Low
31.207944398335023,48.0203431482992,33.96393684231151,0.17295283427536362,0.11302048384496804,0.7398829622781256,60.36194572999443,34.15215417450665,-3.792055601664977,1.7171620672331553,0.17731589998871417,30.38145803760265,Medium
28.204776173519672,53.410774685437964,26.721939105235524,0.508085786305618,0.3302178862629073,0.2998292464291937,51.01191014485135,16.750873078894855,-6.795223826480328,2.8737690770547317,0.45290492751739164,18.36018644146041,Medium
38.76005780021333,90.0,40.63684387796948,0.271610019460783,0.3874302433468949,0.42937740598857704,62.918908815786445,42.35455682046758,3.760057800213332,1.4512640292077115,0.3162761758647518,27.542793205398823,Medium
34.99178310258956,32.4554450740727,35.58957439372691,0.7870460097703803,0.3992008571119733,0.6679657479620139,10.853993389660685,47.1874355591722,-0.008216897410441959,0.22524530022628875,0.6811338696061595,14.868645254525937,Low
32.91506873147715,58.8060949224186,34.165025574444904,0.5165526434216781,0.14707503503864625,0.6389821948410703,26.56144179070595,39.30996903194561,-2.084931268522851,0.6589298485854959,0.42749265477389475,20.21031984881575,Medium
39.83342578919741,62.0153975764815,42.42335104384098,0.5242721444064881,0.5195899745766007,0.8892632014653701,51.76308671253113,62.68610797528625,4.833425789197413,0.8127845829834363,0.5186771923043418,28.880115431110784,High
37.975202855084795,71.2867948740902,37.18392287796703,0.333939728701608,0.017639366374748743,0.24138687058354208,90.79280273507646,40.77620494453421,2.9752028550847953,2.173313800418708,0.21486284439831294,31.874472631453447,High
34.743685477053084,56.46974730206343,34.22471881488845,0.09159148158216598,0.24838229888021385,0.6129702265086451,42.60676843018847,86.72049411695873,-0.2563145229469157,0.4857105384447604,0.18686281018317524,26.41492382809702,High
31.87878240531642,59.62075809256154,29.975637465745713,0.07539501229839089,0.5461488539749434,0.5682296220344109,46.07162221455895,55.938589015005306,-3.1212175946835785,0.8091458360939972,0.2630100413569586,24.17856169809003,Medium
40.48982931312058,49.125271488673135,40.66609090047491,0.38866811532255796,0.3947250447387816,0.8278336863165254,70.74916756556289,73.63562453041226,5.48982931312058,0.9479275883426723,0.38086921504960636,33.780558763048255,High
39.60080471183464,59.03690411867661,42.596453228402865,0.11765230247779028,0.18281370275760217,0.1829078203981438,61.322384369320034,14.295251764305702,4.600804711834641,4.009243215755831,0.1641131079446348,26.614645495611494,Medium
36.60329654488247,49.85211586753884,37.422415762172264,0.5354775644321113,0.48646718354013335,0.689028439048893,35.40872275835832,38.769759900401986,1.6032965448824683,0.8903428848208967,0.5318179709629485,22.057336179550187,Low
44.38654798419066,64.32357834784077,43.376360640708484,0.754778404511726,0.3971736609092513,0.5330283238284531,44.91939362323136,33.63205462300798,9.386547984190663,1.29704674216438,0.6270997473565796,23.535318228584472,Medium
32.71966093469539,49.45584495934549,32.991142817832824,0.7563318532149778,0.557370526619471,0.2834659893197196,28.50448290286476,53.4060029916103,-2.2803390653046094,0.5239216508380574,0.6925057870119631,12.236761242003144,Low
30.897899316301043,60.65650590853279,29.66610676106511,0.577236328105786,0.5145176303328763,0.45326967702509796,92.11182402606772,78.19464920522118,-4.102100683698957,1.1631066612514893,0.5085852619372667,28.000639916274856,High
34.232367720475025,54.56105779472532,33.544588567878286,0.21898546517834477,0.42707554542536424,0.3337101075093281,21.103922432375576,11.658748509770566,-0.7676322795249746,1.6671412988485126,0.33841002030224054,16.595720816543565,Low
36.817655934578006,71.89075376158252,38.400884299973576,0.7403974650870976,0.3417243727175698,0.5424163923701918,41.60612668814565,11.168857833800416,1.8176559345780063,3.4190658857546845,0.6051496641793838,20.726006967617753,Low
37.97335779729077,54.229094146172706,37.212547807831726,0.7588747482505666,0.09322748796726638,0.805650519192466,12.196312638700952,77.27700519339591,2.9733577972907668,0.15580964816638046,0.5710967827018189,19.642871194982202,Low
36.03505576857468,28.40451297689678,38.70400722637963,0.20732286796236693,0.18293311251976863,0.5339092367503717,28.851256814351444,23.09225731326038,1.0350557685746793,1.1975323208287216,0.2504223977189993,22.58679926893448,Medium
38.40822158605719,73.92882251070988,39.30154114981168,0.6399408686165418,0.2933696310419597,0.5869640555775965,76.34004676231316,61.84402662823417,3.408221586057188,1.2147542234032405,0.49563536372019973,29.781532932468743,High
31.993842303238225,41.414015487060716,33.122234359155016,0.27921563914169834,0.41950950090447203,0.490935670047503,27.099894744554753,51.14464125066844,-3.0061576967617754,0.5197062266529134,0.3662823390118059,18.562854832553022,Low
42.775058416293035,45.1935049202677,43.357498964881195,0.6921122498823438,0.35959549865071333,0.09349068047865453,16.805389214962076,75.7959555654145,7.775058416293035,0.2188316961646152,0.6063406103096582,12.512162427307013,Low
36.67139528642973,46.065080589347616,38.83066704424532,0.8477903199228821,0.20172916817167064,0.24792977334468008,50.32852028678448,15.6325573360943,1.6713952864297283,3.025903910613108,0.618864422118446,18.632741334135833,Low
41.46918332635251,75.61657139756227,43.643923158018026,0.07402080426351425,0.004525050452797386,0.4682014700172703,10.847384952434073,16.03155208642196,6.469183326352507,0.6368993793044803,0.1349226127415137,21.958428245685727,Low
38.37090138551082,22.964886790319568,39.87348291337908,0.7678926926327455,0.34736745533056973,0.313699991182999,17.20512312623832,52.32956062365614,3.3709013855108196,0.3226188801301768,0.6477407290525798,13.296057528565498,Low
38.827012876615136,90.0,40.67419653547661,0.5481044268789265,0.19993819199357016,0.20449905809701507,78.64819891285289,85.44218553546153,3.827012876615136,0.9098358449138091,0.41019591481257406,26.764858354038765,High
39.27906912092882,70.84085213599077,39.96093461604818,0.8287060953318569,0.5142258104973745,0.47851291563067255,75.57523431306655,40.27480946151411,4.279069120928817,1.8310256376479508,0.6759161660352598,26.057707732846005,Medium
38.79083424006926,58.348583711937394,40.60413875043283,0.42200761402114206,0.01676238568933844,0.3243883244306728,87.78679973441616,32.79007852164907,3.790834240069259,2.5980052007920538,0.2704464843850706,31.94013695268562,High
39.570891039470176,54.1765899907557,40.06407437625946,0.727910344457099,0.4093794679140536,0.26939149669740253,82.6338120524137,56.568592471820295,4.570891039470176,1.4353974711621234,0.5769262349960618,26.237743060016324,High
42.316610120529724,59.28331112286485,43.31995755377333,0.09991525487862178,0.6590319662542458,0.44438760482432366,68.06992287538453,84.08813104632765,7.316610120529724,0.7999931604834842,0.2895888199280623,29.935118934705464,Medium
37.78608467880588,62.81683642569008,38.374119054756434,0.3182232400626365,0.12208648697804965,0.16329161936984718,14.44829287055634,76.13886579179301,2.786084678805878,0.1873023763345705,0.31311159726044047,15.158826718456394,Low
39.83601503035405,64.67823378925085,40.150187221375255,0.10361323020096797,0.33015464352541674,0.8385838731140962,76.54213252886589,89.61610691232369,4.836015030354048,0.8446857312345676,0.18467219864933987,37.30545773618895,High
36.641057222851096,63.334066990051724,36.60738952626841,0.8302745067832564,0.06399539427199671,0.7875467832313532,81.86841892144764,6.918329572202053,1.6410572228510958,10.339102227931185,0.5354949034301052,32.495352830444915,High
42.76046886179789,56.34371021882873,44.46200401758622,0.7035791258174694,0.4379773385829468,0.6514774978794551,77.92198239061614,14.59294230058479,7.760468861797889,4.997259714588554,0.5756186946747496,31.227299166699922,High
34.29443079176292,52.03992369539011,37.260339660983114,0.7320379369967763,0.3853721764173579,0.14028175345018778,53.22071800118221,56.80475988616287,-0.7055692082370797,0.920697847478163,0.6016136971220909,16.9835708859182,Low
44.20376173164326,52.730900745197324,46.9604146891476,0.8003721851471154,0.2851558669489826,0.7094956662992391,29.79665628520594,74.74899734337723,9.203761731643262,0.39336040515671694,0.635973414887758,22.870772968508536,Low
36.83936819742263,52.07637579470978,35.95452019350448,0.11808278889582828,0.36496391503161885,0.7367637288926662,81.85304793354177,29.245769096075158,1.8393681974226297,2.706264392667186,0.19848579991344084,35.76349457508779,High
31.27689959152781,72.00655145300597,34.21070416863812,0.35847807401066667,0.6276022609283071,0.702599925057187,71.80883882791177,25.332942482908596,-3.7231004084721917,2.726958404839084,0.4315586838569804,28.264584826110394,Medium
37.512417659643155,63.90335083421293,38.03517990721626,0.10682791123520169,0.1374060116177469,0.146871004051355,93.36469982305239,71.89294294740208,2.5124176596431553,1.2808468974894083,0.11195385040339267,32.149934303774764,Medium
34.27579337010047,20.0,36.17689289281886,0.21863448124002288,0.015795158193743063,0.5973217635076,23.2338708092543,9.792457577524683,-0.7242066298995269,2.1527877818708214,0.21268536539288235,22.39108948496214,Low
40.3625741959549,64.83851164794642,40.00325119788408,0.2334926216301379,0.6031654192893706,0.7591760763869888,29.18148955942468,36.39752504451973,5.362574195954899,0.7803053684618352,0.3918637092054692,24.685878076633625,Medium
34.38950408279044,57.92104292078162,35.60247395360145,0.4252857688380629,0.4039819576715345,0.5407503910367175,28.00284273992773,47.99378392034803,-0.6104959172095619,0.5715590938118504,0.4483632058643704,19.186721810278023,Low
35.21526626714088,54.71936865331154,36.685851041486245,0.26484973396291406,0.6234609188232897,0.5994462689438756,77.36588024781362,52.629637319777494,0.21526626714088337,1.4425956264910764,0.36858223577692173,30.187920006022175,High
29.441837076217876,49.17222320366671,28.214929888338396,0.13078248545420887,0.4178616563892208,0.43960895751236023,25.887120198260043,66.93228832738603,-5.558162923782124,0.38107240070439347,0.2779408679910315,17.907002062380098,Low
35.19077472300369,71.86169079979021,37.10317547251998,0.18399287127528613,0.5671127629717917,0.4994012219014447,15.666085534981018,35.161886491605955,0.1907747230036918,0.433220914473516,0.36486346612172815,17.47699318439195,Low
27.304482693484175,69.21289693184286,30.32338520524165,0.16782045084167274,0.3007713543486035,0.07922032959896644,94.87766855977843,57.07816929734161,-7.695517306515825,1.6336201658498424,0.19604600824980625,26.759846621606666,High
30.664388706057107,43.40683498264586,31.402416787534666,0.8284614383298387,0.5249019519017881,0.593118568677292,12.109462972837678,54.75691093723129,-4.335611293942893,0.21718317548958166,0.7424379855956019,11.730440203170941,Low
40.04165862457719,61.105784306868024,43.08191082081921,0.6574340055347789,0.6391290268228992,0.11923013095748532,80.99574511350357,51.547368555568504,5.041658624577188,1.5413853698087867,0.6052033662542335,23.577706002645957,Medium
40.14320063460333,40.42514898188071,40.85866039442472,0.8242091722156496,0.40048607460554436,0.41976240518918984,41.05618153180549,59.44107991708804,5.143200634603332,0.6792761080398565,0.6736151441792475,19.32438742869204,Low
38.70183024713986,34.305727528166045,40.976207043709785,0.40179238920632676,0.12654960539366567,0.29875683301729666,81.5373140794143,27.053179540786484,3.70183024713986,2.9065266545229678,0.29750300106248145,29.941372869082244,High
33.13209542748315,45.59924163115052,30.8042404785565,0.27269478533012526,0.1881583305211387,0.5136137576799561,57.14274175294732,12.195144054693463,-1.8679045725168493,4.330588701123112,0.2629216286014694,26.45895117862639,High
36.80915457543208,67.93590208574138,41.43732124440228,0.6886345577673494,0.13905120382818403,0.16340388519472604,86.63865450634061,15.138092123378192,1.809154575432082,5.368580984912888,0.46825744130252417,26.393468365207383,Medium
36.985589843637726,69.2968756806413,40.22877721150216,0.3110031344329174,0.17279991931701302,0.6378968916773204,88.72640384524327,24.08950252558159,1.985589843637726,3.536395500659156,0.24971545260961106,35.46742525545641,High
32.36654124322983,62.69628130145939,32.939602986849316,0.2895066989642786,0.21449081454572544,0.7257598063891998,10.77334540886596,47.516824519436746,-2.6334587567701675,0.2220538033059018,0.32727791833341885,19.31120178180791,Low
43.0135932070686,65.87643680271995,41.05545966710287,0.23600479376626493,0.3885936507272319,0.18885128228168302,16.410034959387,76.43763379641172,8.013593207068602,0.21191291823985722,0.3417709365185415,16.9844014359893,Low
40.50944916230269,62.742674306724375,41.94149171476092,0.1537431825793883,0.4115941406246829,0.13866612424909985,31.280492013522714,64.60993407751265,5.509449162302687,0.4767645700812232,0.28444365972151514,18.956687590155404,Medium
36.116143304681344,45.37777607165572,34.95025498407071,0.2551704488134128,0.2985498230693028,0.17368816036925527,66.89181039089763,72.06845135717401,1.1161433046813443,0.9154677449494084,0.27577540581794086,24.783586757986583,High
37.10754335597812,61.47883817010911,38.774823662314354,0.3342557987791101,0.43079454587458477,0.7955584276137265,85.503136703478,34.832928033717764,2.107543355978123,2.3861610366594097,0.3442887063263635,35.37185664024328,High
37.83353123179021,67.00614287841523,39.450879810536634,0.5891953665165843,0.05710244792795614,0.4989608724929027,49.09506585998683,39.39556804012676,2.833531231790211,1.2153577296206965,0.42155288842835065,24.593282520771062,Low
28.833060526302837,66.31436994720362,28.4209557727998,0.10005187377556127,0.06145176594071197,0.4471718466063772,61.59271488331256,38.46296030920209,-6.1669394736971626,1.560772795571299,0.1168739391642378,26.94211436042795,High
36.01129046991761,72.83370057211964,38.69274100533918,0.21840555173227433,0.1202806222503609,0.14070504623700114,26.022487487622698,21.30922067438263,1.0112904699176113,1.166445384508835,0.24110503022685015,17.327817490714356,Low
34.27206300800881,65.62455770801596,36.48042506221807,0.6972189122333411,0.3626542486282413,0.6021226057434176,78.42218087994326,10.203415942203621,-0.7279369919911929,6.99984551894788,0.5487054410485338,28.16377771569319,High
32.993519960420336,60.27172311312374,35.45725496635318,0.1675375388670166,0.14979627508881949,0.7877996531108264,92.22288946504493,55.22786789031428,-2.006480039579664,1.6401633731683982,0.15323851638181085,37.834292626094715,High
35.875598828456184,71.05225357474642,36.888885383959526,0.3241161172180172,0.19829908244480413,0.753957988924935,32.83090929774079,89.08341809074982,0.8755988284561838,0.3644500840839211,0.32112848576651076,25.124750019710362,Medium
44.19074610739809,54.6021811112641,43.067460007027535,0.7417271374865121,0.28021898532109585,0.5821465026336812,52.06020588604644,19.180524920772342,9.190746107398091,2.5797250611880522,0.5770417722021896,26.191585139965312,Medium
39.56337144506804,41.771880231584234,42.03017985338475,0.17394024891475413,0.5683062868072658,0.11398690915392258,17.319869393041774,8.968209691438268,4.563371445068043,1.7375105389203311,0.35753616599799043,14.589906947909219,Low
34.71528404086881,52.553995540843545,35.30972694216512,0.11618946849455192,0.009703495139002082,0.14553747309961101,57.526615799352314,71.2601929550343,-0.28471595913119074,0.7961038221299752,0.11509811383907947,24.554952498515537,Low
39.290331125424636,43.82646032790326,38.20566091063563,0.4376303960640086,0.45456517416563563,0.09191263904335098,52.73659255696785,26.469810568201556,4.290331125424636,1.9198018284849245,0.446211197331128,19.892788552025834,Low
